ProviderID,Year,CostToChargeRatio
360247,2013,0.06
111323,2013,0.09
390164,2013,0.09
390321,2013,0.09
30101,2013,0.1
310092,2013,0.11
310016,2013,0.11
450795,2013,0.11
100256,2013,0.11
100264,2013,0.11
100071,2013,0.11
390026,2013,0.12
452051,2013,0.12
100246,2013,0.12
100226,2013,0.12
100209,2013,0.12
50464,2013,0.12
100137,2013,0.12
100223,2013,0.12
452056,2013,0.12
100122,2013,0.12
100259,2013,0.12
50125,2013,0.12
100236,2013,0.12
393307,2013,0.12
50243,2013,0.12
450675,2013,0.12
100260,2013,0.13
390290,2013,0.13
50336,2013,0.13
450083,2013,0.13
102016,2013,0.13
100179,2013,0.13
450662,2013,0.13
100243,2013,0.13
450119,2013,0.13
452060,2013,0.13
290021,2013,0.13
100204,2013,0.13
290046,2013,0.13
490112,2013,0.13
450040,2013,0.13
100238,2013,0.13
310025,2013,0.13
100242,2013,0.13
100248,2013,0.13
40078,2013,0.14
100212,2013,0.14
450688,2013,0.14
390180,2013,0.14
450107,2013,0.14
452102,2013,0.14
100110,2013,0.14
50225,2013,0.14
100080,2013,0.14
190176,2013,0.14
100189,2013,0.14
50091,2013,0.14
100191,2013,0.14
10040,2013,0.14
450029,2013,0.14
50534,2013,0.14
290003,2013,0.14
500148,2013,0.14
450647,2013,0.14
50737,2013,0.14
100228,2013,0.14
100180,2013,0.14
50742,2013,0.14
370014,2013,0.14
420036,2013,0.14
50739,2013,0.14
290054,2013,0.14
50022,2013,0.14
10139,2013,0.14
450711,2013,0.14
190026,2013,0.14
110177,2013,0.14
450651,2013,0.15
310040,2013,0.15
100131,2013,0.15
440189,2013,0.15
670083,2013,0.15
390076,2013,0.15
100053,2013,0.15
390027,2013,0.15
450775,2013,0.15
420085,2013,0.15
290041,2013,0.15
310064,2013,0.15
310029,2013,0.15
100167,2013,0.15
10046,2013,0.15
450672,2013,0.15
312023,2013,0.15
50633,2013,0.15
670047,2013,0.15
100077,2013,0.15
452059,2013,0.15
450634,2013,0.15
50298,2013,0.15
140125,2013,0.15
290039,2013,0.15
352004,2013,0.15
100213,2013,0.15
450194,2013,0.15
310044,2013,0.15
450788,2013,0.15
450222,2013,0.15
100269,2013,0.15
50468,2013,0.15
290022,2013,0.15
452080,2013,0.15
50278,2013,0.15
450668,2013,0.15
100029,2013,0.15
100234,2013,0.15
450087,2013,0.15
50231,2013,0.15
180078,2013,0.16
312022,2013,0.16
450028,2013,0.16
50641,2013,0.16
192011,2013,0.16
50367,2013,0.16
250122,2013,0.16
100032,2013,0.16
100249,2013,0.16
452031,2013,0.16
100099,2013,0.16
50118,2013,0.16
390162,2013,0.16
390223,2013,0.16
50132,2013,0.16
310061,2013,0.16
50663,2013,0.16
50481,2013,0.16
450299,2013,0.16
450742,2013,0.16
100224,2013,0.16
100258,2013,0.16
50194,2013,0.16
100187,2013,0.16
50599,2013,0.16
420079,2013,0.16
100183,2013,0.16
450403,2013,0.16
310028,2013,0.16
190015,2013,0.16
50764,2013,0.17
420091,2013,0.17
100254,2013,0.17
50030,2013,0.17
310048,2013,0.17
452075,2013,0.17
372022,2013,0.17
110115,2013,0.17
194074,2013,0.17
450002,2013,0.17
232019,2013,0.17
390111,2013,0.17
30085,2013,0.17
100107,2013,0.17
310070,2013,0.17
100166,2013,0.17
100252,2013,0.17
50735,2013,0.17
390220,2013,0.17
310027,2013,0.17
490118,2013,0.17
50625,2013,0.17
450617,2013,0.17
330225,2013,0.17
430095,2013,0.17
100211,2013,0.17
50235,2013,0.17
100267,2013,0.17
452107,2013,0.17
50078,2013,0.17
490067,2013,0.17
310039,2013,0.17
50122,2013,0.17
50709,2013,0.17
32007,2013,0.17
454109,2013,0.17
50581,2013,0.17
50394,2013,0.17
310110,2013,0.17
50738,2013,0.17
440183,2013,0.17
50226,2013,0.17
440182,2013,0.17
60034,2013,0.17
50573,2013,0.17
452023,2013,0.17
190086,2013,0.18
140084,2013,0.18
50551,2013,0.18
50179,2013,0.18
450147,2013,0.18
50380,2013,0.18
440152,2013,0.18
50570,2013,0.18
292004,2013,0.18
10131,2013,0.18
310112,2013,0.18
310074,2013,0.18
50169,2013,0.18
100231,2013,0.18
450713,2013,0.18
450210,2013,0.18
100009,2013,0.18
450097,2013,0.18
60112,2013,0.18
320006,2013,0.18
312024,2013,0.18
250072,2013,0.18
450596,2013,0.18
310003,2013,0.18
250094,2013,0.18
440228,2013,0.18
100070,2013,0.18
50761,2013,0.18
10104,2013,0.18
100128,2013,0.18
52045,2013,0.18
310057,2013,0.18
100239,2013,0.18
100046,2013,0.18
100217,2013,0.18
110198,2013,0.18
100288,2013,0.18
450678,2013,0.18
140184,2013,0.18
250019,2013,0.18
50393,2013,0.18
312017,2013,0.18
490020,2013,0.18
390127,2013,0.18
450379,2013,0.18
370094,2013,0.18
394023,2013,0.18
170123,2013,0.18
450475,2013,0.18
100161,2013,0.18
310038,2013,0.18
50549,2013,0.19
670056,2013,0.19
50736,2013,0.19
390063,2013,0.19
362028,2013,0.19
450674,2013,0.19
190177,2013,0.19
310006,2013,0.19
100286,2013,0.19
440131,2013,0.19
52031,2013,0.19
50506,2013,0.19
170176,2013,0.19
110125,2013,0.19
394039,2013,0.19
452063,2013,0.19
310045,2013,0.19
450058,2013,0.19
140174,2013,0.19
440006,2013,0.19
452101,2013,0.19
50353,2013,0.19
100287,2013,0.19
452074,2013,0.19
312018,2013,0.19
60065,2013,0.19
392050,2013,0.19
390080,2013,0.19
290047,2013,0.19
450644,2013,0.19
50103,2013,0.19
450558,2013,0.19
190205,2013,0.19
310086,2013,0.19
310060,2013,0.19
10083,2013,0.19
260095,2013,0.19
50116,2013,0.19
670041,2013,0.19
390081,2013,0.19
310118,2013,0.19
450716,2013,0.19
50135,2013,0.19
330059,2013,0.19
450484,2013,0.19
260119,2013,0.19
110030,2013,0.19
250031,2013,0.19
310073,2013,0.19
10103,2013,0.19
310083,2013,0.19
110031,2013,0.19
310002,2013,0.19
390006,2013,0.2
100054,2013,0.2
100291,2013,0.2
330141,2013,0.2
452046,2013,0.2
454094,2013,0.2
390263,2013,0.2
390222,2013,0.2
450656,2013,0.2
50426,2013,0.2
453310,2013,0.2
310021,2013,0.2
310091,2013,0.2
50771,2013,0.2
390049,2013,0.2
452091,2013,0.2
50441,2013,0.2
50174,2013,0.2
452039,2013,0.2
372019,2013,0.2
370028,2013,0.2
100076,2013,0.2
100275,2013,0.2
450033,2013,0.2
110079,2013,0.2
310041,2013,0.2
112014,2013,0.2
52032,2013,0.2
102009,2013,0.2
52035,2013,0.2
50026,2013,0.2
50740,2013,0.2
450389,2013,0.2
50757,2013,0.2
50129,2013,0.2
100092,2013,0.2
182001,2013,0.2
50077,2013,0.2
310052,2013,0.2
100109,2013,0.2
400010,2013,0.2
40022,2013,0.2
450124,2013,0.2
362021,2013,0.2
450702,2013,0.2
140114,2013,0.2
250007,2013,0.2
50102,2013,0.2
50222,2013,0.2
250123,2013,0.2
53305,2013,0.2
452112,2013,0.2
450102,2013,0.2
190201,2013,0.2
50281,2013,0.2
452032,2013,0.2
670021,2013,0.2
190164,2013,0.2
390123,2013,0.21
450809,2013,0.21
504002,2013,0.21
670024,2013,0.21
362020,2013,0.21
50289,2013,0.21
30088,2013,0.21
50084,2013,0.21
310084,2013,0.21
450669,2013,0.21
100047,2013,0.21
52052,2013,0.21
310009,2013,0.21
100025,2013,0.21
50755,2013,0.21
110192,2013,0.21
440185,2013,0.21
50167,2013,0.21
450638,2013,0.21
30105,2013,0.21
390156,2013,0.21
50696,2013,0.21
450018,2013,0.21
453072,2013,0.21
50195,2013,0.21
192031,2013,0.21
454104,2013,0.21
50324,2013,0.21
50496,2013,0.21
100035,2013,0.21
450388,2013,0.21
310034,2013,0.21
420027,2013,0.21
370093,2013,0.21
50017,2013,0.21
180132,2013,0.21
100121,2013,0.21
290005,2013,0.21
60100,2013,0.21
390114,2013,0.21
440150,2013,0.21
190160,2013,0.21
50624,2013,0.21
52050,2013,0.21
100030,2013,0.21
52049,2013,0.21
30014,2013,0.21
450092,2013,0.21
390107,2013,0.21
450659,2013,0.21
342013,2013,0.21
50239,2013,0.21
430027,2013,0.21
260027,2013,0.21
232027,2013,0.21
290045,2013,0.22
50526,2013,0.22
390133,2013,0.22
250096,2013,0.22
50351,2013,0.22
102010,2013,0.22
102010,2013,0.22
352005,2013,0.22
450046,2013,0.22
50348,2013,0.22
50516,2013,0.22
30022,2013,0.22
390072,2013,0.22
450518,2013,0.22
390197,2013,0.22
50454,2013,0.22
362035,2013,0.22
110168,2013,0.22
310075,2013,0.22
450011,2013,0.22
452092,2013,0.22
450822,2013,0.22
330182,2013,0.22
50438,2013,0.22
252012,2013,0.22
440067,2013,0.22
452095,2013,0.22
190046,2013,0.22
40055,2013,0.22
362029,2013,0.22
50254,2013,0.22
50158,2013,0.22
310113,2013,0.22
150017,2013,0.22
452079,2013,0.22
370106,2013,0.22
100002,2013,0.22
52038,2013,0.22
310119,2013,0.22
370222,2013,0.22
60015,2013,0.22
392024,2013,0.22
50191,2013,0.22
100069,2013,0.22
112004,2013,0.22
140049,2013,0.22
450056,2013,0.22
100007,2013,0.22
50204,2013,0.22
102015,2013,0.22
140033,2013,0.22
450697,2013,0.22
102012,2013,0.22
362036,2013,0.22
454012,2013,0.22
30037,2013,0.22
372018,2013,0.22
112016,2013,0.22
52054,2013,0.22
50471,2013,0.22
50485,2013,0.22
50180,2013,0.22
50060,2013,0.22
50557,2013,0.22
180117,2013,0.23
102013,2013,0.23
222046,2013,0.23
440161,2013,0.23
30115,2013,0.23
182004,2013,0.23
50238,2013,0.23
420083,2013,0.23
420010,2013,0.23
100320,2013,0.23
140088,2013,0.23
330158,2013,0.23
310014,2013,0.23
60024,2013,0.23
252009,2013,0.23
50575,2013,0.23
422009,2013,0.23
100176,2013,0.23
10054,2013,0.23
450209,2013,0.23
50248,2013,0.23
112010,2013,0.23
440072,2013,0.23
30121,2013,0.23
30036,2013,0.23
390142,2013,0.23
260105,2013,0.23
50590,2013,0.23
50152,2013,0.23
390070,2013,0.23
312020,2013,0.23
100156,2013,0.23
50586,2013,0.23
452029,2013,0.23
450643,2013,0.23
342012,2013,0.23
180115,2013,0.23
454064,2013,0.23
392027,2013,0.23
420018,2013,0.23
50727,2013,0.23
360141,2013,0.23
10118,2013,0.23
102019,2013,0.23
380002,2013,0.23
50063,2013,0.23
60032,2013,0.23
440035,2013,0.23
264016,2013,0.23
100034,2013,0.23
52046,2013,0.23
360263,2013,0.23
452073,2013,0.23
10006,2013,0.23
140251,2013,0.23
390097,2013,0.23
194089,2013,0.23
50335,2013,0.23
50230,2013,0.23
100008,2013,0.23
34013,2013,0.23
100073,2013,0.23
100299,2013,0.23
100290,2013,0.23
260074,2013,0.23
10150,2013,0.23
100281,2013,0.23
50580,2013,0.23
50588,2013,0.23
60014,2013,0.23
10055,2013,0.24
290032,2013,0.24
100302,2013,0.24
310001,2013,0.24
50058,2013,0.24
40088,2013,0.24
193044,2013,0.24
440144,2013,0.24
450661,2013,0.24
450431,2013,0.24
110075,2013,0.24
24001,2013,0.24
30114,2013,0.24
450885,2013,0.24
252006,2013,0.24
50242,2013,0.24
134002,2013,0.24
290012,2013,0.24
310047,2013,0.24
440194,2013,0.24
100001,2013,0.24
450884,2013,0.24
140240,2013,0.24
330195,2013,0.24
30038,2013,0.24
390231,2013,0.24
50444,2013,0.24
50390,2013,0.24
50327,2013,0.24
260022,2013,0.24
100044,2013,0.24
60020,2013,0.24
192033,2013,0.24
390137,2013,0.24
452034,2013,0.24
50455,2013,0.24
392046,2013,0.24
392043,2013,0.24
100230,2013,0.24
264024,2013,0.24
193300,2013,0.24
110164,2013,0.24
30092,2013,0.24
390009,2013,0.24
52037,2013,0.24
50108,2013,0.24
450747,2013,0.24
450211,2013,0.24
390102,2013,0.24
392033,2013,0.24
534004,2013,0.24
320085,2013,0.24
360112,2013,0.24
462004,2013,0.24
50196,2013,0.24
30064,2013,0.24
452044,2013,0.24
50232,2013,0.24
42011,2013,0.24
100124,2013,0.24
50616,2013,0.24
50024,2013,0.24
30002,2013,0.24
180139,2013,0.24
50013,2013,0.24
512003,2013,0.24
452028,2013,0.24
452090,2013,0.24
310115,2013,0.24
330104,2013,0.24
152024,2013,0.24
100038,2013,0.24
390204,2013,0.24
422007,2013,0.24
170104,2013,0.24
362023,2013,0.24
102025,2013,0.24
440176,2013,0.24
100157,2013,0.25
310022,2013,0.25
310022,2013,0.25
442016,2013,0.25
450035,2013,0.25
100006,2013,0.25
50457,2013,0.25
390153,2013,0.25
310017,2013,0.25
10016,2013,0.25
152018,2013,0.25
192009,2013,0.25
442006,2013,0.25
10039,2013,0.25
42006,2013,0.25
40041,2013,0.25
360020,2013,0.25
390195,2013,0.25
440156,2013,0.25
140202,2013,0.25
260137,2013,0.25
360132,2013,0.25
424008,2013,0.25
100173,2013,0.25
140012,2013,0.25
50089,2013,0.25
50100,2013,0.25
392042,2013,0.25
10049,2013,0.25
60124,2013,0.25
390139,2013,0.25
180141,2013,0.25
30117,2013,0.25
40007,2013,0.25
342014,2013,0.25
450867,2013,0.25
150168,2013,0.25
50159,2013,0.25
450229,2013,0.25
60064,2013,0.25
50300,2013,0.25
360079,2013,0.25
452087,2013,0.25
50045,2013,0.25
50589,2013,0.25
360133,2013,0.25
390115,2013,0.25
330246,2013,0.25
52039,2013,0.25
452041,2013,0.25
30024,2013,0.25
100093,2013,0.25
103301,2013,0.25
53304,2013,0.25
50136,2013,0.25
452097,2013,0.25
250040,2013,0.25
50678,2013,0.25
100049,2013,0.25
390226,2013,0.25
102027,2013,0.25
390002,2013,0.25
100023,2013,0.25
140054,2013,0.25
392048,2013,0.25
340028,2013,0.25
280133,2013,0.25
340113,2013,0.25
100268,2013,0.25
50043,2013,0.25
450580,2013,0.25
100067,2013,0.25
50523,2013,0.25
490097,2013,0.25
392044,2013,0.25
150047,2013,0.25
330397,2013,0.25
362037,2013,0.25
142011,2013,0.25
232035,2013,0.25
140067,2013,0.25
30119,2013,0.25
34026,2013,0.25
390119,2013,0.25
50101,2013,0.26
372016,2013,0.26
450424,2013,0.26
140091,2013,0.26
390237,2013,0.26
310058,2013,0.26
50689,2013,0.26
250084,2013,0.26
440061,2013,0.26
390035,2013,0.26
194083,2013,0.26
190204,2013,0.26
420051,2013,0.26
100307,2013,0.26
450804,2013,0.26
100118,2013,0.26
360019,2013,0.26
140179,2013,0.26
500012,2013,0.26
254007,2013,0.26
194020,2013,0.26
193067,2013,0.26
10114,2013,0.26
450749,2013,0.26
54074,2013,0.26
370215,2013,0.26
10038,2013,0.26
450130,2013,0.26
50234,2013,0.26
420089,2013,0.26
452093,2013,0.26
390028,2013,0.26
450068,2013,0.26
490048,2013,0.26
450162,2013,0.26
330234,2013,0.26
100055,2013,0.26
260214,2013,0.26
310050,2013,0.26
384012,2013,0.26
40004,2013,0.26
310076,2013,0.26
450015,2013,0.26
330004,2013,0.26
50502,2013,0.26
100127,2013,0.26
50603,2013,0.26
100154,2013,0.26
170196,2013,0.26
50424,2013,0.26
192019,2013,0.26
290053,2013,0.26
54055,2013,0.26
100051,2013,0.26
140080,2013,0.26
450200,2013,0.26
100062,2013,0.26
12013,2013,0.26
452088,2013,0.26
452088,2013,0.26
390090,2013,0.26
100150,2013,0.26
390001,2013,0.26
140276,2013,0.26
50295,2013,0.26
450163,2013,0.26
190054,2013,0.26
140200,2013,0.26
320009,2013,0.26
100063,2013,0.26
444004,2013,0.26
42009,2013,0.26
360085,2013,0.26
192006,2013,0.26
50503,2013,0.26
670019,2013,0.26
10169,2013,0.26
362024,2013,0.27
450447,2013,0.27
260176,2013,0.27
194031,2013,0.27
190003,2013,0.27
450587,2013,0.27
262010,2013,0.27
450340,2013,0.27
500129,2013,0.27
50292,2013,0.27
50360,2013,0.27
102017,2013,0.27
30061,2013,0.27
50128,2013,0.27
454098,2013,0.27
500024,2013,0.27
390258,2013,0.27
50039,2013,0.27
152012,2013,0.27
100102,2013,0.27
100220,2013,0.27
102021,2013,0.27
442007,2013,0.27
60113,2013,0.27
452083,2013,0.27
450670,2013,0.27
520107,2013,0.27
362039,2013,0.27
450677,2013,0.27
104071,2013,0.27
30055,2013,0.27
100265,2013,0.27
330106,2013,0.27
290001,2013,0.27
450833,2013,0.27
260015,2013,0.27
372004,2013,0.27
100126,2013,0.27
110189,2013,0.27
360003,2013,0.27
354004,2013,0.27
50228,2013,0.27
100052,2013,0.27
192055,2013,0.27
142008,2013,0.27
142009,2013,0.27
140162,2013,0.27
104069,2013,0.27
342015,2013,0.27
222043,2013,0.27
50329,2013,0.27
360052,2013,0.27
330046,2013,0.27
50149,2013,0.27
30069,2013,0.27
50435,2013,0.27
140040,2013,0.27
144029,2013,0.27
360055,2013,0.27
330169,2013,0.27
90001,2013,0.27
110023,2013,0.27
452110,2013,0.27
454060,2013,0.27
424010,2013,0.27
53309,2013,0.27
50517,2013,0.27
250025,2013,0.27
100135,2013,0.27
450037,2013,0.27
100075,2013,0.27
450801,2013,0.27
50205,2013,0.27
392031,2013,0.27
492010,2013,0.27
420062,2013,0.27
330286,2013,0.27
60028,2013,0.27
522004,2013,0.27
392049,2013,0.27
252008,2013,0.28
30123,2013,0.28
450469,2013,0.28
50283,2013,0.28
450034,2013,0.28
320065,2013,0.28
330119,2013,0.28
50099,2013,0.28
390174,2013,0.28
104072,2013,0.28
360068,2013,0.28
420030,2013,0.28
452071,2013,0.28
180044,2013,0.28
450653,2013,0.28
112011,2013,0.28
360150,2013,0.28
110043,2013,0.28
450358,2013,0.28
10110,2013,0.28
82000,2013,0.28
450539,2013,0.28
394043,2013,0.28
450039,2013,0.28
30110,2013,0.28
190014,2013,0.28
670043,2013,0.28
420082,2013,0.28
50115,2013,0.28
374012,2013,0.28
454107,2013,0.28
150084,2013,0.28
10012,2013,0.28
360239,2013,0.28
492009,2013,0.28
100244,2013,0.28
192051,2013,0.28
30033,2013,0.28
62014,2013,0.28
50567,2013,0.28
100072,2013,0.28
190040,2013,0.28
12012,2013,0.28
62012,2013,0.28
40134,2013,0.28
170122,2013,0.28
30087,2013,0.28
490059,2013,0.28
152008,2013,0.28
230117,2013,0.28
50036,2013,0.28
440046,2013,0.28
232033,2013,0.28
390328,2013,0.28
310054,2013,0.28
452015,2013,0.28
260190,2013,0.28
90011,2013,0.28
524018,2013,0.28
190036,2013,0.28
30010,2013,0.28
440104,2013,0.28
150153,2013,0.28
50104,2013,0.28
50704,2013,0.28
490041,2013,0.28
50378,2013,0.28
292006,2013,0.28
442014,2013,0.28
12008,2013,0.28
292008,2013,0.28
460047,2013,0.28
360351,2013,0.28
230273,2013,0.28
101300,2013,0.28
450869,2013,0.28
30111,2013,0.28
370026,2013,0.28
50290,2013,0.28
54032,2013,0.29
330399,2013,0.29
440082,2013,0.29
670010,2013,0.29
452114,2013,0.29
50009,2013,0.29
670060,2013,0.29
360051,2013,0.29
100181,2013,0.29
100132,2013,0.29
50309,2013,0.29
10033,2013,0.29
44020,2013,0.29
140117,2013,0.29
420080,2013,0.29
392045,2013,0.29
324012,2013,0.29
224007,2013,0.29
362016,2013,0.29
160082,2013,0.29
330306,2013,0.29
192013,2013,0.29
450373,2013,0.29
420023,2013,0.29
190081,2013,0.29
394007,2013,0.29
32008,2013,0.29
140118,2013,0.29
170146,2013,0.29
100040,2013,0.29
392047,2013,0.29
370097,2013,0.29
260183,2013,0.29
232037,2013,0.29
100022,2013,0.29
363035,2013,0.29
110191,2013,0.29
12011,2013,0.29
194105,2013,0.29
50008,2013,0.29
100206,2013,0.29
440193,2013,0.29
232034,2013,0.29
453301,2013,0.29
30089,2013,0.29
452019,2013,0.29
360048,2013,0.29
30094,2013,0.29
363302,2013,0.29
50684,2013,0.29
330198,2013,0.29
194084,2013,0.29
194069,2013,0.29
140180,2013,0.29
53301,2013,0.29
340116,2013,0.29
340020,2013,0.29
450395,2013,0.29
450844,2013,0.29
430016,2013,0.29
52044,2013,0.29
404005,2013,0.29
374023,2013,0.29
10011,2013,0.29
110036,2013,0.29
50769,2013,0.29
330194,2013,0.29
362034,2013,0.29
150133,2013,0.29
393302,2013,0.29
390061,2013,0.29
490057,2013,0.29
50636,2013,0.29
100012,2013,0.29
150089,2013,0.29
173028,2013,0.29
63027,2013,0.29
30011,2013,0.29
440058,2013,0.29
520066,2013,0.29
102028,2013,0.29
150035,2013,0.29
102003,2013,0.29
292002,2013,0.29
10078,2013,0.29
100043,2013,0.29
140119,2013,0.29
670008,2013,0.3
50079,2013,0.3
194078,2013,0.3
490075,2013,0.3
260138,2013,0.3
104063,2013,0.3
60116,2013,0.3
474001,2013,0.3
440197,2013,0.3
250042,2013,0.3
392028,2013,0.3
390329,2013,0.3
100255,2013,0.3
100285,2013,0.3
102001,2013,0.3
50153,2013,0.3
450462,2013,0.3
100086,2013,0.3
452099,2013,0.3
70005,2013,0.3
454113,2013,0.3
50688,2013,0.3
490069,2013,0.3
330160,2013,0.3
50056,2013,0.3
192037,2013,0.3
50211,2013,0.3
172007,2013,0.3
100019,2013,0.3
50488,2013,0.3
670054,2013,0.3
50168,2013,0.3
60114,2013,0.3
250141,2013,0.3
360151,2013,0.3
40019,2013,0.3
54110,2013,0.3
360262,2013,0.3
50236,2013,0.3
370001,2013,0.3
440051,2013,0.3
490024,2013,0.3
370006,2013,0.3
52047,2013,0.3
490060,2013,0.3
140177,2013,0.3
320063,2013,0.3
52033,2013,0.3
490009,2013,0.3
362033,2013,0.3
232032,2013,0.3
450193,2013,0.3
440003,2013,0.3
114035,2013,0.3
50758,2013,0.3
312019,2013,0.3
40114,2013,0.3
450346,2013,0.3
100039,2013,0.3
330028,2013,0.3
450135,2013,0.3
110201,2013,0.3
390270,2013,0.3
500021,2013,0.3
452108,2013,0.3
450862,2013,0.3
20017,2013,0.3
270049,2013,0.3
140133,2013,0.3
12010,2013,0.3
140007,2013,0.3
100057,2013,0.3
100090,2013,0.3
180128,2013,0.3
140029,2013,0.3
40018,2013,0.3
50342,2013,0.3
104016,2013,0.3
180124,2013,0.3
490032,2013,0.3
100045,2013,0.3
520138,2013,0.3
342020,2013,0.3
344007,2013,0.3
442015,2013,0.3
110107,2013,0.3
170182,2013,0.3
100084,2013,0.3
330067,2013,0.3
330043,2013,0.3
110045,2013,0.3
100266,2013,0.3
310008,2013,0.3
30093,2013,0.3
392036,2013,0.3
140294,2013,0.3
382004,2013,0.3
330401,2013,0.3
52034,2013,0.3
520030,2013,0.3
50107,2013,0.31
390050,2013,0.31
450051,2013,0.31
330167,2013,0.31
370032,2013,0.31
30030,2013,0.31
232038,2013,0.31
232020,2013,0.31
392039,2013,0.31
140209,2013,0.31
422005,2013,0.31
190002,2013,0.31
330201,2013,0.31
252010,2013,0.31
40071,2013,0.31
194103,2013,0.31
50382,2013,0.31
430091,2013,0.31
100289,2013,0.31
150167,2013,0.31
150167,2013,0.31
50597,2013,0.31
344014,2013,0.31
110039,2013,0.31
454018,2013,0.31
50280,2013,0.31
252004,2013,0.31
10001,2013,0.31
500139,2013,0.31
370037,2013,0.31
450828,2013,0.31
50414,2013,0.31
62013,2013,0.31
360081,2013,0.31
360017,2013,0.31
30001,2013,0.31
390326,2013,0.31
112013,2013,0.31
100125,2013,0.31
194022,2013,0.31
452040,2013,0.31
262016,2013,0.31
450101,2013,0.31
50301,2013,0.31
500108,2013,0.31
330101,2013,0.31
454103,2013,0.31
50093,2013,0.31
420086,2013,0.31
114004,2013,0.31
140008,2013,0.31
232031,2013,0.31
150154,2013,0.31
250138,2013,0.31
392034,2013,0.31
100068,2013,0.31
342016,2013,0.31
50133,2013,0.31
242005,2013,0.31
30065,2013,0.31
370234,2013,0.31
450054,2013,0.31
150056,2013,0.31
492011,2013,0.31
420078,2013,0.31
501337,2013,0.31
364042,2013,0.31
340144,2013,0.31
510055,2013,0.31
450855,2013,0.31
114032,2013,0.31
100232,2013,0.31
70010,2013,0.31
270057,2013,0.31
420073,2013,0.31
50272,2013,0.31
104057,2013,0.31
100276,2013,0.31
392025,2013,0.31
360245,2013,0.31
150046,2013,0.31
10024,2013,0.31
100253,2013,0.31
220110,2013,0.31
330332,2013,0.31
140018,2013,0.31
30122,2013,0.31
372009,2013,0.31
100018,2013,0.31
112017,2013,0.31
50069,2013,0.31
424007,2013,0.31
450176,2013,0.31
452027,2013,0.31
490011,2013,0.31
140217,2013,0.31
360354,2013,0.31
60104,2013,0.31
140082,2013,0.31
393025,2013,0.31
440011,2013,0.31
54145,2013,0.31
440018,2013,0.31
100319,2013,0.32
262015,2013,0.32
190111,2013,0.32
101301,2013,0.32
44005,2013,0.32
440192,2013,0.32
330353,2013,0.32
420005,2013,0.32
130007,2013,0.32
340133,2013,0.32
290019,2013,0.32
104026,2013,0.32
450023,2013,0.32
110035,2013,0.32
194075,2013,0.32
450723,2013,0.32
670023,2013,0.32
100292,2013,0.32
260006,2013,0.32
110143,2013,0.32
142006,2013,0.32
454069,2013,0.32
190027,2013,0.32
102026,2013,0.32
440187,2013,0.32
322002,2013,0.32
340106,2013,0.32
420068,2013,0.32
40080,2013,0.32
192010,2013,0.32
50732,2013,0.32
261320,2013,0.32
10092,2013,0.32
262011,2013,0.32
362027,2013,0.32
442011,2013,0.32
154057,2013,0.32
60011,2013,0.32
230070,2013,0.32
54053,2013,0.32
394050,2013,0.32
50745,2013,0.32
152020,2013,0.32
450324,2013,0.32
100316,2013,0.32
442010,2013,0.32
10108,2013,0.32
390256,2013,0.32
140228,2013,0.32
450743,2013,0.32
50746,2013,0.32
370202,2013,0.32
50197,2013,0.32
114016,2013,0.32
500014,2013,0.32
141348,2013,0.32
323028,2013,0.32
184008,2013,0.32
454081,2013,0.32
50014,2013,0.32
390116,2013,0.32
104070,2013,0.32
140182,2013,0.32
32004,2013,0.32
260141,2013,0.32
450779,2013,0.32
50006,2013,0.32
130018,2013,0.32
50608,2013,0.32
452103,2013,0.32
330264,2013,0.32
330014,2013,0.32
100117,2013,0.32
190004,2013,0.32
50055,2013,0.32
190274,2013,0.32
222048,2013,0.32
450684,2013,0.32
360076,2013,0.32
420015,2013,0.32
230132,2013,0.32
490046,2013,0.32
10149,2013,0.32
50279,2013,0.32
110091,2013,0.33
50492,2013,0.33
114015,2013,0.33
10168,2013,0.33
260216,2013,0.33
394049,2013,0.33
60031,2013,0.33
110029,2013,0.33
150058,2013,0.33
50701,2013,0.33
190266,2013,0.33
454065,2013,0.33
442012,2013,0.33
390185,2013,0.33
362019,2013,0.33
230053,2013,0.33
104018,2013,0.33
240004,2013,0.33
100026,2013,0.33
520028,2013,0.33
450820,2013,0.33
33302,2013,0.33
64009,2013,0.33
220071,2013,0.33
360180,2013,0.33
192016,2013,0.33
330185,2013,0.33
232030,2013,0.33
330259,2013,0.33
450178,2013,0.33
50543,2013,0.33
500079,2013,0.33
64024,2013,0.33
170013,2013,0.33
131325,2013,0.33
40001,2013,0.33
234021,2013,0.33
440227,2013,0.33
364041,2013,0.33
222044,2013,0.33
222047,2013,0.33
422006,2013,0.33
110083,2013,0.33
140231,2013,0.33
154024,2013,0.33
60009,2013,0.33
360066,2013,0.33
40026,2013,0.33
10164,2013,0.33
364049,2013,0.33
112009,2013,0.33
450128,2013,0.33
143300,2013,0.33
440053,2013,0.33
12009,2013,0.33
360064,2013,0.33
144035,2013,0.33
12007,2013,0.33
232012,2013,0.33
260062,2013,0.33
420037,2013,0.33
170040,2013,0.33
40014,2013,0.33
260113,2013,0.33
50189,2013,0.33
50291,2013,0.33
390084,2013,0.33
50359,2013,0.33
320018,2013,0.33
50046,2013,0.33
340069,2013,0.33
452061,2013,0.33
440049,2013,0.33
360059,2013,0.33
143026,2013,0.33
200024,2013,0.33
452016,2013,0.33
340008,2013,0.33
140242,2013,0.33
450686,2013,0.33
53303,2013,0.33
32006,2013,0.33
154041,2013,0.33
450082,2013,0.33
100087,2013,0.33
140113,2013,0.33
110046,2013,0.33
673041,2013,0.33
490119,2013,0.33
50111,2013,0.33
500141,2013,0.33
160083,2013,0.33
500039,2013,0.33
32001,2013,0.33
500015,2013,0.33
30007,2013,0.33
70020,2013,0.33
500054,2013,0.33
110229,2013,0.34
490001,2013,0.34
20006,2013,0.34
440133,2013,0.34
322003,2013,0.34
44006,2013,0.34
454108,2013,0.34
370008,2013,0.34
40036,2013,0.34
451380,2013,0.34
50747,2013,0.34
180002,2013,0.34
30006,2013,0.34
294009,2013,0.34
262020,2013,0.34
494023,2013,0.34
110225,2013,0.34
190106,2013,0.34
110215,2013,0.34
52036,2013,0.34
360098,2013,0.34
430015,2013,0.34
440015,2013,0.34
390012,2013,0.34
192020,2013,0.34
62015,2013,0.34
51316,2013,0.34
364027,2013,0.34
232024,2013,0.34
422004,2013,0.34
500119,2013,0.34
153025,2013,0.34
260200,2013,0.34
192007,2013,0.34
360137,2013,0.34
440048,2013,0.34
370016,2013,0.34
450064,2013,0.34
452086,2013,0.34
442013,2013,0.34
230092,2013,0.34
372007,2013,0.34
502002,2013,0.34
420002,2013,0.34
32002,2013,0.34
520205,2013,0.34
42012,2013,0.34
362038,2013,0.34
360016,2013,0.34
370078,2013,0.34
370216,2013,0.34
194082,2013,0.34
330107,2013,0.34
180043,2013,0.34
390178,2013,0.34
440008,2013,0.34
330393,2013,0.34
190144,2013,0.34
460005,2013,0.34
310011,2013,0.34
330135,2013,0.34
450690,2013,0.34
182006,2013,0.34
393303,2013,0.34
500044,2013,0.34
330153,2013,0.34
110184,2013,0.34
140030,2013,0.34
40085,2013,0.34
232036,2013,0.34
100088,2013,0.34
330181,2013,0.34
140281,2013,0.34
293026,2013,0.34
84003,2013,0.34
194094,2013,0.34
290049,2013,0.34
42008,2013,0.34
153037,2013,0.34
390071,2013,0.34
240115,2013,0.34
440173,2013,0.34
240057,2013,0.34
140224,2013,0.34
160058,2013,0.34
452042,2013,0.34
390132,2013,0.34
114036,2013,0.34
184014,2013,0.34
420007,2013,0.34
393038,2013,0.34
254005,2013,0.34
100050,2013,0.34
192046,2013,0.34
440017,2013,0.34
320003,2013,0.34
500151,2013,0.34
104073,2013,0.34
440068,2013,0.35
404004,2013,0.35
370011,2013,0.35
370206,2013,0.35
50770,2013,0.35
440120,2013,0.35
294011,2013,0.35
341315,2013,0.35
140208,2013,0.35
364029,2013,0.35
32000,2013,0.35
450755,2013,0.35
230041,2013,0.35
264018,2013,0.35
390058,2013,0.35
262018,2013,0.35
60022,2013,0.35
234040,2013,0.35
250093,2013,0.35
340129,2013,0.35
454111,2013,0.35
450203,2013,0.35
52051,2013,0.35
152025,2013,0.35
140185,2013,0.35
62016,2013,0.35
490007,2013,0.35
420055,2013,0.35
262013,2013,0.35
314001,2013,0.35
440151,2013,0.35
50057,2013,0.35
190175,2013,0.35
32005,2013,0.35
362031,2013,0.35
192029,2013,0.35
262014,2013,0.35
51332,2013,0.35
184007,2013,0.35
252007,2013,0.35
290042,2013,0.35
222002,2013,0.35
360001,2013,0.35
330372,2013,0.35
190099,2013,0.35
140166,2013,0.35
180102,2013,0.35
512002,2013,0.35
60117,2013,0.35
500058,2013,0.35
250017,2013,0.35
63301,2013,0.35
260193,2013,0.35
142013,2013,0.35
50313,2013,0.35
20001,2013,0.35
130066,2013,0.35
490107,2013,0.35
154051,2013,0.35
170180,2013,0.35
424006,2013,0.35
490136,2013,0.35
420071,2013,0.35
232023,2013,0.35
50150,2013,0.35
54069,2013,0.35
250078,2013,0.35
152028,2013,0.35
390057,2013,0.35
130014,2013,0.35
424002,2013,0.35
240038,2013,0.35
330214,2013,0.35
521357,2013,0.35
330126,2013,0.35
490110,2013,0.35
190045,2013,0.35
420038,2013,0.35
292007,2013,0.35
160064,2013,0.35
184012,2013,0.35
50047,2013,0.35
260085,2013,0.35
34024,2013,0.35
360006,2013,0.35
360179,2013,0.35
460042,2013,0.35
154035,2013,0.36
330045,2013,0.36
300034,2013,0.36
50308,2013,0.36
180104,2013,0.36
152007,2013,0.36
160153,2013,0.36
50320,2013,0.36
190060,2013,0.36
450021,2013,0.36
510048,2013,0.36
260195,2013,0.36
320017,2013,0.36
460009,2013,0.36
230141,2013,0.36
140068,2013,0.36
363026,2013,0.36
180130,2013,0.36
140288,2013,0.36
70028,2013,0.36
453302,2013,0.36
362015,2013,0.36
400006,2013,0.36
10157,2013,0.36
260104,2013,0.36
330088,2013,0.36
503300,2013,0.36
120022,2013,0.36
360056,2013,0.36
50396,2013,0.36
270017,2013,0.36
330027,2013,0.36
372021,2013,0.36
410011,2013,0.36
222045,2013,0.36
252013,2013,0.36
182003,2013,0.36
400118,2013,0.36
280023,2013,0.36
362026,2013,0.36
340184,2013,0.36
40147,2013,0.36
360212,2013,0.36
464013,2013,0.36
100314,2013,0.36
340153,2013,0.36
310130,2013,0.36
340047,2013,0.36
180127,2013,0.36
50038,2013,0.36
194088,2013,0.36
80003,2013,0.36
230020,2013,0.36
194100,2013,0.36
140053,2013,0.36
294010,2013,0.36
360266,2013,0.36
140290,2013,0.36
490017,2013,0.36
360074,2013,0.36
450148,2013,0.36
180040,2013,0.36
260096,2013,0.36
450864,2013,0.36
490053,2013,0.36
170086,2013,0.36
100296,2013,0.36
400079,2013,0.36
190236,2013,0.36
300029,2013,0.36
450165,2013,0.36
300005,2013,0.36
330013,2013,0.36
152014,2013,0.36
230019,2013,0.36
50145,2013,0.36
444007,2013,0.36
230195,2013,0.36
180088,2013,0.36
194090,2013,0.36
100277,2013,0.36
184009,2013,0.36
140258,2013,0.36
330236,2013,0.36
250069,2013,0.36
344016,2013,0.36
111319,2013,0.36
114010,2013,0.36
362022,2013,0.36
110074,2013,0.36
50261,2013,0.36
190125,2013,0.36
100017,2013,0.36
50042,2013,0.36
40118,2013,0.36
450237,2013,0.36
10113,2013,0.36
450184,2013,0.36
30023,2013,0.36
360027,2013,0.36
340039,2013,0.37
92002,2013,0.37
452057,2013,0.37
172004,2013,0.37
330221,2013,0.37
350070,2013,0.37
264017,2013,0.37
450639,2013,0.37
170185,2013,0.37
140048,2013,0.37
112005,2013,0.37
490093,2013,0.37
150128,2013,0.37
50146,2013,0.37
360155,2013,0.37
44019,2013,0.37
432002,2013,0.37
113300,2013,0.37
520089,2013,0.37
190039,2013,0.37
510022,2013,0.37
102023,2013,0.37
263302,2013,0.37
50357,2013,0.37
250001,2013,0.37
360134,2013,0.37
190202,2013,0.37
450196,2013,0.37
260091,2013,0.37
10089,2013,0.37
50434,2013,0.37
453035,2013,0.37
440184,2013,0.37
450877,2013,0.37
230193,2013,0.37
240001,2013,0.37
44004,2013,0.37
293032,2013,0.37
152021,2013,0.37
330056,2013,0.37
154059,2013,0.37
192008,2013,0.37
260070,2013,0.37
101310,2013,0.37
190019,2013,0.37
340053,2013,0.37
100321,2013,0.37
181316,2013,0.37
670002,2013,0.37
453315,2013,0.37
260081,2013,0.37
200033,2013,0.37
190005,2013,0.37
240132,2013,0.37
440050,2013,0.37
50751,2013,0.37
330331,2013,0.37
450803,2013,0.37
490044,2013,0.37
240080,2013,0.37
494022,2013,0.37
190167,2013,0.37
100113,2013,0.37
330395,2013,0.37
193069,2013,0.37
140191,2013,0.37
270012,2013,0.37
250034,2013,0.37
454120,2013,0.37
500053,2013,0.37
50192,2013,0.37
103300,2013,0.37
40119,2013,0.37
50296,2013,0.37
360026,2013,0.37
140052,2013,0.37
340155,2013,0.37
500008,2013,0.37
510001,2013,0.37
452105,2013,0.37
390201,2013,0.37
50763,2013,0.37
180066,2013,0.37
250151,2013,0.37
60001,2013,0.37
250102,2013,0.37
180036,2013,0.37
112015,2013,0.37
364036,2013,0.37
530010,2013,0.37
170012,2013,0.37
54104,2013,0.37
500064,2013,0.37
194081,2013,0.37
34022,2013,0.37
520177,2013,0.37
520139,2013,0.37
280013,2013,0.37
190190,2013,0.37
330154,2013,0.37
451381,2013,0.37
330208,2013,0.38
320021,2013,0.38
110128,2013,0.38
450856,2013,0.38
153030,2013,0.38
70025,2013,0.38
50528,2013,0.38
140062,2013,0.38
140155,2013,0.38
160028,2013,0.38
252005,2013,0.38
93300,2013,0.38
160067,2013,0.38
393054,2013,0.38
102024,2013,0.38
50112,2013,0.38
123300,2013,0.38
140250,2013,0.38
190025,2013,0.38
230058,2013,0.38
222027,2013,0.38
360143,2013,0.38
342018,2013,0.38
380020,2013,0.38
280130,2013,0.38
440218,2013,0.38
410007,2013,0.38
670077,2013,0.38
192028,2013,0.38
452062,2013,0.38
250009,2013,0.38
452106,2013,0.38
150021,2013,0.38
53302,2013,0.38
294003,2013,0.38
490079,2013,0.38
110200,2013,0.38
330267,2013,0.38
50124,2013,0.38
162001,2013,0.38
282001,2013,0.38
140233,2013,0.38
172005,2013,0.38
452111,2013,0.38
50498,2013,0.38
450876,2013,0.38
110054,2013,0.38
420004,2013,0.38
50096,2013,0.38
260110,2013,0.38
420057,2013,0.38
84002,2013,0.38
270004,2013,0.38
13029,2013,0.38
400019,2013,0.38
50245,2013,0.38
360276,2013,0.38
262017,2013,0.38
464012,2013,0.38
450044,2013,0.38
360163,2013,0.38
252003,2013,0.38
30083,2013,0.38
450825,2013,0.38
504008,2013,0.38
330233,2013,0.38
500003,2013,0.38
452082,2013,0.38
294012,2013,0.38
230176,2013,0.38
192015,2013,0.38
230004,2013,0.38
140064,2013,0.38
310012,2013,0.38
142010,2013,0.38
340014,2013,0.38
450771,2013,0.38
104017,2013,0.38
190020,2013,0.38
490111,2013,0.38
192049,2013,0.38
192035,2013,0.38
360152,2013,0.38
260025,2013,0.38
492008,2013,0.38
454114,2013,0.38
240106,2013,0.38
340030,2013,0.38
140010,2013,0.38
670067,2013,0.38
100284,2013,0.38
500007,2013,0.38
324010,2013,0.39
110001,2013,0.39
340040,2013,0.39
520051,2013,0.39
154047,2013,0.39
54077,2013,0.39
452049,2013,0.39
330024,2013,0.39
140187,2013,0.39
150024,2013,0.39
360259,2013,0.39
50127,2013,0.39
230279,2013,0.39
453056,2013,0.39
500088,2013,0.39
440137,2013,0.39
453304,2013,0.39
104065,2013,0.39
454050,2013,0.39
450272,2013,0.39
150057,2013,0.39
400121,2013,0.39
192034,2013,0.39
172003,2013,0.39
520098,2013,0.39
390183,2013,0.39
140148,2013,0.39
160024,2013,0.39
172006,2013,0.39
392041,2013,0.39
104076,2013,0.39
260180,2013,0.39
330232,2013,0.39
500011,2013,0.39
360086,2013,0.39
154055,2013,0.39
520100,2013,0.39
92003,2013,0.39
452038,2013,0.39
180116,2013,0.39
450042,2013,0.39
140172,2013,0.39
50090,2013,0.39
30012,2013,0.39
194102,2013,0.39
50025,2013,0.39
334022,2013,0.39
430014,2013,0.39
140093,2013,0.39
110006,2013,0.39
394034,2013,0.39
90004,2013,0.39
420033,2013,0.39
42010,2013,0.39
250012,2013,0.39
190041,2013,0.39
423029,2013,0.39
262019,2013,0.39
464009,2013,0.39
372005,2013,0.39
230227,2013,0.39
454029,2013,0.39
360037,2013,0.39
362025,2013,0.39
370235,2013,0.39
380050,2013,0.39
34028,2013,0.39
112006,2013,0.39
51318,2013,0.39
350011,2013,0.39
102018,2013,0.39
50352,2013,0.39
250099,2013,0.39
54111,2013,0.39
500050,2013,0.39
140043,2013,0.39
192012,2013,0.39
320084,2013,0.39
450347,2013,0.39
53032,2013,0.39
250100,2013,0.39
60023,2013,0.39
60012,2013,0.39
184017,2013,0.39
152016,2013,0.39
340041,2013,0.39
522006,2013,0.39
370039,2013,0.39
452078,2013,0.39
464014,2013,0.4
320074,2013,0.4
410012,2013,0.4
150162,2013,0.4
450571,2013,0.4
440012,2013,0.4
140252,2013,0.4
160045,2013,0.4
390322,2013,0.4
403026,2013,0.4
440091,2013,0.4
390325,2013,0.4
150075,2013,0.4
260116,2013,0.4
340098,2013,0.4
264029,2013,0.4
194073,2013,0.4
360075,2013,0.4
72003,2013,0.4
50305,2013,0.4
330057,2013,0.4
670031,2013,0.4
50773,2013,0.4
144026,2013,0.4
260094,2013,0.4
140063,2013,0.4
180013,2013,0.4
360230,2013,0.4
50537,2013,0.4
323032,2013,0.4
260005,2013,0.4
140095,2013,0.4
500025,2013,0.4
234023,2013,0.4
360360,2013,0.4
340075,2013,0.4
104027,2013,0.4
100271,2013,0.4
510070,2013,0.4
314021,2013,0.4
452055,2013,0.4
100130,2013,0.4
462005,2013,0.4
10035,2013,0.4
330241,2013,0.4
450213,2013,0.4
500051,2013,0.4
440153,2013,0.4
451367,2013,0.4
450005,2013,0.4
180029,2013,0.4
150044,2013,0.4
454083,2013,0.4
140065,2013,0.4
230167,2013,0.4
280003,2013,0.4
190053,2013,0.4
192032,2013,0.4
330136,2013,0.4
50334,2013,0.4
360125,2013,0.4
490038,2013,0.4
150100,2013,0.4
240210,2013,0.4
34004,2013,0.4
140292,2013,0.4
193070,2013,0.4
43032,2013,0.41
170175,2013,0.41
524000,2013,0.41
60119,2013,0.41
60027,2013,0.41
260160,2013,0.41
150169,2013,0.41
151318,2013,0.41
450152,2013,0.41
450079,2013,0.41
440064,2013,0.41
360082,2013,0.41
10130,2013,0.41
110082,2013,0.41
440083,2013,0.41
51317,2013,0.41
452094,2013,0.41
110018,2013,0.41
340141,2013,0.41
10023,2013,0.41
490066,2013,0.41
340050,2013,0.41
500030,2013,0.41
420019,2013,0.41
100140,2013,0.41
330205,2013,0.41
414000,2013,0.41
64026,2013,0.41
670029,2013,0.41
450032,2013,0.41
54131,2013,0.41
493027,2013,0.41
40016,2013,0.41
230230,2013,0.41
450330,2013,0.41
260175,2013,0.41
453300,2013,0.41
280060,2013,0.41
490092,2013,0.41
100177,2013,0.41
390198,2013,0.41
444020,2013,0.41
230046,2013,0.41
180067,2013,0.41
450292,2013,0.41
132003,2013,0.41
492007,2013,0.41
192036,2013,0.41
230156,2013,0.41
372011,2013,0.41
110008,2013,0.41
144009,2013,0.41
360087,2013,0.41
394027,2013,0.41
390267,2013,0.41
140223,2013,0.41
194085,2013,0.41
511317,2013,0.41
140206,2013,0.41
450132,2013,0.41
222010,2013,0.41
190050,2013,0.41
360077,2013,0.41
330023,2013,0.41
111321,2013,0.41
522007,2013,0.41
190008,2013,0.41
200034,2013,0.41
142014,2013,0.41
334026,2013,0.41
290008,2013,0.41
303026,2013,0.41
10146,2013,0.41
450076,2013,0.41
450709,2013,0.41
230142,2013,0.41
140181,2013,0.41
194086,2013,0.41
390203,2013,0.41
360113,2013,0.41
10056,2013,0.41
30131,2013,0.41
340173,2013,0.41
240213,2013,0.41
360242,2013,0.41
494001,2013,0.41
110095,2013,0.41
30112,2013,0.41
50262,2013,0.41
372012,2013,0.41
42000,2013,0.41
670012,2013,0.41
330055,2013,0.41
150004,2013,0.41
150082,2013,0.41
362007,2013,0.41
360174,2013,0.41
260230,2013,0.41
260177,2013,0.41
192041,2013,0.41
110005,2013,0.41
394052,2013,0.42
42004,2013,0.42
440034,2013,0.42
300001,2013,0.42
492001,2013,0.42
670025,2013,0.42
111334,2013,0.42
50131,2013,0.42
220116,2013,0.42
530012,2013,0.42
670085,2013,0.42
180103,2013,0.42
440159,2013,0.42
50007,2013,0.42
260065,2013,0.42
192022,2013,0.42
150177,2013,0.42
150002,2013,0.42
452116,2013,0.42
132002,2013,0.42
60003,2013,0.42
330386,2013,0.42
450280,2013,0.42
170016,2013,0.42
452096,2013,0.42
520075,2013,0.42
234042,2013,0.42
370091,2013,0.42
451365,2013,0.42
140127,2013,0.42
500124,2013,0.42
250136,2013,0.42
362014,2013,0.42
380071,2013,0.42
160104,2013,0.42
194091,2013,0.42
452035,2013,0.42
230197,2013,0.42
422008,2013,0.42
50054,2013,0.42
150012,2013,0.42
362004,2013,0.42
500077,2013,0.42
30013,2013,0.42
390304,2013,0.42
193092,2013,0.42
420101,2013,0.42
340032,2013,0.42
340171,2013,0.42
224023,2013,0.42
500037,2013,0.42
194044,2013,0.42
54095,2013,0.42
523300,2013,0.42
150109,2013,0.42
190304,2013,0.42
14000,2013,0.42
443029,2013,0.42
200009,2013,0.42
443031,2013,0.42
360144,2013,0.42
521355,2013,0.42
490002,2013,0.42
390045,2013,0.42
150150,2013,0.42
140015,2013,0.42
192048,2013,0.42
260210,2013,0.42
260020,2013,0.42
360161,2013,0.42
330193,2013,0.42
40027,2013,0.42
490088,2013,0.42
450508,2013,0.42
260040,2013,0.42
443027,2013,0.42
152026,2013,0.42
100175,2013,0.42
51333,2013,0.42
330394,2013,0.43
224022,2013,0.43
140001,2013,0.43
100168,2013,0.43
450563,2013,0.43
150158,2013,0.43
250104,2013,0.43
31311,2013,0.43
120026,2013,0.43
194056,2013,0.43
84004,2013,0.43
450024,2013,0.43
150018,2013,0.43
420054,2013,0.43
190298,2013,0.43
54123,2013,0.43
403025,2013,0.43
130006,2013,0.43
150166,2013,0.43
230302,2013,0.43
194079,2013,0.43
10019,2013,0.43
140122,2013,0.43
330222,2013,0.43
320002,2013,0.43
294008,2013,0.43
250020,2013,0.43
44007,2013,0.43
673040,2013,0.43
182002,2013,0.43
50121,2013,0.43
170200,2013,0.43
451319,2013,0.43
394033,2013,0.43
260032,2013,0.43
452022,2013,0.43
441307,2013,0.43
340126,2013,0.43
400114,2013,0.43
490126,2013,0.43
390079,2013,0.43
180045,2013,0.43
194096,2013,0.43
143025,2013,0.43
404009,2013,0.43
180019,2013,0.43
360123,2013,0.43
70031,2013,0.43
451378,2013,0.43
30108,2013,0.43
150179,2013,0.43
190065,2013,0.43
250048,2013,0.43
393045,2013,0.43
110010,2013,0.43
182005,2013,0.43
321309,2013,0.43
340107,2013,0.43
394040,2013,0.43
140120,2013,0.43
110129,2013,0.43
354005,2013,0.43
43029,2013,0.43
330061,2013,0.43
330140,2013,0.43
454026,2013,0.43
194087,2013,0.44
110078,2013,0.44
450847,2013,0.44
453052,2013,0.44
340115,2013,0.44
54089,2013,0.44
454119,2013,0.44
180009,2013,0.44
110024,2013,0.44
261324,2013,0.44
370211,2013,0.44
50067,2013,0.44
340073,2013,0.44
420049,2013,0.44
51329,2013,0.44
102022,2013,0.44
262012,2013,0.44
132001,2013,0.44
54087,2013,0.44
500001,2013,0.44
170020,2013,0.44
90008,2013,0.44
370114,2013,0.44
50417,2013,0.44
64007,2013,0.44
240030,2013,0.44
263030,2013,0.44
220062,2013,0.44
102020,2013,0.44
450658,2013,0.44
232025,2013,0.44
450831,2013,0.44
340147,2013,0.44
460052,2013,0.44
140304,2013,0.44
50350,2013,0.44
10158,2013,0.44
343026,2013,0.44
280081,2013,0.44
530033,2013,0.44
30016,2013,0.44
243302,2013,0.44
420009,2013,0.44
450072,2013,0.44
150175,2013,0.44
234030,2013,0.44
450537,2013,0.44
230077,2013,0.44
440020,2013,0.44
390025,2013,0.44
111332,2013,0.44
170049,2013,0.44
314023,2013,0.44
10148,2013,0.44
450188,2013,0.44
190263,2013,0.44
370034,2013,0.44
180101,2013,0.44
50423,2013,0.44
10144,2013,0.44
400104,2013,0.44
360236,2013,0.44
400128,2013,0.44
60118,2013,0.44
450231,2013,0.44
150157,2013,0.44
320086,2013,0.44
423028,2013,0.44
520037,2013,0.44
193093,2013,0.44
150090,2013,0.44
440125,2013,0.44
454110,2013,0.44
454110,2013,0.44
363300,2013,0.44
220163,2013,0.44
430077,2013,0.44
490022,2013,0.44
452017,2013,0.44
670053,2013,0.44
670068,2013,0.44
363305,2013,0.44
13028,2013,0.44
40010,2013,0.44
400032,2013,0.44
340021,2013,0.44
293033,2013,0.45
452113,2013,0.45
500026,2013,0.45
500016,2013,0.45
390096,2013,0.45
260186,2013,0.45
380102,2013,0.45
260023,2013,0.45
180018,2013,0.45
10008,2013,0.45
110205,2013,0.45
453096,2013,0.45
454105,2013,0.45
342017,2013,0.45
10069,2013,0.45
222000,2013,0.45
230059,2013,0.45
670050,2013,0.45
251320,2013,0.45
70002,2013,0.45
340132,2013,0.45
140280,2013,0.45
420043,2013,0.45
420087,2013,0.45
250038,2013,0.45
374020,2013,0.45
180004,2013,0.45
390168,2013,0.45
440030,2013,0.45
380018,2013,0.45
140239,2013,0.45
450840,2013,0.45
110165,2013,0.45
260024,2013,0.45
322004,2013,0.45
140051,2013,0.45
160069,2013,0.45
260078,2013,0.45
370002,2013,0.45
40042,2013,0.45
394008,2013,0.45
194007,2013,0.45
330261,2013,0.45
140211,2013,0.45
230254,2013,0.45
390268,2013,0.45
500005,2013,0.45
340183,2013,0.45
224021,2013,0.45
450754,2013,0.45
170058,2013,0.45
450052,2013,0.45
340015,2013,0.45
100079,2013,0.45
390044,2013,0.45
100151,2013,0.45
10085,2013,0.45
500049,2013,0.45
390228,2013,0.45
520027,2013,0.45
243300,2013,0.45
250044,2013,0.45
62009,2013,0.45
110209,2013,0.45
110089,2013,0.45
140213,2013,0.45
360234,2013,0.45
40062,2013,0.45
400115,2013,0.45
440175,2013,0.45
340158,2013,0.45
160029,2013,0.45
370025,2013,0.45
400122,2013,0.45
152013,2013,0.45
194098,2013,0.45
54093,2013,0.45
340090,2013,0.45
520083,2013,0.46
522005,2013,0.46
340131,2013,0.46
52055,2013,0.46
370236,2013,0.46
493034,2013,0.46
190102,2013,0.46
460010,2013,0.46
390211,2013,0.46
250082,2013,0.46
390068,2013,0.46
192043,2013,0.46
490116,2013,0.46
393027,2013,0.46
230024,2013,0.46
393046,2013,0.46
360195,2013,0.46
520013,2013,0.46
144005,2013,0.46
50708,2013,0.46
390067,2013,0.46
190140,2013,0.46
140143,2013,0.46
190146,2013,0.46
100139,2013,0.46
154054,2013,0.46
450400,2013,0.46
400112,2013,0.46
513028,2013,0.46
430012,2013,0.46
450099,2013,0.46
363306,2013,0.46
340002,2013,0.46
152027,2013,0.46
240047,2013,0.46
110203,2013,0.46
520059,2013,0.46
340037,2013,0.46
240078,2013,0.46
330019,2013,0.46
190090,2013,0.46
380060,2013,0.46
260077,2013,0.46
270051,2013,0.46
43028,2013,0.46
100105,2013,0.46
494032,2013,0.46
450137,2013,0.46
410009,2013,0.46
112012,2013,0.46
360192,2013,0.46
110187,2013,0.46
232026,2013,0.46
494025,2013,0.46
423026,2013,0.46
350019,2013,0.46
170142,2013,0.46
450573,2013,0.46
213028,2013,0.46
144031,2013,0.46
162002,2013,0.46
110122,2013,0.46
320005,2013,0.46
240207,2013,0.46
490141,2013,0.46
50224,2013,0.46
120006,2013,0.46
373025,2013,0.46
260011,2013,0.46
350002,2013,0.46
110069,2013,0.46
330086,2013,0.46
440147,2013,0.46
100200,2013,0.46
420098,2013,0.46
190278,2013,0.46
230269,2013,0.46
70018,2013,0.47
180080,2013,0.47
240063,2013,0.47
340023,2013,0.47
140150,2013,0.47
393053,2013,0.47
263301,2013,0.47
390100,2013,0.47
194095,2013,0.47
114008,2013,0.47
374016,2013,0.47
13032,2013,0.47
150034,2013,0.47
51310,2013,0.47
420065,2013,0.47
364040,2013,0.47
380027,2013,0.47
460013,2013,0.47
522008,2013,0.47
420026,2013,0.47
392037,2013,0.47
340003,2013,0.47
40137,2013,0.47
673025,2013,0.47
64023,2013,0.47
450372,2013,0.47
360159,2013,0.47
160146,2013,0.47
150006,2013,0.47
232021,2013,0.47
250077,2013,0.47
224018,2013,0.47
441315,2013,0.47
110011,2013,0.47
394020,2013,0.47
490063,2013,0.47
190250,2013,0.47
342019,2013,0.47
500041,2013,0.47
170010,2013,0.47
520049,2013,0.47
54078,2013,0.47
360080,2013,0.47
200020,2013,0.47
240002,2013,0.47
443028,2013,0.47
140291,2013,0.47
140011,2013,0.47
340145,2013,0.47
230207,2013,0.47
150074,2013,0.47
340016,2013,0.47
453094,2013,0.47
452018,2013,0.48
180050,2013,0.48
514008,2013,0.48
140186,2013,0.48
330005,2013,0.48
70006,2013,0.48
450766,2013,0.48
340166,2013,0.48
260017,2013,0.48
193094,2013,0.48
110142,2013,0.48
510039,2013,0.48
390113,2013,0.48
192004,2013,0.48
493301,2013,0.48
60125,2013,0.48
370056,2013,0.48
450827,2013,0.48
181310,2013,0.48
400102,2013,0.48
260207,2013,0.48
110087,2013,0.48
150176,2013,0.48
500019,2013,0.48
112003,2013,0.48
450883,2013,0.48
190270,2013,0.48
140103,2013,0.48
41321,2013,0.48
10100,2013,0.48
451370,2013,0.48
260048,2013,0.48
450605,2013,0.48
360008,2013,0.48
334048,2013,0.48
291311,2013,0.48
150173,2013,0.48
330273,2013,0.48
10101,2013,0.48
140164,2013,0.48
313027,2013,0.48
450610,2013,0.48
170120,2013,0.48
153028,2013,0.48
530008,2013,0.48
103026,2013,0.48
150009,2013,0.48
140289,2013,0.48
450133,2013,0.48
330094,2013,0.48
192040,2013,0.48
323029,2013,0.48
521348,2013,0.48
50568,2013,0.48
22001,2013,0.48
40017,2013,0.48
300003,2013,0.48
150149,2013,0.48
193090,2013,0.48
493032,2013,0.48
370047,2013,0.48
223029,2013,0.48
363034,2013,0.48
513030,2013,0.48
390004,2013,0.48
224013,2013,0.48
160080,2013,0.48
340017,2013,0.48
500033,2013,0.48
330279,2013,0.48
371331,2013,0.49
340004,2013,0.49
181309,2013,0.49
450890,2013,0.49
340151,2013,0.49
453042,2013,0.49
54075,2013,0.49
300017,2013,0.49
13025,2013,0.49
154053,2013,0.49
230270,2013,0.49
33034,2013,0.49
204006,2013,0.49
260068,2013,0.49
370013,2013,0.49
423030,2013,0.49
190064,2013,0.49
240036,2013,0.49
110076,2013,0.49
30043,2013,0.49
250004,2013,0.49
180035,2013,0.49
260228,2013,0.49
60010,2013,0.49
390179,2013,0.49
110004,2013,0.49
10079,2013,0.49
181324,2013,0.49
272001,2013,0.49
140158,2013,0.49
103039,2013,0.49
140013,2013,0.49
340001,2013,0.49
170183,2013,0.49
314012,2013,0.49
260001,2013,0.49
140002,2013,0.49
323027,2013,0.49
490098,2013,0.49
400014,2013,0.49
170191,2013,0.49
200018,2013,0.49
60044,2013,0.49
100081,2013,0.49
190017,2013,0.49
520008,2013,0.49
100315,2013,0.49
330011,2013,0.49
50257,2013,0.49
120001,2013,0.49
400103,2013,0.49
370030,2013,0.49
440081,2013,0.49
390157,2013,0.49
110007,2013,0.5
453057,2013,0.5
464015,2013,0.5
670044,2013,0.5
242004,2013,0.5
70027,2013,0.5
193089,2013,0.5
51303,2013,0.5
420069,2013,0.5
450808,2013,0.5
490113,2013,0.5
370049,2013,0.5
250036,2013,0.5
230133,2013,0.5
451371,2013,0.5
230165,2013,0.5
230029,2013,0.5
53037,2013,0.5
390265,2013,0.5
190013,2013,0.5
10087,2013,0.5
220162,2013,0.5
490122,2013,0.5
63033,2013,0.5
43026,2013,0.5
400004,2013,0.5
360172,2013,0.5
380089,2013,0.5
670071,2013,0.5
452054,2013,0.5
180093,2013,0.5
420070,2013,0.5
393040,2013,0.5
500027,2013,0.5
51314,2013,0.5
12006,2013,0.5
450730,2013,0.5
420053,2013,0.5
330245,2013,0.5
670061,2013,0.5
180069,2013,0.5
453053,2013,0.5
280009,2013,0.5
370203,2013,0.5
453313,2013,0.5
104059,2013,0.5
154031,2013,0.5
330304,2013,0.5
53031,2013,0.5
10022,2013,0.5
10126,2013,0.5
192023,2013,0.5
280061,2013,0.5
490052,2013,0.5
370228,2013,0.5
191312,2013,0.5
103036,2013,0.5
110002,2013,0.5
490021,2013,0.5
360039,2013,0.5
180001,2013,0.5
360090,2013,0.5
43300,2013,0.5
370023,2013,0.5
380075,2013,0.5
193031,2013,0.5
360035,2013,0.5
193050,2013,0.5
103034,2013,0.5
390145,2013,0.5
673042,2013,0.5
101311,2013,0.51
283025,2013,0.51
453065,2013,0.51
33032,2013,0.51
340027,2013,0.51
670082,2013,0.51
140286,2013,0.51
54146,2013,0.51
104074,2013,0.51
230130,2013,0.51
520136,2013,0.51
280020,2013,0.51
460051,2013,0.51
450419,2013,0.51
282000,2013,0.51
520097,2013,0.51
513027,2013,0.51
200008,2013,0.51
520208,2013,0.51
673045,2013,0.51
360359,2013,0.51
673035,2013,0.51
390101,2013,0.51
180020,2013,0.51
130049,2013,0.51
90003,2013,0.51
360041,2013,0.51
150008,2013,0.51
130003,2013,0.51
60103,2013,0.51
271340,2013,0.51
130028,2013,0.51
110105,2013,0.51
10086,2013,0.51
524017,2013,0.51
320001,2013,0.51
452068,2013,0.51
453054,2013,0.51
380009,2013,0.51
193086,2013,0.51
60013,2013,0.51
192030,2013,0.51
330184,2013,0.51
230047,2013,0.51
520002,2013,0.51
33037,2013,0.51
400016,2013,0.51
340013,2013,0.51
90006,2013,0.51
670059,2013,0.51
362032,2013,0.51
62011,2013,0.51
62017,2013,0.51
41316,2013,0.51
460003,2013,0.51
270014,2013,0.51
230097,2013,0.51
40084,2013,0.51
103031,2013,0.51
30107,2013,0.51
400007,2013,0.51
53034,2013,0.51
140130,2013,0.52
364044,2013,0.52
420048,2013,0.52
150161,2013,0.52
230017,2013,0.52
420067,2013,0.52
453025,2013,0.52
390196,2013,0.52
373033,2013,0.52
340071,2013,0.52
500031,2013,0.52
502001,2013,0.52
150010,2013,0.52
160033,2013,0.52
451328,2013,0.52
230054,2013,0.52
140116,2013,0.52
360147,2013,0.52
330102,2013,0.52
230002,2013,0.52
340114,2013,0.52
673033,2013,0.52
180024,2013,0.52
340091,2013,0.52
224038,2013,0.52
52043,2013,0.52
233300,2013,0.52
360116,2013,0.52
111331,2013,0.52
340042,2013,0.52
190307,2013,0.52
103028,2013,0.52
83300,2013,0.52
104067,2013,0.52
400117,2013,0.52
250128,2013,0.52
521310,2013,0.52
110226,2013,0.52
673048,2013,0.52
334055,2013,0.52
292003,2013,0.52
673049,2013,0.52
110109,2013,0.52
70019,2013,0.52
33028,2013,0.52
50385,2013,0.52
113029,2013,0.52
110230,2013,0.52
450192,2013,0.52
220030,2013,0.52
520078,2013,0.52
33036,2013,0.53
340097,2013,0.53
100014,2013,0.53
673030,2013,0.53
181325,2013,0.53
330049,2013,0.53
450871,2013,0.53
360145,2013,0.53
673032,2013,0.53
40069,2013,0.53
313032,2013,0.53
330224,2013,0.53
340159,2013,0.53
670080,2013,0.53
330406,2013,0.53
490018,2013,0.53
340087,2013,0.53
220031,2013,0.53
314026,2013,0.53
250006,2013,0.53
240214,2013,0.53
180011,2013,0.53
110038,2013,0.53
453031,2013,0.53
150003,2013,0.53
120014,2013,0.53
180049,2013,0.53
452109,2013,0.53
330078,2013,0.53
170009,2013,0.53
230005,2013,0.53
460004,2013,0.53
112007,2013,0.53
313036,2013,0.53
460011,2013,0.53
400018,2013,0.53
141318,2013,0.53
103027,2013,0.53
103042,2013,0.53
361306,2013,0.53
510007,2013,0.53
380014,2013,0.53
103040,2013,0.53
160110,2013,0.53
330340,2013,0.53
30118,2013,0.53
173027,2013,0.53
180051,2013,0.53
50766,2013,0.53
440111,2013,0.53
460006,2013,0.53
520207,2013,0.53
170137,2013,0.53
203025,2013,0.53
453092,2013,0.53
140160,2013,0.53
440009,2013,0.53
140135,2013,0.53
390110,2013,0.53
70016,2013,0.53
673044,2013,0.53
490037,2013,0.53
50276,2013,0.53
50697,2013,0.54
514001,2013,0.54
260108,2013,0.54
150015,2013,0.54
183029,2013,0.54
340061,2013,0.54
270086,2013,0.54
70034,2013,0.54
440073,2013,0.54
230080,2013,0.54
321306,2013,0.54
260047,2013,0.54
230038,2013,0.54
241320,2013,0.54
332006,2013,0.54
240100,2013,0.54
363037,2013,0.54
390066,2013,0.54
450289,2013,0.54
214013,2013,0.54
180010,2013,0.54
283301,2013,0.54
334027,2013,0.54
450848,2013,0.54
510058,2013,0.54
230089,2013,0.54
280040,2013,0.54
40152,2013,0.54
490040,2013,0.54
230277,2013,0.54
330006,2013,0.54
54096,2013,0.54
450348,2013,0.54
513026,2013,0.54
330125,2013,0.54
330226,2013,0.54
80001,2013,0.54
14006,2013,0.54
261330,2013,0.54
41319,2013,0.54
450352,2013,0.54
13030,2013,0.54
70029,2013,0.54
110150,2013,0.54
74008,2013,0.54
340085,2013,0.54
363303,2013,0.54
390160,2013,0.54
330180,2013,0.54
194097,2013,0.54
230055,2013,0.54
340096,2013,0.54
330164,2013,0.54
261325,2013,0.54
460001,2013,0.54
364051,2013,0.54
230146,2013,0.54
370100,2013,0.54
390324,2013,0.54
250163,2013,0.54
170023,2013,0.54
140176,2013,0.54
50744,2013,0.54
410010,2013,0.54
390314,2013,0.55
501330,2013,0.55
462003,2013,0.55
73300,2013,0.55
193028,2013,0.55
430090,2013,0.55
304000,2013,0.55
280077,2013,0.55
234038,2013,0.55
340119,2013,0.55
13033,2013,0.55
340064,2013,0.55
361319,2013,0.55
150125,2013,0.55
330108,2013,0.55
533027,2013,0.55
400126,2013,0.55
250058,2013,0.55
291300,2013,0.55
400098,2013,0.55
130013,2013,0.55
110016,2013,0.55
423027,2013,0.55
520087,2013,0.55
440029,2013,0.55
380017,2013,0.55
520096,2013,0.55
330203,2013,0.55
360084,2013,0.55
143028,2013,0.55
313035,2013,0.55
150126,2013,0.55
330270,2013,0.55
390104,2013,0.55
110025,2013,0.55
260009,2013,0.55
180046,2013,0.55
320038,2013,0.55
670079,2013,0.55
360009,2013,0.55
13301,2013,0.55
80007,2013,0.55
270023,2013,0.55
330285,2013,0.55
232029,2013,0.55
260179,2013,0.55
204005,2013,0.55
200037,2013,0.56
200039,2013,0.56
251300,2013,0.56
240010,2013,0.56
60030,2013,0.56
360012,2013,0.56
140115,2013,0.56
451379,2013,0.56
200019,2013,0.56
453029,2013,0.56
103032,2013,0.56
313029,2013,0.56
453059,2013,0.56
122001,2013,0.56
330047,2013,0.56
340099,2013,0.56
50028,2013,0.56
420020,2013,0.56
340130,2013,0.56
501332,2013,0.56
520189,2013,0.56
450351,2013,0.56
170197,2013,0.56
230069,2013,0.56
493029,2013,0.56
263027,2013,0.56
101302,2013,0.56
341322,2013,0.56
423025,2013,0.56
260052,2013,0.56
390091,2013,0.56
173026,2013,0.56
400013,2013,0.56
153043,2013,0.56
360091,2013,0.56
520103,2013,0.56
183027,2013,0.56
181328,2013,0.56
330073,2013,0.56
420039,2013,0.56
343025,2013,0.56
453040,2013,0.56
10045,2013,0.56
43031,2013,0.56
450497,2013,0.56
453314,2013,0.56
313300,2013,0.56
291306,2013,0.56
230104,2013,0.56
33038,2013,0.56
183026,2013,0.56
530014,2013,0.56
340084,2013,0.56
240117,2013,0.56
330276,2013,0.56
673029,2013,0.56
670088,2013,0.56
440031,2013,0.56
330404,2013,0.56
290006,2013,0.56
330350,2013,0.56
370199,2013,0.56
510071,2013,0.56
670046,2013,0.56
134014,2013,0.56
220077,2013,0.56
430089,2013,0.56
370022,2013,0.57
490089,2013,0.57
220035,2013,0.57
230216,2013,0.57
120004,2013,0.57
183028,2013,0.57
370166,2013,0.57
440007,2013,0.57
400001,2013,0.57
520044,2013,0.57
190114,2013,0.57
330191,2013,0.57
141317,2013,0.57
14016,2013,0.57
173025,2013,0.57
390073,2013,0.57
150023,2013,0.57
393026,2013,0.57
280105,2013,0.57
430013,2013,0.57
364050,2013,0.57
451323,2013,0.57
230078,2013,0.57
180092,2013,0.57
361325,2013,0.57
493028,2013,0.57
31313,2013,0.57
451360,2013,0.57
520035,2013,0.57
130002,2013,0.57
370156,2013,0.57
393039,2013,0.57
160030,2013,0.57
520202,2013,0.57
101304,2013,0.57
120007,2013,0.57
520021,2013,0.57
520091,2013,0.57
160016,2013,0.57
400044,2013,0.57
113030,2013,0.57
230275,2013,0.57
30130,2013,0.57
110161,2013,0.57
140101,2013,0.57
51311,2013,0.57
161302,2013,0.57
673050,2013,0.57
160079,2013,0.57
150164,2013,0.58
370218,2013,0.58
70033,2013,0.58
340120,2013,0.58
360054,2013,0.58
452066,2013,0.58
390042,2013,0.58
360348,2013,0.58
670075,2013,0.58
393037,2013,0.58
314022,2013,0.58
240056,2013,0.58
110100,2013,0.58
181319,2013,0.58
150163,2013,0.58
421303,2013,0.58
63030,2013,0.58
520019,2013,0.58
450780,2013,0.58
454117,2013,0.58
230031,2013,0.58
450874,2013,0.58
70004,2013,0.58
330090,2013,0.58
114028,2013,0.58
390316,2013,0.58
220086,2013,0.58
673034,2013,0.58
392038,2013,0.58
390147,2013,0.58
340060,2013,0.58
111305,2013,0.58
33029,2013,0.58
513025,2013,0.58
420105,2013,0.58
30103,2013,0.58
400106,2013,0.58
180070,2013,0.58
340123,2013,0.58
140189,2013,0.58
430005,2013,0.58
673031,2013,0.58
400113,2013,0.58
410005,2013,0.59
190259,2013,0.59
370099,2013,0.59
72004,2013,0.59
154020,2013,0.59
340068,2013,0.59
394051,2013,0.59
370227,2013,0.59
110042,2013,0.59
264020,2013,0.59
181306,2013,0.59
240093,2013,0.59
140147,2013,0.59
440040,2013,0.59
504009,2013,0.59
251332,2013,0.59
371317,2013,0.59
380004,2013,0.59
70017,2013,0.59
140046,2013,0.59
510029,2013,0.59
150051,2013,0.59
60076,2013,0.59
380047,2013,0.59
160117,2013,0.59
41322,2013,0.59
183030,2013,0.59
230151,2013,0.59
450853,2013,0.59
40072,2013,0.59
150059,2013,0.59
161343,2013,0.59
51323,2013,0.59
400011,2013,0.59
390194,2013,0.59
103038,2013,0.59
34020,2013,0.59
260034,2013,0.59
410004,2013,0.6
490115,2013,0.6
150048,2013,0.6
140058,2013,0.6
10059,2013,0.6
170103,2013,0.6
520194,2013,0.6
270032,2013,0.6
360078,2013,0.6
510006,2013,0.6
380001,2013,0.6
520193,2013,0.6
460014,2013,0.6
250162,2013,0.6
490130,2013,0.6
230180,2013,0.6
350015,2013,0.6
490094,2013,0.6
241380,2013,0.6
174006,2013,0.6
150091,2013,0.6
441301,2013,0.6
33025,2013,0.6
40039,2013,0.6
230072,2013,0.6
673055,2013,0.6
452043,2013,0.6
493031,2013,0.6
191318,2013,0.6
530032,2013,0.6
453047,2013,0.6
330250,2013,0.6
350006,2013,0.6
220001,2013,0.6
341321,2013,0.6
110071,2013,0.6
180056,2013,0.6
251316,2013,0.6
390151,2013,0.6
240075,2013,0.6
490005,2013,0.6
453041,2013,0.6
270003,2013,0.6
340127,2013,0.6
450565,2013,0.6
341314,2013,0.6
380040,2013,0.6
41312,2013,0.6
500002,2013,0.6
460017,2013,0.6
193080,2013,0.6
180016,2013,0.6
490013,2013,0.6
390032,2013,0.61
450369,2013,0.61
10032,2013,0.61
140275,2013,0.61
264004,2013,0.61
224039,2013,0.61
390219,2013,0.61
194076,2013,0.61
181320,2013,0.61
493025,2013,0.61
260064,2013,0.61
380029,2013,0.61
390031,2013,0.61
393047,2013,0.61
363036,2013,0.61
140124,2013,0.61
490050,2013,0.61
171382,2013,0.61
200002,2013,0.61
14018,2013,0.61
490090,2013,0.61
360025,2013,0.61
250067,2013,0.61
10058,2013,0.61
150007,2013,0.61
150030,2013,0.61
440180,2013,0.61
453044,2013,0.61
673051,2013,0.61
220101,2013,0.61
230222,2013,0.61
440132,2013,0.61
141316,2013,0.61
490042,2013,0.61
440033,2013,0.61
70012,2013,0.61
154021,2013,0.61
54147,2013,0.61
51319,2013,0.61
330044,2013,0.61
240018,2013,0.61
380051,2013,0.61
150072,2013,0.61
140197,2013,0.61
370113,2013,0.61
11305,2013,0.61
154052,2013,0.61
371319,2013,0.61
454093,2013,0.61
40029,2013,0.62
520062,2013,0.62
330064,2013,0.62
191307,2013,0.62
452067,2013,0.62
400111,2013,0.62
393031,2013,0.62
491307,2013,0.62
450104,2013,0.62
444005,2013,0.62
361320,2013,0.62
260142,2013,0.62
280131,2013,0.62
124001,2013,0.62
330215,2013,0.62
230217,2013,0.62
490114,2013,0.62
390019,2013,0.62
230022,2013,0.62
520102,2013,0.62
160047,2013,0.62
391309,2013,0.62
60006,2013,0.62
400123,2013,0.62
301306,2013,0.62
340142,2013,0.62
240052,2013,0.62
70035,2013,0.62
230105,2013,0.62
150113,2013,0.62
334049,2013,0.62
391307,2013,0.62
460041,2013,0.62
450219,2013,0.62
240069,2013,0.62
190267,2013,0.62
151307,2013,0.62
240101,2013,0.62
131323,2013,0.62
364048,2013,0.62
100028,2013,0.62
150129,2013,0.62
520071,2013,0.62
220074,2013,0.62
391301,2013,0.62
190116,2013,0.62
291308,2013,0.63
54144,2013,0.63
141327,2013,0.63
110153,2013,0.63
260097,2013,0.63
280132,2013,0.63
50407,2013,0.63
241370,2013,0.63
141351,2013,0.63
440084,2013,0.63
380061,2013,0.63
440231,2013,0.63
450875,2013,0.63
114012,2013,0.63
444019,2013,0.63
194109,2013,0.63
451354,2013,0.63
440130,2013,0.63
230244,2013,0.63
450845,2013,0.63
154058,2013,0.63
60004,2013,0.63
450894,2013,0.63
454101,2013,0.63
192025,2013,0.63
171380,2013,0.63
520070,2013,0.63
360118,2013,0.63
110101,2013,0.63
490120,2013,0.63
230036,2013,0.63
231337,2013,0.63
374021,2013,0.63
40074,2013,0.63
450865,2013,0.63
61321,2013,0.63
330219,2013,0.63
110026,2013,0.63
320030,2013,0.63
240044,2013,0.63
440032,2013,0.63
160040,2013,0.64
61327,2013,0.64
360274,2013,0.64
160089,2013,0.64
40076,2013,0.64
501335,2013,0.64
670073,2013,0.64
450155,2013,0.64
140026,2013,0.64
70011,2013,0.64
450271,2013,0.64
260209,2013,0.64
121304,2013,0.64
220052,2013,0.64
371321,2013,0.64
260057,2013,0.64
463025,2013,0.64
50660,2013,0.64
180105,2013,0.64
450154,2013,0.64
503025,2013,0.64
400022,2013,0.64
100048,2013,0.64
100106,2013,0.64
10005,2013,0.64
224033,2013,0.64
223034,2013,0.64
170001,2013,0.64
150115,2013,0.64
150146,2013,0.64
263028,2013,0.64
450187,2013,0.64
64025,2013,0.64
150069,2013,0.64
420103,2013,0.64
440162,2013,0.64
450832,2013,0.64
341324,2013,0.64
180143,2013,0.64
190128,2013,0.64
470003,2013,0.64
222026,2013,0.64
111328,2013,0.64
340024,2013,0.64
261331,2013,0.64
340109,2013,0.64
430048,2013,0.64
440110,2013,0.64
380090,2013,0.64
520088,2013,0.64
390086,2013,0.64
360109,2013,0.64
493033,2013,0.64
141311,2013,0.64
110104,2013,0.64
230099,2013,0.65
280125,2013,0.65
370004,2013,0.65
10061,2013,0.65
523025,2013,0.65
251309,2013,0.65
220058,2013,0.65
510050,2013,0.65
250015,2013,0.65
80004,2013,0.65
510062,2013,0.65
520095,2013,0.65
673047,2013,0.65
54135,2013,0.65
170074,2013,0.65
171302,2013,0.65
490019,2013,0.65
93025,2013,0.65
170186,2013,0.65
334002,2013,0.65
10112,2013,0.65
10099,2013,0.65
251325,2013,0.65
390037,2013,0.65
214000,2013,0.65
240104,2013,0.65
190034,2013,0.65
10125,2013,0.65
213029,2013,0.65
223030,2013,0.65
53027,2013,0.65
191315,2013,0.65
320016,2013,0.65
251317,2013,0.65
150104,2013,0.65
390039,2013,0.65
524038,2013,0.65
190218,2013,0.65
190007,2013,0.65
60054,2013,0.65
51325,2013,0.65
54125,2013,0.65
190098,2013,0.65
313025,2013,0.65
361331,2013,0.65
111320,2013,0.65
10007,2013,0.65
510023,2013,0.65
360070,2013,0.65
400110,2013,0.65
103033,2013,0.65
454118,2013,0.66
400087,2013,0.66
210064,2013,0.66
11302,2013,0.66
390046,2013,0.66
181305,2013,0.66
390163,2013,0.66
363033,2013,0.66
41329,2013,0.66
440056,2013,0.66
300014,2013,0.66
194110,2013,0.66
523027,2013,0.66
370220,2013,0.66
510046,2013,0.66
450872,2013,0.66
154014,2013,0.66
194107,2013,0.66
360153,2013,0.66
231333,2013,0.66
440057,2013,0.66
250097,2013,0.66
291302,2013,0.66
220100,2013,0.66
440059,2013,0.66
240050,2013,0.66
340143,2013,0.66
230021,2013,0.66
250152,2013,0.66
140161,2013,0.66
440065,2013,0.66
340160,2013,0.66
123025,2013,0.66
393035,2013,0.66
451316,2013,0.66
673027,2013,0.66
520004,2013,0.66
160057,2013,0.66
230075,2013,0.66
20024,2013,0.66
141344,2013,0.67
101308,2013,0.67
241359,2013,0.67
220075,2013,0.67
214003,2013,0.67
110124,2013,0.67
260061,2013,0.67
10021,2013,0.67
230106,2013,0.67
490101,2013,0.67
34023,2013,0.67
170006,2013,0.67
110044,2013,0.67
673043,2013,0.67
370192,2013,0.67
220066,2013,0.67
370149,2013,0.67
390217,2013,0.67
230081,2013,0.67
460030,2013,0.67
520057,2013,0.67
370089,2013,0.67
313033,2013,0.67
454112,2013,0.67
120002,2013,0.67
360211,2013,0.67
80009,2013,0.67
110050,2013,0.67
390173,2013,0.67
191304,2013,0.67
234011,2013,0.67
110121,2013,0.67
190303,2013,0.67
150088,2013,0.67
450007,2013,0.67
110064,2013,0.68
141324,2013,0.68
391311,2013,0.68
150061,2013,0.68
320004,2013,0.68
220036,2013,0.68
143027,2013,0.68
360011,2013,0.68
220108,2013,0.68
180048,2013,0.68
110132,2013,0.68
220080,2013,0.68
400003,2013,0.68
150076,2013,0.68
370210,2013,0.68
141342,2013,0.68
390236,2013,0.68
30067,2013,0.68
380022,2013,0.68
251302,2013,0.68
370040,2013,0.68
10044,2013,0.68
171376,2013,0.68
341318,2013,0.68
120005,2013,0.68
520116,2013,0.68
43034,2013,0.68
361312,2013,0.68
520113,2013,0.68
103044,2013,0.68
170068,2013,0.68
390323,2013,0.68
240020,2013,0.68
220063,2013,0.68
450411,2013,0.69
390192,2013,0.69
490023,2013,0.69
262001,2013,0.69
390278,2013,0.69
201305,2013,0.69
250010,2013,0.69
223300,2013,0.69
501336,2013,0.69
370029,2013,0.69
230121,2013,0.69
510002,2013,0.69
461308,2013,0.69
470005,2013,0.69
260050,2013,0.69
460023,2013,0.69
454076,2013,0.69
510008,2013,0.69
140210,2013,0.69
222007,2013,0.69
453036,2013,0.69
471307,2013,0.69
43033,2013,0.69
150026,2013,0.69
121307,2013,0.69
450888,2013,0.69
240066,2013,0.69
50376,2013,0.69
341326,2013,0.69
390225,2013,0.69
673052,2013,0.69
471304,2013,0.69
90005,2013,0.69
340036,2013,0.69
94004,2013,0.69
510024,2013,0.69
241376,2013,0.69
440054,2013,0.69
251308,2013,0.69
250126,2013,0.69
190079,2013,0.7
390016,2013,0.7
471303,2013,0.7
390013,2013,0.7
400021,2013,0.7
460021,2013,0.7
51320,2013,0.7
51315,2013,0.7
141320,2013,0.7
263029,2013,0.7
104068,2013,0.7
404008,2013,0.7
260191,2013,0.7
251323,2013,0.7
110234,2013,0.7
151325,2013,0.7
10047,2013,0.7
520076,2013,0.7
391313,2013,0.7
103043,2013,0.7
410001,2013,0.7
670072,2013,0.7
511316,2013,0.7
493030,2013,0.7
100142,2013,0.7
360241,2013,0.7
200050,2013,0.7
30062,2013,0.7
390117,2013,0.7
330316,2013,0.7
194080,2013,0.7
450422,2013,0.7
501312,2013,0.7
524014,2013,0.7
410008,2013,0.7
370019,2013,0.7
450880,2013,0.7
223302,2013,0.7
110092,2013,0.7
190208,2013,0.7
332022,2013,0.7
30068,2013,0.7
531316,2013,0.7
200052,2013,0.7
390036,2013,0.7
80006,2013,0.71
261311,2013,0.71
180027,2013,0.71
160101,2013,0.71
111327,2013,0.71
200021,2013,0.71
520009,2013,0.71
171373,2013,0.71
511318,2013,0.71
501323,2013,0.71
170145,2013,0.71
500152,2013,0.71
111333,2013,0.71
60016,2013,0.71
103037,2013,0.71
390312,2013,0.71
330033,2013,0.71
41310,2013,0.71
490084,2013,0.71
340049,2013,0.71
450891,2013,0.71
170188,2013,0.71
332014,2013,0.71
154050,2013,0.71
490045,2013,0.71
230040,2013,0.71
441308,2013,0.71
371335,2013,0.71
40011,2013,0.71
360210,2013,0.71
193074,2013,0.71
230259,2013,0.71
230035,2013,0.71
330030,2013,0.71
361329,2013,0.71
380021,2013,0.71
200040,2013,0.71
371330,2013,0.71
511310,2013,0.71
450370,2013,0.71
230066,2013,0.72
41324,2013,0.72
241354,2013,0.72
120028,2013,0.72
491304,2013,0.72
190308,2013,0.72
210013,2013,0.72
201306,2013,0.72
111335,2013,0.72
450214,2013,0.72
180106,2013,0.72
220049,2013,0.72
181318,2013,0.72
300018,2013,0.72
264012,2013,0.72
180038,2013,0.72
341323,2013,0.72
110041,2013,0.72
300020,2013,0.72
450834,2013,0.72
104040,2013,0.72
193078,2013,0.72
430097,2013,0.72
390003,2013,0.72
324014,2013,0.72
341317,2013,0.72
380052,2013,0.72
490004,2013,0.72
451343,2013,0.72
501333,2013,0.72
181301,2013,0.72
443030,2013,0.72
450774,2013,0.72
220171,2013,0.72
150042,2013,0.72
371326,2013,0.72
201310,2013,0.73
510038,2013,0.73
324013,2013,0.73
451382,2013,0.73
110015,2013,0.73
371304,2013,0.73
330403,2013,0.73
60008,2013,0.73
303027,2013,0.73
190044,2013,0.73
450604,2013,0.73
240053,2013,0.73
160001,2013,0.73
10109,2013,0.73
363032,2013,0.73
110135,2013,0.73
231319,2013,0.73
470024,2013,0.73
520204,2013,0.73
224031,2013,0.73
220020,2013,0.73
150086,2013,0.73
30134,2013,0.73
191325,2013,0.73
453048,2013,0.73
150037,2013,0.73
360072,2013,0.73
191317,2013,0.73
450090,2013,0.73
450460,2013,0.73
230236,2013,0.73
294002,2013,0.73
233026,2013,0.73
314019,2013,0.73
520063,2013,0.73
70024,2013,0.73
193079,2013,0.74
330157,2013,0.74
330249,2013,0.74
40015,2013,0.74
150180,2013,0.74
460054,2013,0.74
220088,2013,0.74
330163,2013,0.74
490127,2013,0.74
330009,2013,0.74
264005,2013,0.74
673036,2013,0.74
450306,2013,0.74
370190,2013,0.74
240059,2013,0.74
500060,2013,0.74
490043,2013,0.74
450654,2013,0.74
490140,2013,0.74
280032,2013,0.74
230096,2013,0.74
390125,2013,0.74
210011,2013,0.74
190088,2013,0.74
400109,2013,0.74
670004,2013,0.74
521337,2013,0.74
521358,2013,0.75
263303,2013,0.75
443025,2013,0.75
241353,2013,0.75
400120,2013,0.75
140032,2013,0.75
194106,2013,0.75
140137,2013,0.75
140234,2013,0.75
500138,2013,0.75
220010,2013,0.75
40132,2013,0.75
190183,2013,0.75
250060,2013,0.75
111312,2013,0.75
140034,2013,0.75
60075,2013,0.75
301303,2013,0.75
280065,2013,0.75
190242,2013,0.75
501328,2013,0.75
261310,2013,0.75
210003,2013,0.75
210002,2013,0.75
210037,2013,0.75
141346,2013,0.75
341304,2013,0.75
330037,2013,0.75
250117,2013,0.75
520048,2013,0.75
360218,2013,0.76
10129,2013,0.76
450236,2013,0.76
41305,2013,0.76
260219,2013,0.76
520038,2013,0.76
190118,2013,0.76
153042,2013,0.76
101312,2013,0.76
190261,2013,0.76
241329,2013,0.76
150097,2013,0.76
451305,2013,0.76
450235,2013,0.76
510012,2013,0.76
110073,2013,0.76
240064,2013,0.76
200001,2013,0.76
224028,2013,0.76
400125,2013,0.76
251330,2013,0.76
330003,2013,0.76
141330,2013,0.76
531312,2013,0.76
500036,2013,0.76
330115,2013,0.76
441313,2013,0.76
230208,2013,0.76
440109,2013,0.76
110040,2013,0.76
450080,2013,0.76
330405,2013,0.76
101309,2013,0.76
340010,2013,0.76
51321,2013,0.77
192050,2013,0.77
223026,2013,0.77
380033,2013,0.77
380005,2013,0.77
451356,2013,0.77
230110,2013,0.77
180012,2013,0.77
330065,2013,0.77
510053,2013,0.77
451322,2013,0.77
420066,2013,0.77
291309,2013,0.77
480002,2013,0.77
210033,2013,0.77
670006,2013,0.77
440141,2013,0.77
340051,2013,0.77
453086,2013,0.77
330235,2013,0.77
314011,2013,0.77
420011,2013,0.77
111329,2013,0.77
200041,2013,0.77
320089,2013,0.77
300012,2013,0.77
440148,2013,0.77
360040,2013,0.78
371334,2013,0.78
170133,2013,0.78
220176,2013,0.78
230297,2013,0.78
131310,2013,0.78
370229,2013,0.78
204007,2013,0.78
181317,2013,0.78
440025,2013,0.78
220065,2013,0.78
261316,2013,0.78
250124,2013,0.78
231325,2013,0.78
254008,2013,0.78
210004,2013,0.78
300019,2013,0.78
230241,2013,0.78
220119,2013,0.78
370083,2013,0.78
150112,2013,0.78
261307,2013,0.78
264010,2013,0.78
670066,2013,0.78
271347,2013,0.78
250043,2013,0.78
220126,2013,0.78
220174,2013,0.78
180005,2013,0.78
150001,2013,0.79
450851,2013,0.79
381302,2013,0.79
230015,2013,0.79
70007,2013,0.79
390154,2013,0.79
490077,2013,0.79
174010,2013,0.79
54009,2013,0.79
251312,2013,0.79
300011,2013,0.79
154011,2013,0.79
154009,2013,0.79
370183,2013,0.79
161372,2013,0.79
70008,2013,0.79
423031,2013,0.79
140110,2013,0.79
361328,2013,0.79
140100,2013,0.79
261327,2013,0.79
451331,2013,0.79
330079,2013,0.79
160013,2013,0.79
650001,2013,0.79
514010,2013,0.79
491302,2013,0.79
10052,2013,0.79
63034,2013,0.79
510085,2013,0.79
120019,2013,0.79
461304,2013,0.79
381317,2013,0.79
370065,2013,0.79
151323,2013,0.79
230013,2013,0.8
463301,2013,0.8
41326,2013,0.8
200063,2013,0.8
220012,2013,0.8
510047,2013,0.8
180138,2013,0.8
150011,2013,0.8
264025,2013,0.8
431321,2013,0.8
523302,2013,0.8
51328,2013,0.8
100313,2013,0.8
60096,2013,0.8
170017,2013,0.8
344004,2013,0.8
344004,2013,0.8
520198,2013,0.8
261313,2013,0.8
450586,2013,0.8
251303,2013,0.8
520109,2013,0.8
31314,2013,0.8
151316,2013,0.81
413025,2013,0.81
60036,2013,0.81
230239,2013,0.81
450108,2013,0.81
151331,2013,0.81
263031,2013,0.81
344025,2013,0.81
390138,2013,0.81
190006,2013,0.81
510013,2013,0.81
181312,2013,0.81
174004,2013,0.81
444003,2013,0.81
450451,2013,0.81
111304,2013,0.81
470012,2013,0.81
21311,2013,0.81
10029,2013,0.81
240014,2013,0.81
340186,2013,0.81
440010,2013,0.81
521323,2013,0.81
70039,2013,0.81
73025,2013,0.81
40020,2013,0.81
180017,2013,0.81
673046,2013,0.81
250002,2013,0.81
210038,2013,0.81
111306,2013,0.82
274004,2013,0.82
231334,2013,0.82
191323,2013,0.82
220015,2013,0.82
673054,2013,0.82
250050,2013,0.82
140059,2013,0.82
410013,2013,0.82
480001,2013,0.82
461302,2013,0.82
290051,2013,0.82
70040,2013,0.82
451369,2013,0.82
530025,2013,0.82
40050,2013,0.82
154005,2013,0.82
31300,2013,0.82
390112,2013,0.82
54130,2013,0.82
344026,2013,0.82
330239,2013,0.82
241305,2013,0.82
180087,2013,0.82
451345,2013,0.82
84001,2013,0.82
180149,2013,0.82
261335,2013,0.82
390184,2013,0.82
381323,2013,0.82
171339,2013,0.82
241372,2013,0.82
222003,2013,0.83
510030,2013,0.83
240076,2013,0.83
220051,2013,0.83
10073,2013,0.83
520045,2013,0.83
360095,2013,0.83
491306,2013,0.83
330074,2013,0.83
251322,2013,0.83
241378,2013,0.83
330058,2013,0.83
390327,2013,0.83
313030,2013,0.83
240088,2013,0.83
44011,2013,0.83
271335,2013,0.83
520195,2013,0.83
673039,2013,0.83
524001,2013,0.83
230085,2013,0.83
101307,2013,0.83
381314,2013,0.83
471301,2013,0.83
280128,2013,0.83
390043,2013,0.83
141343,2013,0.84
190145,2013,0.84
454009,2013,0.84
314020,2013,0.84
390118,2013,0.84
450078,2013,0.84
450641,2013,0.84
10062,2013,0.84
220082,2013,0.84
61312,2013,0.84
151334,2013,0.84
261308,2013,0.84
314027,2013,0.84
110183,2013,0.84
381316,2013,0.84
393030,2013,0.84
140083,2013,0.84
240006,2013,0.84
60071,2013,0.84
153039,2013,0.84
312014,2013,0.84
240141,2013,0.84
381319,2013,0.84
454088,2013,0.84
281348,2013,0.84
70021,2013,0.84
224040,2013,0.85
220154,2013,0.85
330354,2013,0.85
104008,2013,0.85
361330,2013,0.85
400124,2013,0.85
450488,2013,0.85
220135,2013,0.85
451303,2013,0.85
531301,2013,0.85
510031,2013,0.85
254010,2013,0.85
361316,2013,0.85
361303,2013,0.85
501304,2013,0.85
371318,2013,0.85
210029,2013,0.85
520017,2013,0.85
390030,2013,0.85
330265,2013,0.85
210057,2013,0.85
520034,2013,0.85
110194,2013,0.85
381313,2013,0.85
510082,2013,0.85
330188,2013,0.85
431318,2013,0.85
161371,2013,0.85
431335,2013,0.85
320033,2013,0.85
170027,2013,0.85
110190,2013,0.85
230264,2013,0.85
524002,2013,0.85
230030,2013,0.85
160122,2013,0.85
340070,2013,0.85
220016,2013,0.85
380082,2013,0.85
151330,2013,0.86
511320,2013,0.86
40047,2013,0.86
451372,2013,0.86
390008,2013,0.86
180095,2013,0.86
291307,2013,0.86
210001,2013,0.86
330111,2013,0.86
281364,2013,0.86
460044,2013,0.86
260059,2013,0.86
41330,2013,0.86
393036,2013,0.86
490117,2013,0.86
191313,2013,0.86
314024,2013,0.86
110032,2013,0.86
10034,2013,0.86
460049,2013,0.86
360131,2013,0.86
220046,2013,0.86
441303,2013,0.86
13027,2013,0.86
450221,2013,0.86
41309,2013,0.86
160032,2013,0.86
330162,2013,0.86
161342,2013,0.86
524008,2013,0.87
261302,2013,0.87
370048,2013,0.87
450055,2013,0.87
274086,2013,0.87
390041,2013,0.87
200025,2013,0.87
281357,2013,0.87
230174,2013,0.87
201315,2013,0.87
180025,2013,0.87
20012,2013,0.87
191301,2013,0.87
331312,2013,0.87
261333,2013,0.87
131326,2013,0.87
421301,2013,0.87
220175,2013,0.87
450085,2013,0.87
514009,2013,0.87
201309,2013,0.87
450591,2013,0.87
321308,2013,0.87
230037,2013,0.87
240022,2013,0.87
520033,2013,0.87
504003,2013,0.87
330218,2013,0.87
400015,2013,0.87
390233,2013,0.87
41318,2013,0.87
220084,2013,0.87
170105,2013,0.87
331310,2013,0.87
161358,2013,0.87
201300,2013,0.87
520160,2013,0.88
171355,2013,0.88
450860,2013,0.88
400009,2013,0.88
150022,2013,0.88
30132,2013,0.88
111315,2013,0.88
431322,2013,0.88
360189,2013,0.88
260163,2013,0.88
260162,2013,0.88
233025,2013,0.88
210012,2013,0.88
673053,2013,0.88
280129,2013,0.88
320013,2013,0.88
240040,2013,0.88
431314,2013,0.88
390065,2013,0.88
490135,2013,0.88
301304,2013,0.88
452050,2013,0.88
171349,2013,0.88
371323,2013,0.88
121302,2013,0.88
231305,2013,0.88
170190,2013,0.88
460058,2013,0.88
150064,2013,0.88
420072,2013,0.88
330277,2013,0.88
390052,2013,0.88
440102,2013,0.89
372017,2013,0.89
151310,2013,0.89
370054,2013,0.89
390266,2013,0.89
41306,2013,0.89
670069,2013,0.89
524025,2013,0.89
141304,2013,0.89
70036,2013,0.89
381325,2013,0.89
231326,2013,0.89
241363,2013,0.89
213301,2013,0.89
161361,2013,0.89
210030,2013,0.89
271317,2013,0.89
112000,2013,0.89
510077,2013,0.89
171320,2013,0.89
330151,2013,0.89
240061,2013,0.89
250049,2013,0.89
330084,2013,0.89
494010,2013,0.89
380038,2013,0.89
500072,2013,0.89
530006,2013,0.89
361310,2013,0.89
370138,2013,0.89
321300,2013,0.9
330103,2013,0.9
360203,2013,0.9
210034,2013,0.9
111325,2013,0.9
141340,2013,0.9
430008,2013,0.9
501334,2013,0.9
210009,2013,0.9
431334,2013,0.9
360010,2013,0.9
341327,2013,0.9
141336,2013,0.9
361332,2013,0.9
260004,2013,0.91
261321,2013,0.91
210024,2013,0.91
160147,2013,0.91
371301,2013,0.91
261314,2013,0.91
390150,2013,0.91
361304,2013,0.91
41323,2013,0.91
161365,2013,0.91
370178,2013,0.91
150101,2013,0.91
41302,2013,0.91
51991,2013,0.91
222023,2013,0.91
261305,2013,0.91
361334,2013,0.91
10138,2013,0.91
161309,2013,0.91
531302,2013,0.91
171375,2013,0.91
160112,2013,0.91
251307,2013,0.91
134009,2013,0.91
151322,2013,0.92
224001,2013,0.92
490106,2013,0.92
471305,2013,0.92
260080,2013,0.92
61301,2013,0.92
250085,2013,0.92
151311,2013,0.92
361307,2013,0.92
370201,2013,0.92
184002,2013,0.92
250057,2013,0.92
341319,2013,0.92
390146,2013,0.92
130063,2013,0.92
151332,2013,0.92
150005,2013,0.92
170203,2013,0.92
150065,2013,0.92
490105,2013,0.92
450489,2013,0.92
222006,2013,0.92
444002,2013,0.92
180053,2013,0.92
193058,2013,0.92
223032,2013,0.92
151313,2013,0.92
450177,2013,0.92
431326,2013,0.92
101303,2013,0.92
174016,2013,0.92
110130,2013,0.92
300023,2013,0.92
370015,2013,0.92
181321,2013,0.92
330096,2013,0.93
210062,2013,0.93
210023,2013,0.93
361318,2013,0.93
444021,2013,0.93
110051,2013,0.93
231335,2013,0.93
450465,2013,0.93
220111,2013,0.93
240187,2013,0.93
10065,2013,0.93
410006,2013,0.93
370051,2013,0.93
454014,2013,0.93
530011,2013,0.93
210051,2013,0.93
291312,2013,0.93
173300,2013,0.93
220060,2013,0.93
151301,2013,0.93
371332,2013,0.93
10120,2013,0.93
390062,2013,0.93
521343,2013,0.93
10097,2013,0.93
61323,2013,0.93
370020,2013,0.93
341308,2013,0.93
41331,2013,0.94
524019,2013,0.94
171381,2013,0.94
450399,2013,0.94
501339,2013,0.94
180021,2013,0.94
220002,2013,0.94
400005,2013,0.94
51300,2013,0.94
111314,2013,0.94
150102,2013,0.94
360270,2013,0.94
451337,2013,0.94
30120,2013,0.94
454000,2013,0.94
471302,2013,0.94
210040,2013,0.94
61326,2013,0.94
301302,2013,0.94
321304,2013,0.94
191310,2013,0.94
381324,2013,0.94
330238,2013,0.94
521311,2013,0.94
200031,2013,0.94
210048,2013,0.94
61324,2013,0.94
210043,2013,0.94
64001,2013,0.94
150038,2013,0.94
251335,2013,0.94
340011,2013,0.94
501318,2013,0.94
171313,2013,0.94
51324,2013,0.94
351330,2013,0.94
494017,2013,0.94
150045,2013,0.94
171362,2013,0.94
161379,2013,0.94
451359,2013,0.94
451357,2013,0.94
521344,2013,0.95
360156,2013,0.95
110146,2013,0.95
431325,2013,0.95
340168,2013,0.95
151326,2013,0.95
460057,2013,0.95
131316,2013,0.95
360032,2013,0.95
261319,2013,0.95
51312,2013,0.95
421304,2013,0.95
220011,2013,0.95
490134,2013,0.95
50113,2013,0.95
360014,2013,0.95
521335,2013,0.95
424005,2013,0.95
111326,2013,0.95
223027,2013,0.95
240166,2013,0.95
301311,2013,0.95
331313,2013,0.95
391306,2013,0.95
330080,2013,0.95
261337,2013,0.95
191314,2013,0.95
51327,2013,0.95
251327,2013,0.95
190184,2013,0.96
454084,2013,0.96
111300,2013,0.96
51326,2013,0.96
673038,2013,0.96
391305,2013,0.96
220033,2013,0.96
171363,2013,0.96
454011,2013,0.96
360096,2013,0.96
210061,2013,0.96
264008,2013,0.96
241369,2013,0.96
301312,2013,0.96
281334,2013,0.96
131311,2013,0.96
234006,2013,0.96
220024,2013,0.96
360029,2013,0.96
114013,2013,0.96
111310,2013,0.96
491300,2013,0.97
151305,2013,0.97
140167,2013,0.97
501338,2013,0.97
440200,2013,0.97
460015,2013,0.97
431330,2013,0.97
360089,2013,0.97
141339,2013,0.97
254009,2013,0.97
250059,2013,0.97
151304,2013,0.97
330197,2013,0.97
360185,2013,0.97
201308,2013,0.97
220095,2013,0.97
231315,2013,0.97
360002,2013,0.97
131319,2013,0.97
430092,2013,0.97
210015,2013,0.97
210039,2013,0.98
460059,2013,0.98
450889,2013,0.98
230100,2013,0.98
360170,2013,0.98
301301,2013,0.98
210016,2013,0.98
14007,2013,0.98
670049,2013,0.98
440060,2013,0.98
404007,2013,0.98
240043,2013,0.98
370153,2013,0.98
201314,2013,0.98
271336,2013,0.98
220090,2013,0.98
420104,2013,0.98
64018,2013,0.98
520011,2013,0.98
140145,2013,0.98
31312,2013,0.98
160005,2013,0.98
271321,2013,0.99
104007,2013,0.99
260102,2013,0.99
361324,2013,0.99
210035,2013,0.99
424011,2013,0.99
330204,2013,0.99
141319,2013,0.99
230003,2013,0.99
441305,2013,0.99
70038,2013,0.99
181302,2013,0.99
454008,2013,0.99
161359,2013,0.99
61328,2013,0.99
210019,2013,0.99
130065,2013,0.99
521313,2013,0.99
490123,2013,0.99
371300,2013,0.99
504004,2013,1
224032,2013,1
10102,2013,1
351306,2013,1
361301,2013,1
181323,2013,1
284003,2013,1
241366,2013,1
332016,2013,1
360046,2013,1
220098,2013,1
431320,2013,1
161367,2013,1
190151,2013,1
41311,2013,1
50546,2013,1
104001,2013,1
431315,2013,1
261317,2013,1
470001,2013,1
51994,2013,1
10025,2013,1
230144,2013,1
194008,2013,1
330128,2013,1.01
10128,2013,1.01
250095,2013,1.01
332008,2013,1.01
521303,2013,1.01
94001,2013,1.01
61314,2013,1.01
241326,2013,1.01
191322,2013,1.01
510072,2013,1.01
150181,2013,1.01
251334,2013,1.01
201311,2013,1.01
34021,2013,1.01
330196,2013,1.01
101993,2013,1.01
534001,2013,1.01
394016,2013,1.01
670058,2013,1.01
231316,2013,1.01
210005,2013,1.01
374001,2013,1.01
110186,2013,1.01
451374,2013,1.01
361321,2013,1.01
151309,2013,1.01
70003,2013,1.01
150160,2013,1.02
501325,2013,1.02
151328,2013,1.02
111311,2013,1.02
490109,2013,1.02
220029,2013,1.02
160008,2013,1.02
164005,2013,1.02
220008,2013,1.02
670052,2013,1.02
50110,2013,1.02
241361,2013,1.02
431339,2013,1.02
451346,2013,1.02
74014,2013,1.02
531311,2013,1.02
164003,2013,1.02
412001,2013,1.02
141345,2013,1.02
210027,2013,1.02
490104,2013,1.02
261323,2013,1.03
381320,2013,1.03
54124,2013,1.03
161363,2013,1.03
371312,2013,1.03
450694,2013,1.03
210017,2013,1.03
134011,2013,1.03
210044,2013,1.03
451302,2013,1.03
241356,2013,1.03
330396,2013,1.03
330231,2013,1.03
460007,2013,1.03
371307,2013,1.03
170187,2013,1.03
212003,2013,1.04
330127,2013,1.04
170150,2013,1.04
391303,2013,1.04
50726,2013,1.04
250027,2013,1.04
440016,2013,1.04
521319,2013,1.04
110027,2013,1.04
360058,2013,1.04
281352,2013,1.04
370057,2013,1.04
181329,2013,1.04
231317,2013,1.04
41328,2013,1.04
330085,2013,1.04
180079,2013,1.04
50548,2013,1.04
50545,2013,1.04
241362,2013,1.04
330223,2013,1.04
250061,2013,1.04
21306,2013,1.05
451377,2013,1.05
210056,2013,1.05
500084,2013,1.05
391308,2013,1.05
50547,2013,1.05
370158,2013,1.05
451335,2013,1.05
521330,2013,1.05
394004,2013,1.05
141349,2013,1.05
141321,2013,1.05
54122,2013,1.05
64003,2013,1.05
330240,2013,1.05
461306,2013,1.05
360065,2013,1.05
131312,2013,1.06
241346,2013,1.06
241334,2013,1.06
160124,2013,1.06
70015,2013,1.06
241330,2013,1.06
341325,2013,1.06
170014,2013,1.06
354003,2013,1.06
161381,2013,1.06
521308,2013,1.06
170094,2013,1.06
281360,2013,1.06
390318,2013,1.06
231322,2013,1.06
181331,2013,1.06
220067,2013,1.06
181330,2013,1.06
54133,2013,1.06
454100,2013,1.06
240084,2013,1.06
450620,2013,1.06
210055,2013,1.06
231332,2013,1.06
280127,2013,1.06
331301,2013,1.06
194025,2013,1.07
420102,2013,1.07
530015,2013,1.07
521347,2013,1.07
301307,2013,1.07
490012,2013,1.07
31315,2013,1.07
361300,2013,1.07
521338,2013,1.07
201312,2013,1.07
141310,2013,1.07
511301,2013,1.07
151308,2013,1.07
241350,2013,1.07
521305,2013,1.07
393308,2013,1.07
61302,2013,1.07
210018,2013,1.07
241325,2013,1.07
231314,2013,1.08
491305,2013,1.08
100298,2013,1.08
370214,2013,1.08
241364,2013,1.08
520206,2013,1.08
141335,2013,1.08
521321,2013,1.08
431319,2013,1.08
234025,2013,1.08
20008,2013,1.08
210032,2013,1.08
190133,2013,1.08
261329,2013,1.08
390199,2013,1.08
131305,2013,1.08
131327,2013,1.08
341310,2013,1.08
190241,2013,1.08
40002,2013,1.08
430096,2013,1.08
400026,2013,1.08
451347,2013,1.08
381311,2013,1.08
161368,2013,1.08
521349,2013,1.08
134010,2013,1.08
520041,2013,1.09
351321,2013,1.09
451330,2013,1.09
251314,2013,1.09
233029,2013,1.09
51307,2013,1.09
431328,2013,1.09
251315,2013,1.09
381312,2013,1.09
233027,2013,1.09
341305,2013,1.09
260147,2013,1.09
271332,2013,1.09
180064,2013,1.09
330008,2013,1.09
51304,2013,1.09
140089,2013,1.09
210058,2013,1.09
201307,2013,1.1
241377,2013,1.1
394012,2013,1.1
271327,2013,1.1
261334,2013,1.1
330385,2013,1.1
210022,2013,1.1
301309,2013,1.1
161351,2013,1.1
381305,2013,1.1
301310,2013,1.1
380056,2013,1.1
220017,2013,1.1
140019,2013,1.1
361302,2013,1.1
360352,2013,1.1
220019,2013,1.1
151329,2013,1.1
361327,2013,1.1
131328,2013,1.1
454121,2013,1.1
151335,2013,1.11
110086,2013,1.11
171333,2013,1.11
271322,2013,1.11
61322,2013,1.11
360071,2013,1.11
241357,2013,1.11
170039,2013,1.11
330053,2013,1.11
501321,2013,1.11
210063,2013,1.11
471300,2013,1.11
400130,2013,1.11
261318,2013,1.11
171317,2013,1.11
490143,2013,1.11
141305,2013,1.11
230095,2013,1.11
330202,2013,1.11
61317,2013,1.11
394014,2013,1.11
511313,2013,1.12
431327,2013,1.12
230118,2013,1.12
281349,2013,1.12
141325,2013,1.12
434003,2013,1.12
460026,2013,1.12
241381,2013,1.12
271343,2013,1.12
511303,2013,1.12
170194,2013,1.12
103304,2013,1.12
41304,2013,1.12
360044,2013,1.12
381301,2013,1.12
351336,2013,1.12
344023,2013,1.12
361991,2013,1.12
330199,2013,1.12
440174,2013,1.12
230093,2013,1.12
24002,2013,1.12
330211,2013,1.12
111322,2013,1.12
41314,2013,1.12
440070,2013,1.13
330263,2013,1.13
190001,2013,1.13
271305,2013,1.13
521327,2013,1.13
511306,2013,1.13
50714,2013,1.13
380037,2013,1.13
141326,2013,1.13
371311,2013,1.13
234035,2013,1.13
241343,2013,1.13
161344,2013,1.13
171365,2013,1.14
241338,2013,1.14
521352,2013,1.14
210049,2013,1.14
281362,2013,1.14
521353,2013,1.14
490033,2013,1.14
61316,2013,1.14
40051,2013,1.14
54148,2013,1.14
373026,2013,1.14
161374,2013,1.14
131320,2013,1.14
241355,2013,1.14
161355,2013,1.14
61320,2013,1.14
220070,2013,1.14
141331,2013,1.14
210008,2013,1.15
321305,2013,1.15
370041,2013,1.15
31302,2013,1.15
161360,2013,1.15
500153,2013,1.15
171372,2013,1.15
171341,2013,1.16
61303,2013,1.16
250081,2013,1.16
10051,2013,1.16
360013,2013,1.16
171354,2013,1.16
210028,2013,1.16
280111,2013,1.16
271325,2013,1.16
521317,2013,1.16
151315,2013,1.16
111318,2013,1.16
521312,2013,1.16
370036,2013,1.16
531307,2013,1.16
201304,2013,1.16
454006,2013,1.16
531306,2013,1.16
330132,2013,1.17
361309,2013,1.17
221303,2013,1.17
501308,2013,1.17
341320,2013,1.17
360036,2013,1.17
341307,2013,1.17
351311,2013,1.17
231310,2013,1.17
521300,2013,1.17
230108,2013,1.17
191311,2013,1.17
314018,2013,1.18
261312,2013,1.18
10095,2013,1.18
251333,2013,1.18
351335,2013,1.18
151320,2013,1.18
524026,2013,1.18
50754,2013,1.18
501324,2013,1.18
241306,2013,1.18
161354,2013,1.19
40067,2013,1.19
394001,2013,1.19
191302,2013,1.19
51330,2013,1.19
251313,2013,1.19
521341,2013,1.19
41303,2013,1.19
501310,2013,1.19
161341,2013,1.19
323026,2013,1.19
360148,2013,1.2
141328,2013,1.2
390307,2013,1.2
331311,2013,1.2
450498,2013,1.2
281322,2013,1.2
241327,2013,1.2
381318,2013,1.2
330100,2013,1.2
141350,2013,1.2
101313,2013,1.2
141322,2013,1.2
371328,2013,1.2
113028,2013,1.21
181307,2013,1.21
241373,2013,1.21
451376,2013,1.21
161321,2013,1.21
351334,2013,1.21
11304,2013,1.21
450597,2013,1.21
271346,2013,1.21
161366,2013,1.21
241368,2013,1.21
471306,2013,1.21
521351,2013,1.21
171359,2013,1.22
431312,2013,1.22
220105,2013,1.22
141313,2013,1.22
381315,2013,1.22
161307,2013,1.22
370007,2013,1.22
531313,2013,1.22
61311,2013,1.22
511312,2013,1.22
451362,2013,1.23
111336,2013,1.23
431309,2013,1.23
171344,2013,1.23
370225,2013,1.23
330144,2013,1.23
241367,2013,1.23
151327,2013,1.23
440168,2013,1.23
360197,2013,1.23
501331,2013,1.23
161347,2013,1.23
521336,2013,1.23
34025,2013,1.23
141329,2013,1.23
131321,2013,1.24
240071,2013,1.24
121300,2013,1.24
210045,2013,1.24
371327,2013,1.24
204004,2013,1.24
521304,2013,1.24
381303,2013,1.24
521314,2013,1.24
210060,2013,1.24
360355,2013,1.24
360092,2013,1.25
271309,2013,1.25
151302,2013,1.25
431305,2013,1.25
51306,2013,1.25
61313,2013,1.25
460060,2013,1.25
451321,2013,1.25
171360,2013,1.25
521331,2013,1.25
171374,2013,1.25
231318,2013,1.25
181308,2013,1.25
51331,2013,1.26
161377,2013,1.26
330175,2013,1.26
281336,2013,1.26
190297,2013,1.26
141323,2013,1.26
391302,2013,1.26
450144,2013,1.26
231312,2013,1.26
360121,2013,1.26
171327,2013,1.26
521340,2013,1.27
301305,2013,1.27
521322,2013,1.27
61305,2013,1.27
170109,2013,1.27
301308,2013,1.27
344027,2013,1.27
370139,2013,1.27
251304,2013,1.27
281304,2013,1.27
351333,2013,1.27
531305,2013,1.27
161312,2013,1.27
241371,2013,1.27
330213,2013,1.27
201313,2013,1.27
390056,2013,1.27
511300,2013,1.28
191309,2013,1.28
400061,2013,1.28
511309,2013,1.28
501326,2013,1.28
521346,2013,1.28
521345,2013,1.28
241375,2013,1.28
51990,2013,1.28
143301,2013,1.28
104024,2013,1.28
281339,2013,1.29
184015,2013,1.29
251326,2013,1.29
431306,2013,1.29
330229,2013,1.29
370103,2013,1.29
240019,2013,1.29
360175,2013,1.29
251318,2013,1.29
170166,2013,1.29
281359,2013,1.29
221300,2013,1.29
261993,2013,1.3
151319,2013,1.3
461310,2013,1.3
391312,2013,1.3
171378,2013,1.3
331302,2013,1.3
141301,2013,1.3
521302,2013,1.3
281312,2013,1.3
460033,2013,1.3
261309,2013,1.3
450446,2013,1.31
61991,2013,1.31
361333,2013,1.31
510086,2013,1.31
210006,2013,1.31
161380,2013,1.31
441306,2013,1.31
201301,2013,1.31
271303,2013,1.31
220050,2013,1.31
431338,2013,1.31
171370,2013,1.31
161339,2013,1.31
361305,2013,1.31
670078,2013,1.31
231303,2013,1.32
521354,2013,1.32
161336,2013,1.32
431336,2013,1.32
371306,2013,1.32
341303,2013,1.32
521333,2013,1.32
161345,2013,1.32
151303,2013,1.32
60049,2013,1.32
371320,2013,1.32
171342,2013,1.33
361323,2013,1.33
251331,2013,1.33
121306,2013,1.33
231311,2013,1.33
371329,2013,1.33
141302,2013,1.33
161326,2013,1.33
521326,2013,1.33
234041,2013,1.33
234041,2013,1.33
374006,2013,1.34
521316,2013,1.34
61319,2013,1.34
261328,2013,1.34
171367,2013,1.34
261322,2013,1.34
161324,2013,1.34
161333,2013,1.34
230071,2013,1.34
131302,2013,1.34
131307,2013,1.34
361315,2013,1.34
114019,2013,1.34
201303,2013,1.35
330307,2013,1.35
511319,2013,1.35
281355,2013,1.35
231331,2013,1.35
431313,2013,1.35
461307,2013,1.35
501309,2013,1.35
191305,2013,1.35
460043,2013,1.35
441310,2013,1.35
431337,2013,1.36
161375,2013,1.36
212002,2013,1.36
151324,2013,1.36
231309,2013,1.36
21313,2013,1.36
41327,2013,1.36
181327,2013,1.36
451310,2013,1.36
261301,2013,1.36
220083,2013,1.37
431329,2013,1.37
371302,2013,1.37
171340,2013,1.37
21307,2013,1.37
131318,2013,1.37
451351,2013,1.37
341311,2013,1.37
281333,2013,1.37
451990,2013,1.37
161369,2013,1.38
531309,2013,1.38
281329,2013,1.38
241336,2013,1.38
391300,2013,1.38
271306,2013,1.38
151314,2013,1.38
360107,2013,1.38
521359,2013,1.39
41307,2013,1.39
531310,2013,1.39
241337,2013,1.39
521324,2013,1.39
344024,2013,1.39
101305,2013,1.39
390093,2013,1.39
271313,2013,1.4
281331,2013,1.4
140077,2013,1.4
351320,2013,1.4
450698,2013,1.4
281308,2013,1.4
351327,2013,1.4
451312,2013,1.4
190011,2013,1.4
171319,2013,1.4
110233,2013,1.4
271308,2013,1.4
161313,2013,1.41
234026,2013,1.41
51993,2013,1.41
111324,2013,1.41
251305,2013,1.41
241335,2013,1.41
171350,2013,1.41
361308,2013,1.41
171357,2013,1.41
61315,2013,1.41
470011,2013,1.41
41313,2013,1.42
161318,2013,1.42
14012,2013,1.42
11300,2013,1.42
51305,2013,1.42
531304,2013,1.42
420016,2013,1.42
441314,2013,1.42
171383,2013,1.42
451348,2013,1.42
181304,2013,1.42
381304,2013,1.42
511315,2013,1.43
170110,2013,1.43
161314,2013,1.43
161327,2013,1.43
151317,2013,1.43
151300,2013,1.44
241347,2013,1.44
161362,2013,1.44
171325,2013,1.44
121308,2013,1.44
231304,2013,1.44
131317,2013,1.44
220073,2013,1.44
450073,2013,1.44
511307,2013,1.44
171345,2013,1.44
161328,2013,1.44
444010,2013,1.44
241349,2013,1.44
281353,2013,1.44
400127,2013,1.45
521320,2013,1.45
14014,2013,1.45
171326,2013,1.45
264007,2013,1.45
170075,2013,1.45
141307,2013,1.45
241300,2013,1.45
190256,2013,1.45
451375,2013,1.45
171316,2013,1.45
400012,2013,1.45
451363,2013,1.46
331304,2013,1.46
281326,2013,1.46
421302,2013,1.46
501314,2013,1.47
501305,2013,1.47
21304,2013,1.47
241348,2013,1.47
170198,2013,1.47
161323,2013,1.47
371322,2013,1.47
41317,2013,1.47
191324,2013,1.47
281361,2013,1.47
451308,2013,1.47
31303,2013,1.47
141333,2013,1.47
361311,2013,1.47
421300,2013,1.47
271345,2013,1.47
271320,2013,1.48
431307,2013,1.48
121301,2013,1.48
171338,2013,1.48
131315,2013,1.48
191321,2013,1.48
31304,2013,1.48
521339,2013,1.49
521318,2013,1.49
450796,2013,1.49
441316,2013,1.5
351324,2013,1.5
250018,2013,1.5
131322,2013,1.5
281363,2013,1.5
501316,2013,1.5
141341,2013,1.5
281327,2013,1.5
141337,2013,1.51
161364,2013,1.51
161338,2013,1.51
231330,2013,1.51
31301,2013,1.52
171347,2013,1.52
331314,2013,1.52
271316,2013,1.52
360362,2013,1.52
281307,2013,1.52
371325,2013,1.52
391304,2013,1.52
241341,2013,1.53
284009,2013,1.53
171371,2013,1.53
231320,2013,1.53
271323,2013,1.53
171361,2013,1.53
451349,2013,1.53
451342,2013,1.53
221990,2013,1.53
281328,2013,1.53
14009,2013,1.54
161353,2013,1.54
461303,2013,1.54
141309,2013,1.54
331303,2013,1.54
450293,2013,1.54
161308,2013,1.55
281301,2013,1.55
371310,2013,1.55
271338,2013,1.55
41320,2013,1.55
171321,2013,1.55
171348,2013,1.55
431302,2013,1.55
351304,2013,1.55
330177,2013,1.55
431316,2013,1.56
151333,2013,1.56
281335,2013,1.56
351318,2013,1.56
164002,2013,1.56
184004,2013,1.56
110113,2013,1.56
171328,2013,1.56
231321,2013,1.57
141312,2013,1.57
451324,2013,1.57
271328,2013,1.57
370112,2013,1.57
171324,2013,1.57
231323,2013,1.57
390130,2013,1.57
161350,2013,1.57
241316,2013,1.58
241322,2013,1.58
361314,2013,1.58
501992,2013,1.58
371305,2013,1.58
190246,2013,1.58
161332,2013,1.58
171314,2013,1.59
141315,2013,1.59
351326,2013,1.59
161349,2013,1.59
501322,2013,1.59
431324,2013,1.59
450143,2013,1.6
261303,2013,1.6
171311,2013,1.6
271344,2013,1.6
501313,2013,1.6
171369,2013,1.6
61304,2013,1.6
313302,2013,1.61
370080,2013,1.61
191319,2013,1.61
171334,2013,1.61
141300,2013,1.61
241314,2013,1.61
241351,2013,1.61
330268,2013,1.61
531303,2013,1.61
241315,2013,1.61
271341,2013,1.62
114029,2013,1.62
351314,2013,1.62
241323,2013,1.62
371324,2013,1.62
370212,2013,1.62
161376,2013,1.62
521350,2013,1.62
181315,2013,1.63
111330,2013,1.63
521328,2013,1.63
351303,2013,1.63
341302,2013,1.63
451358,2013,1.63
501329,2013,1.63
261332,2013,1.63
241344,2013,1.63
531308,2013,1.63
231327,2013,1.64
171300,2013,1.64
171301,2013,1.64
451352,2013,1.64
241319,2013,1.65
171315,2013,1.65
131303,2013,1.65
281347,2013,1.65
161303,2013,1.65
521990,2013,1.66
271307,2013,1.66
271318,2013,1.66
361326,2013,1.66
161306,2013,1.66
450241,2013,1.66
181314,2013,1.66
171379,2013,1.66
381307,2013,1.66
141332,2013,1.66
164004,2013,1.66
231307,2013,1.67
431301,2013,1.67
451373,2013,1.68
400105,2013,1.68
431300,2013,1.68
320067,2013,1.68
140300,2013,1.69
151312,2013,1.69
431323,2013,1.69
521325,2013,1.69
181311,2013,1.7
171377,2013,1.7
61309,2013,1.7
250079,2013,1.7
501301,2013,1.7
501327,2013,1.71
381322,2013,1.71
171353,2013,1.72
431331,2013,1.72
171318,2013,1.72
111313,2013,1.72
281356,2013,1.72
281321,2013,1.72
161357,2013,1.72
161337,2013,1.73
31309,2013,1.73
271314,2013,1.73
171368,2013,1.73
460035,2013,1.73
261336,2013,1.74
111303,2013,1.74
170199,2013,1.74
451355,2013,1.74
161304,2013,1.75
141308,2013,1.75
61306,2013,1.75
381306,2013,1.75
241318,2013,1.75
451315,2013,1.75
141347,2013,1.75
161320,2013,1.75
261306,2013,1.76
190009,2013,1.76
531314,2013,1.76
431332,2013,1.76
281338,2013,1.76
131309,2013,1.77
270087,2013,1.77
271319,2013,1.77
130025,2013,1.77
451350,2013,1.77
241331,2013,1.78
281310,2013,1.78
271334,2013,1.78
171358,2013,1.78
281354,2013,1.78
521356,2013,1.78
281313,2013,1.78
21308,2013,1.79
231328,2013,1.79
50668,2013,1.79
281365,2013,1.79
351315,2013,1.79
441300,2013,1.79
171337,2013,1.79
521315,2013,1.8
491991,2013,1.8
150165,2013,1.8
191320,2013,1.8
241360,2013,1.8
281306,2013,1.8
670062,2013,1.8
281320,2013,1.81
281344,2013,1.81
501317,2013,1.82
281330,2013,1.82
171304,2013,1.82
501307,2013,1.82
191326,2013,1.82
521342,2013,1.82
190199,2013,1.82
141303,2013,1.82
281345,2013,1.83
241339,2013,1.84
501302,2013,1.84
271331,2013,1.85
161325,2013,1.85
381309,2013,1.85
241374,2013,1.85
501315,2013,1.85
431317,2013,1.85
501320,2013,1.86
111302,2013,1.86
131314,2013,1.86
301300,2013,1.86
251324,2013,1.86
281342,2013,1.87
670089,2013,1.88
271333,2013,1.88
51301,2013,1.88
161301,2013,1.88
281341,2013,1.88
241345,2013,1.88
371313,2013,1.89
241991,2013,1.89
230301,2013,1.89
351331,2013,1.89
61325,2013,1.9
141338,2013,1.9
271301,2013,1.9
14017,2013,1.9
151306,2013,1.9
161311,2013,1.91
241308,2013,1.91
361313,2013,1.91
133025,2013,1.92
61310,2013,1.92
450584,2013,1.92
161370,2013,1.93
241342,2013,1.93
394026,2013,1.93
511304,2013,1.93
241311,2013,1.93
390122,2013,1.94
281343,2013,1.94
281332,2013,1.95
450243,2013,1.95
171352,2013,1.95
340148,2013,1.96
451353,2013,1.96
171356,2013,1.96
511311,2013,1.97
281315,2013,1.97
374000,2013,1.97
171330,2013,1.98
171307,2013,1.98
271326,2013,1.98
241303,2013,1.98
241321,2013,1.99
520196,2013,2
374008,2013,2
171309,2013,2
61300,2013,2
