RegionType,RegionID,CatID,CatVal,Year,Population
1,1,0,0,2012,2279026
1,1,1,1,2012,536949
1,1,1,2,2012,810903
1,1,1,3,2012,610476
1,1,1,4,2012,320698
1,1,2,1,2012,1100487
1,1,2,2,2012,1178539
1,1,4,1,2012,1585452
1,1,4,2,2012,540935
1,1,4,3,2012,97128
1,1,4,4,2012,22549
1,1,4,5,2012,7585
1,1,4,6,2012,25377
1,2,0,0,2012,373067
1,2,1,1,2012,85972
1,2,1,2,2012,128530
1,2,1,3,2012,100694
1,2,1,4,2012,57871
1,2,2,1,2012,185992
1,2,2,2,2012,187075
1,2,4,1,2012,257970
1,2,4,2,2012,88330
1,2,4,3,2012,14487
1,2,4,4,2012,3174
1,2,4,5,2012,1314
1,2,4,6,2012,7792
1,5,0,0,2012,631209
1,5,1,1,2012,147360
1,5,1,2,2012,222671
1,5,1,3,2012,175608
1,5,1,4,2012,85570
1,5,2,1,2012,310867
1,5,2,2,2012,320342
1,5,4,1,2012,462216
1,5,4,2,2012,109071
1,5,4,3,2012,30629
1,5,4,4,2012,10598
1,5,4,5,2012,5042
1,5,4,6,2012,13653
1,6,0,0,2012,828344
1,6,1,1,2012,203324
1,6,1,2,2012,286991
1,6,1,3,2012,222879
1,6,1,4,2012,115150
1,6,2,1,2012,403249
1,6,2,2,2012,425095
1,6,4,1,2012,550028
1,6,4,2,2012,224237
1,6,4,3,2012,24992
1,6,4,4,2012,11579
1,6,4,5,2012,6471
1,6,4,6,2012,11037
1,7,0,0,2012,470907
1,7,1,1,2012,115413
1,7,1,2,2012,174798
1,7,1,3,2012,121133
1,7,1,4,2012,59563
1,7,2,1,2012,226939
1,7,2,2,2012,243968
1,7,4,1,2012,245537
1,7,4,2,2012,197010
1,7,4,3,2012,13372
1,7,4,4,2012,6676
1,7,4,5,2012,1538
1,7,4,6,2012,6774
1,9,0,0,2012,264217
1,9,1,1,2012,61540
1,9,1,2,2012,104797
1,9,1,3,2012,64881
1,9,1,4,2012,32999
1,9,2,1,2012,128432
1,9,2,2,2012,135785
1,9,4,1,2012,163491
1,9,4,2,2012,88857
1,9,4,3,2012,6647
1,9,4,4,2012,2725
1,9,4,5,2012,448
1,9,4,6,2012,2049
1,10,0,0,2012,710522
1,10,1,1,2012,186194
1,10,1,2,2012,273232
1,10,1,3,2012,195398
1,10,1,4,2012,55698
1,10,2,1,2012,369663
1,10,2,2,2012,340859
1,10,4,1,2012,454223
1,10,4,2,2012,22640
1,10,4,3,2012,40343
1,10,4,4,2012,44570
1,10,4,5,2012,96922
1,10,4,6,2012,51824
1,11,0,0,2012,1379425
1,11,1,1,2012,353197
1,11,1,2,2012,537712
1,11,1,3,2012,316616
1,11,1,4,2012,171900
1,11,2,1,2012,690079
1,11,2,2,2012,689346
1,11,4,1,2012,912005
1,11,4,2,2012,50866
1,11,4,3,2012,303131
1,11,4,4,2012,58789
1,11,4,5,2012,24906
1,11,4,6,2012,29728
1,12,0,0,2012,3422666
1,12,1,1,2012,907622
1,12,1,2,2012,1262548
1,12,1,3,2012,841142
1,12,1,4,2012,411354
1,12,2,1,2012,1714829
1,12,2,2,2012,1707837
1,12,4,1,2012,1860907
1,12,4,2,2012,151486
1,12,4,3,2012,1111793
1,12,4,4,2012,90398
1,12,4,5,2012,148004
1,12,4,6,2012,60078
1,14,0,0,2012,279081
1,14,1,1,2012,49590
1,14,1,2,2012,67845
1,14,1,3,2012,65629
1,14,1,4,2012,96017
1,14,2,1,2012,130454
1,14,2,2,2012,148627
1,14,4,1,2012,215997
1,14,4,2,2012,8063
1,14,4,3,2012,43243
1,14,4,4,2012,5499
1,14,4,5,2012,1821
1,14,4,6,2012,4458
1,15,0,0,2012,1225862
1,15,1,1,2012,287015
1,15,1,2,2012,426545
1,15,1,3,2012,316441
1,15,1,4,2012,195861
1,15,2,1,2012,606208
1,15,2,2,2012,619654
1,15,4,1,2012,664997
1,15,4,2,2012,38417
1,15,4,3,2012,444900
1,15,4,4,2012,29368
1,15,4,5,2012,25935
1,15,4,6,2012,22245
1,16,0,0,2012,375101
1,16,1,1,2012,93667
1,16,1,2,2012,125516
1,16,1,3,2012,99545
1,16,1,4,2012,56373
1,16,2,1,2012,185610
1,16,2,2,2012,189491
1,16,4,1,2012,291103
1,16,4,2,2012,10554
1,16,4,3,2012,27051
1,16,4,4,2012,7581
1,16,4,5,2012,14613
1,16,4,6,2012,24199
1,18,0,0,2012,238631
1,18,1,1,2012,59301
1,18,1,2,2012,85432
1,18,1,3,2012,59100
1,18,1,4,2012,34798
1,18,2,1,2012,116293
1,18,2,2,2012,122338
1,18,4,1,2012,208330
1,18,4,2,2012,16647
1,18,4,3,2012,8237
1,18,4,4,2012,1378
1,18,4,5,2012,696
1,18,4,6,2012,3343
1,19,0,0,2012,1559800
1,19,1,1,2012,368940
1,19,1,2,2012,547111
1,19,1,3,2012,412557
1,19,1,4,2012,231192
1,19,2,1,2012,763055
1,19,2,2,2012,796745
1,19,4,1,2012,1135574
1,19,4,2,2012,310543
1,19,4,3,2012,69447
1,19,4,4,2012,15322
1,19,4,5,2012,5606
1,19,4,6,2012,23308
1,21,0,0,2012,540305
1,21,1,1,2012,143186
1,21,1,2,2012,205205
1,21,1,3,2012,126431
1,21,1,4,2012,65483
1,21,2,1,2012,267920
1,21,2,2,2012,272385
1,21,4,1,2012,417354
1,21,4,2,2012,9540
1,21,4,3,2012,73439
1,21,4,4,2012,16151
1,21,4,5,2012,10205
1,21,4,6,2012,13616
1,22,0,0,2012,263997
1,22,1,1,2012,65365
1,22,1,2,2012,89147
1,22,1,3,2012,70025
1,22,1,4,2012,39460
1,22,2,1,2012,129736
1,22,2,2,2012,134261
1,22,4,1,2012,176964
1,22,4,2,2012,55306
1,22,4,3,2012,19382
1,22,4,4,2012,1316
1,22,4,5,2012,5605
1,22,4,6,2012,5424
1,23,0,0,2012,3354928
1,23,1,1,2012,832508
1,23,1,2,2012,1305355
1,23,1,3,2012,837345
1,23,1,4,2012,379720
1,23,2,1,2012,1669367
1,23,2,2,2012,1685561
1,23,4,1,2012,1468110
1,23,4,2,2012,63471
1,23,4,3,2012,1146642
1,23,4,4,2012,587640
1,23,4,5,2012,8132
1,23,4,6,2012,80933
1,25,0,0,2012,1159746
1,25,1,1,2012,361641
1,25,1,2,2012,445519
1,25,1,3,2012,247500
1,25,1,4,2012,105086
1,25,2,1,2012,592078
1,25,2,2,2012,567668
1,25,4,1,2012,407384
1,25,4,2,2012,44075
1,25,4,3,2012,633235
1,25,4,4,2012,44971
1,25,4,5,2012,7425
1,25,4,6,2012,22656
1,31,0,0,2012,298033
1,31,1,1,2012,67350
1,31,1,2,2012,104505
1,31,1,3,2012,78712
1,31,1,4,2012,47466
1,31,2,1,2012,148125
1,31,2,2,2012,149908
1,31,4,1,2012,219551
1,31,4,2,2012,3580
1,31,4,3,2012,50074
1,31,4,4,2012,10676
1,31,4,5,2012,3509
1,31,4,6,2012,10643
1,33,0,0,2012,1038236
1,33,1,1,2012,257423
1,33,1,2,2012,366838
1,33,1,3,2012,286959
1,33,1,4,2012,127016
1,33,2,1,2012,513243
1,33,2,2,2012,524993
1,33,4,1,2012,541472
1,33,4,2,2012,80946
1,33,4,3,2012,230017
1,33,4,4,2012,137739
1,33,4,5,2012,2476
1,33,4,6,2012,45586
1,43,0,0,2012,1241106
1,43,1,1,2012,367629
1,43,1,2,2012,477638
1,43,1,3,2012,271097
1,43,1,4,2012,124742
1,43,2,1,2012,631248
1,43,2,2,2012,609858
1,43,4,1,2012,410371
1,43,4,2,2012,56917
1,43,4,3,2012,642036
1,43,4,4,2012,96899
1,43,4,5,2012,7830
1,43,4,6,2012,27053
1,56,0,0,2012,9900205
1,56,1,1,2012,2423674
1,56,1,2,2012,4002683
1,56,1,3,2012,2391332
1,56,1,4,2012,1082516
1,56,2,1,2012,4884135
1,56,2,2,2012,5016070
1,56,4,1,2012,2738492
1,56,4,2,2012,815621
1,56,4,3,2012,4736835
1,56,4,4,2012,1371375
1,56,4,5,2012,17911
1,56,4,6,2012,219971
1,58,0,0,2012,907377
1,58,1,1,2012,254905
1,58,1,2,2012,333210
1,58,1,3,2012,216573
1,58,1,4,2012,102689
1,58,2,1,2012,449329
1,58,2,2,2012,458048
1,58,4,1,2012,420405
1,58,4,2,2012,25990
1,58,4,3,2012,382810
1,58,4,4,2012,51510
1,58,4,5,2012,5746
1,58,4,6,2012,20916
1,62,0,0,2012,272929
1,62,1,1,2012,59250
1,62,1,2,2012,88204
1,62,1,3,2012,81095
1,62,1,4,2012,44380
1,62,2,1,2012,137382
1,62,2,2,2012,135547
1,62,4,1,2012,183517
1,62,4,2,2012,3350
1,62,4,3,2012,69068
1,62,4,4,2012,5408
1,62,4,5,2012,5144
1,62,4,6,2012,6442
1,65,0,0,2012,1554853
1,65,1,1,2012,351104
1,65,1,2,2012,620335
1,65,1,3,2012,407024
1,65,1,4,2012,176390
1,65,2,1,2012,762077
1,65,2,2,2012,792776
1,65,4,1,2012,535900
1,65,4,2,2012,184912
1,65,4,3,2012,344841
1,65,4,4,2012,418917
1,65,4,5,2012,4386
1,65,4,6,2012,65897
1,69,0,0,2012,354886
1,69,1,1,2012,73458
1,69,1,2,2012,106056
1,69,1,3,2012,93962
1,69,1,4,2012,81410
1,69,2,1,2012,179427
1,69,2,2,2012,175459
1,69,4,1,2012,213108
1,69,4,2,2012,10375
1,69,4,3,2012,109374
1,69,4,4,2012,13059
1,69,4,5,2012,1698
1,69,4,6,2012,7272
1,73,0,0,2012,347273
1,73,1,1,2012,74548
1,73,1,2,2012,115541
1,73,1,3,2012,101484
1,73,1,4,2012,55700
1,73,2,1,2012,172184
1,73,2,2,2012,175089
1,73,4,1,2012,279584
1,73,4,2,2012,3585
1,73,4,3,2012,31209
1,73,4,4,2012,9019
1,73,4,5,2012,11627
1,73,4,6,2012,12249
1,77,0,0,2012,2586936
1,77,1,1,2012,640026
1,77,1,2,2012,940589
1,77,1,3,2012,676167
1,77,1,4,2012,330154
1,77,2,1,2012,1273440
1,77,2,2,2012,1313496
1,77,4,1,2012,1469920
1,77,4,2,2012,155543
1,77,4,3,2012,544697
1,77,4,4,2012,298262
1,77,4,5,2012,15720
1,77,4,6,2012,102794
1,78,0,0,2012,401764
1,78,1,1,2012,108237
1,78,1,2,2012,157533
1,78,1,3,2012,92514
1,78,1,4,2012,43480
1,78,2,1,2012,206290
1,78,2,2,2012,195474
1,78,4,1,2012,134538
1,78,4,2,2012,11340
1,78,4,3,2012,219204
1,78,4,4,2012,26622
1,78,4,5,2012,1136
1,78,4,6,2012,8924
1,79,0,0,2012,3126012
1,79,1,1,2012,908452
1,79,1,2,2012,1200794
1,79,1,3,2012,715488
1,79,1,4,2012,301278
1,79,2,1,2012,1545606
1,79,2,2,2012,1580406
1,79,4,1,2012,1058980
1,79,4,2,2012,256988
1,79,4,3,2012,1529426
1,79,4,4,2012,192753
1,79,4,5,2012,11942
1,79,4,6,2012,75923
1,80,0,0,2012,3652420
1,80,1,1,2012,900196
1,80,1,2,2012,1453951
1,80,1,3,2012,888935
1,80,1,4,2012,409338
1,80,2,1,2012,1826440
1,80,2,2,2012,1825980
1,80,4,1,2012,1671634
1,80,4,2,2012,163062
1,80,4,3,2012,1323996
1,80,4,4,2012,373383
1,80,4,5,2012,13668
1,80,4,6,2012,106677
1,81,0,0,2012,1447449
1,81,1,1,2012,256885
1,81,1,2,2012,594967
1,81,1,3,2012,397817
1,81,1,4,2012,197780
1,81,2,1,2012,721067
1,81,2,2,2012,726382
1,81,4,1,2012,625094
1,81,4,2,2012,121577
1,81,4,3,2012,275604
1,81,4,4,2012,367383
1,81,4,5,2012,3857
1,81,4,6,2012,53934
1,82,0,0,2012,1769020
1,82,1,1,2012,427525
1,82,1,2,2012,701465
1,82,1,3,2012,446550
1,82,1,4,2012,193480
1,82,2,1,2012,888053
1,82,2,2,2012,880967
1,82,4,1,2012,608288
1,82,4,2,2012,40763
1,82,4,3,2012,502555
1,82,4,4,2012,559225
1,82,4,5,2012,4239
1,82,4,6,2012,53950
1,83,0,0,2012,246807
1,83,1,1,2012,48223
1,83,1,2,2012,90473
1,83,1,3,2012,69878
1,83,1,4,2012,38233
1,83,2,1,2012,127058
1,83,2,2,2012,119749
1,83,4,1,2012,178020
1,83,4,2,2012,5438
1,83,4,3,2012,47696
1,83,4,4,2012,8851
1,83,4,5,2012,1172
1,83,4,6,2012,5630
1,85,0,0,2012,799261
1,85,1,1,2012,175081
1,85,1,2,2012,296596
1,85,1,3,2012,218414
1,85,1,4,2012,109170
1,85,2,1,2012,394130
1,85,2,2,2012,405131
1,85,4,1,2012,351835
1,85,4,2,2012,21273
1,85,4,3,2012,187885
1,85,4,4,2012,208820
1,85,4,5,2012,1194
1,85,4,6,2012,28254
1,86,0,0,2012,443141
1,86,1,1,2012,107727
1,86,1,2,2012,172541
1,86,1,3,2012,104962
1,86,1,4,2012,57911
1,86,2,1,2012,222108
1,86,2,2,2012,221033
1,86,4,1,2012,215777
1,86,4,2,2012,7228
1,86,4,3,2012,187401
1,86,4,4,2012,20919
1,86,4,5,2012,2293
1,86,4,6,2012,9523
1,87,0,0,2012,276598
1,87,1,1,2012,62576
1,87,1,2,2012,106000
1,87,1,3,2012,77133
1,87,1,4,2012,30889
1,87,2,1,2012,138099
1,87,2,2,2012,138499
1,87,4,1,2012,157769
1,87,4,2,2012,2729
1,87,4,3,2012,96335
1,87,4,4,2012,11300
1,87,4,5,2012,735
1,87,4,6,2012,7730
1,89,0,0,2012,488088
1,89,1,1,2012,107555
1,89,1,2,2012,168366
1,89,1,3,2012,142915
1,89,1,4,2012,69252
1,89,2,1,2012,240143
1,89,2,2,2012,247945
1,89,4,1,2012,323597
1,89,4,2,2012,7083
1,89,4,3,2012,120930
1,89,4,4,2012,20680
1,89,4,5,2012,3619
1,89,4,6,2012,12179
1,91,0,0,2012,591836
1,91,1,1,2012,171223
1,91,1,2,2012,218824
1,91,1,3,2012,139346
1,91,1,4,2012,62443
1,91,2,1,2012,295122
1,91,2,2,2012,296714
1,91,4,1,2012,200676
1,91,4,2,2012,44543
1,91,4,3,2012,230607
1,91,4,4,2012,91267
1,91,4,5,2012,2478
1,91,4,6,2012,22265
1,96,0,0,2012,853424
1,96,1,1,2012,217505
1,96,1,2,2012,306681
1,96,1,3,2012,227319
1,96,1,4,2012,101919
1,96,2,1,2012,423868
1,96,2,2,2012,429556
1,96,4,1,2012,425314
1,96,4,2,2012,13369
1,96,4,3,2012,334234
1,96,4,4,2012,58464
1,96,4,5,2012,1608
1,96,4,6,2012,20435
1,101,0,0,2012,308758
1,101,1,1,2012,68540
1,101,1,2,2012,124623
1,101,1,3,2012,84069
1,101,1,4,2012,31526
1,101,2,1,2012,154575
1,101,2,2,2012,154183
1,101,4,1,2012,244930
1,101,4,2,2012,2188
1,101,4,3,2012,42197
1,101,4,4,2012,11581
1,101,4,5,2012,958
1,101,4,6,2012,6904
1,102,0,0,2012,829458
1,102,1,1,2012,204542
1,102,1,2,2012,302844
1,102,1,3,2012,224971
1,102,1,4,2012,97101
1,102,2,1,2012,420431
1,102,2,2,2012,409027
1,102,4,1,2012,590723
1,102,4,2,2012,40119
1,102,4,3,2012,146577
1,102,4,4,2012,18917
1,102,4,5,2012,4888
1,102,4,6,2012,28234
1,103,0,0,2012,2850928
1,103,1,1,2012,696050
1,103,1,2,2012,1105397
1,103,1,3,2012,750401
1,103,1,4,2012,299080
1,103,2,1,2012,1424508
1,103,2,2,2012,1426420
1,103,4,1,2012,1924192
1,103,4,2,2012,138772
1,103,4,3,2012,616210
1,103,4,4,2012,97752
1,103,4,5,2012,13359
1,103,4,6,2012,60643
1,104,0,0,2012,336981
1,104,1,1,2012,75467
1,104,1,2,2012,140099
1,104,1,3,2012,83096
1,104,1,4,2012,38319
1,104,2,1,2012,169518
1,104,2,2,2012,167463
1,104,4,1,2012,279696
1,104,4,2,2012,4737
1,104,4,3,2012,37074
1,104,4,4,2012,6494
1,104,4,5,2012,1730
1,104,4,6,2012,7250
1,105,0,0,2012,344719
1,105,1,1,2012,82414
1,105,1,2,2012,120558
1,105,1,3,2012,95245
1,105,1,4,2012,46502
1,105,2,1,2012,174457
1,105,2,2,2012,170262
1,105,4,1,2012,271806
1,105,4,2,2012,1785
1,105,4,3,2012,61868
1,105,4,4,2012,2610
1,105,4,5,2012,1222
1,105,4,6,2012,5428
1,106,0,0,2012,356509
1,106,1,1,2012,92194
1,106,1,2,2012,128752
1,106,1,3,2012,91449
1,106,1,4,2012,44114
1,106,2,1,2012,178007
1,106,2,2,2012,178502
1,106,4,1,2012,259459
1,106,4,2,2012,3134
1,106,4,3,2012,84250
1,106,4,4,2012,3392
1,106,4,5,2012,1338
1,106,4,6,2012,4936
1,107,0,0,2012,174107
1,107,1,1,2012,41600
1,107,1,2,2012,57237
1,107,1,3,2012,47581
1,107,1,4,2012,27689
1,107,2,1,2012,86486
1,107,2,2,2012,87621
1,107,4,1,2012,96162
1,107,4,2,2012,3159
1,107,4,3,2012,69470
1,107,4,4,2012,1203
1,107,4,5,2012,878
1,107,4,6,2012,3235
1,109,0,0,2012,684117
1,109,1,1,2012,169804
1,109,1,2,2012,235614
1,109,1,3,2012,185658
1,109,1,4,2012,93041
1,109,2,1,2012,332338
1,109,2,2,2012,351779
1,109,4,1,2012,424266
1,109,4,2,2012,87573
1,109,4,3,2012,127298
1,109,4,4,2012,33207
1,109,4,5,2012,461
1,109,4,6,2012,11312
1,110,0,0,2012,1509809
1,110,1,1,2012,335186
1,110,1,2,2012,520559
1,110,1,3,2012,436559
1,110,1,4,2012,217505
1,110,2,1,2012,737192
1,110,2,2,2012,772617
1,110,4,1,2012,1118455
1,110,4,2,2012,128594
1,110,4,3,2012,174646
1,110,4,4,2012,55078
1,110,4,5,2012,2132
1,110,4,6,2012,30904
1,111,0,0,2012,1480595
1,111,1,1,2012,331746
1,111,1,2,2012,510851
1,111,1,3,2012,425590
1,111,1,4,2012,212408
1,111,2,1,2012,720814
1,111,2,2,2012,759781
1,111,4,1,2012,1083309
1,111,4,2,2012,120168
1,111,4,3,2012,191216
1,111,4,4,2012,51709
1,111,4,5,2012,2438
1,111,4,6,2012,31755
1,112,0,0,2012,795624
1,112,1,1,2012,190858
1,112,1,2,2012,291034
1,112,1,3,2012,212411
1,112,1,4,2012,101321
1,112,2,1,2012,385386
1,112,2,2,2012,410238
1,112,4,1,2012,516394
1,112,4,2,2012,172480
1,112,4,3,2012,60079
1,112,4,4,2012,28346
1,112,4,5,2012,1899
1,112,4,6,2012,16426
1,113,0,0,2012,2623314
1,113,1,1,2012,592298
1,113,1,2,2012,1002356
1,113,1,3,2012,715723
1,113,1,4,2012,312937
1,113,2,1,2012,1268141
1,113,2,2,2012,1355173
1,113,4,1,2012,1369431
1,113,4,2,2012,825301
1,113,4,3,2012,211765
1,113,4,4,2012,148700
1,113,4,5,2012,6530
1,113,4,6,2012,61587
1,115,0,0,2012,322934
1,115,1,1,2012,65966
1,115,1,2,2012,94011
1,115,1,3,2012,88171
1,115,1,4,2012,74786
1,115,2,1,2012,156515
1,115,2,2,2012,166419
1,115,4,1,2012,236535
1,115,4,2,2012,27297
1,115,4,3,2012,48122
1,115,4,4,2012,5751
1,115,4,5,2012,484
1,115,4,6,2012,4745
1,116,0,0,2012,507061
1,116,1,1,2012,88627
1,116,1,2,2012,145173
1,116,1,3,2012,155604
1,116,1,4,2012,117657
1,116,2,1,2012,242829
1,116,2,2,2012,264232
1,116,4,1,2012,414620
1,116,4,2,2012,27484
1,116,4,3,2012,43365
1,116,4,4,2012,11661
1,116,4,5,2012,1251
1,116,4,6,2012,8680
1,118,0,0,2012,2796687
1,118,1,1,2012,578454
1,118,1,2,2012,923541
1,118,1,3,2012,756754
1,118,1,4,2012,537938
1,118,2,1,2012,1361593
1,118,2,2,2012,1435094
1,118,4,1,2012,1570470
1,118,4,2,2012,574075
1,118,4,3,2012,531485
1,118,4,4,2012,68602
1,118,4,5,2012,4188
1,118,4,6,2012,47867
1,119,0,0,2012,1187829
1,119,1,1,2012,230078
1,119,1,2,2012,343130
1,119,1,3,2012,317623
1,119,1,4,2012,296998
1,119,2,1,2012,585373
1,119,2,2,2012,602456
1,119,4,1,2012,831988
1,119,4,2,2012,88077
1,119,4,3,2012,233632
1,119,4,4,2012,15714
1,119,4,5,2012,2506
1,119,4,6,2012,15912
1,120,0,0,2012,570199
1,120,1,1,2012,120720
1,120,1,2,2012,218201
1,120,1,3,2012,148727
1,120,1,4,2012,82551
1,120,2,1,2012,287761
1,120,2,2,2012,282438
1,120,4,1,2012,405173
1,120,4,2,2012,94403
1,120,4,3,2012,41803
1,120,4,4,2012,15416
1,120,4,5,2012,1447
1,120,4,6,2012,11957
1,122,0,0,2012,412206
1,122,1,1,2012,78543
1,122,1,2,2012,116202
1,122,1,3,2012,115179
1,122,1,4,2012,102282
1,122,2,1,2012,199043
1,122,2,2,2012,213163
1,122,4,1,2012,348712
1,122,4,2,2012,14269
1,122,4,3,2012,36881
1,122,4,4,2012,6146
1,122,4,5,2012,662
1,122,4,6,2012,5536
1,123,0,0,2012,1634502
1,123,1,1,2012,391281
1,123,1,2,2012,599709
1,123,1,3,2012,440727
1,123,1,4,2012,202785
1,123,2,1,2012,798314
1,123,2,2,2012,836188
1,123,4,1,2012,1077988
1,123,4,2,2012,354920
1,123,4,3,2012,112839
1,123,4,4,2012,49155
1,123,4,5,2012,4106
1,123,4,6,2012,35494
1,124,0,0,2012,394321
1,124,1,1,2012,96255
1,124,1,2,2012,135452
1,124,1,3,2012,101479
1,124,1,4,2012,61135
1,124,2,1,2012,194299
1,124,2,2,2012,200022
1,124,4,1,2012,263383
1,124,4,2,2012,48964
1,124,4,3,2012,67505
1,124,4,4,2012,6555
1,124,4,5,2012,1165
1,124,4,6,2012,6749
1,127,0,0,2012,3209514
1,127,1,1,2012,705127
1,127,1,2,2012,1215604
1,127,1,3,2012,839681
1,127,1,4,2012,449102
1,127,2,1,2012,1554825
1,127,2,2,2012,1654689
1,127,4,1,2012,677851
1,127,4,2,2012,573705
1,127,4,3,2012,1854897
1,127,4,4,2012,65426
1,127,4,5,2012,3450
1,127,4,6,2012,34185
1,129,0,0,2012,515010
1,129,1,1,2012,87381
1,129,1,2,2012,125450
1,129,1,3,2012,145331
1,129,1,4,2012,156848
1,129,2,1,2012,247116
1,129,2,2,2012,267894
1,129,4,1,2012,412565
1,129,4,2,2012,44418
1,129,4,3,2012,43053
1,129,4,4,2012,7197
1,129,4,5,2012,1507
1,129,4,6,2012,6270
1,130,0,0,2012,3637083
1,130,1,1,2012,811029
1,130,1,2,2012,1282710
1,130,1,3,2012,954501
1,130,1,4,2012,588843
1,130,2,1,2012,1786162
1,130,2,2,2012,1850921
1,130,4,1,2012,2180143
1,130,4,2,2012,498869
1,130,4,3,2012,764346
1,130,4,4,2012,108695
1,130,4,5,2012,8261
1,130,4,6,2012,76769
1,131,0,0,2012,383505
1,131,1,1,2012,66060
1,131,1,2,2012,109875
1,131,1,3,2012,114628
1,131,1,4,2012,92942
1,131,2,1,2012,186070
1,131,2,2,2012,197435
1,131,4,1,2012,303749
1,131,4,2,2012,44725
1,131,4,3,2012,20920
1,131,4,4,2012,7568
1,131,4,5,2012,984
1,131,4,6,2012,5559
1,133,0,0,2012,217863
1,133,1,1,2012,47037
1,133,1,2,2012,76593
1,133,1,3,2012,61330
1,133,1,4,2012,32903
1,133,2,1,2012,110245
1,133,2,2,2012,107618
1,133,4,1,2012,172067
1,133,4,2,2012,24629
1,133,4,3,2012,9792
1,133,4,4,2012,3710
1,133,4,5,2012,970
1,133,4,6,2012,6695
1,134,0,0,2012,767919
1,134,1,1,2012,172497
1,134,1,2,2012,272219
1,134,1,3,2012,211859
1,134,1,4,2012,111344
1,134,2,1,2012,384897
1,134,2,2,2012,383022
1,134,4,1,2012,570639
1,134,4,2,2012,109846
1,134,4,3,2012,38376
1,134,4,4,2012,19371
1,134,4,5,2012,5311
1,134,4,6,2012,24376
1,137,0,0,2012,386118
1,137,1,1,2012,56924
1,137,1,2,2012,90981
1,137,1,3,2012,112922
1,137,1,4,2012,125291
1,137,2,1,2012,187000
1,137,2,2,2012,199118
1,137,4,1,2012,322926
1,137,4,2,2012,17463
1,137,4,3,2012,36192
1,137,4,4,2012,4822
1,137,4,5,2012,638
1,137,4,6,2012,4077
1,139,0,0,2012,410328
1,139,1,1,2012,73332
1,139,1,2,2012,134107
1,139,1,3,2012,124513
1,139,1,4,2012,78376
1,139,2,1,2012,197576
1,139,2,2,2012,212752
1,139,4,1,2012,290644
1,139,4,2,2012,64802
1,139,4,3,2012,30013
1,139,4,4,2012,16595
1,139,4,5,2012,798
1,139,4,6,2012,7476
1,140,0,0,2012,835293
1,140,1,1,2012,196563
1,140,1,2,2012,331824
1,140,1,3,2012,207520
1,140,1,4,2012,99386
1,140,2,1,2012,413554
1,140,2,2,2012,421739
1,140,4,1,2012,492567
1,140,4,2,2012,260863
1,140,4,3,2012,54078
1,140,4,4,2012,12693
1,140,4,5,2012,2350
1,140,4,6,2012,12742
1,141,0,0,2012,1388290
1,141,1,1,2012,328177
1,141,1,2,2012,527051
1,141,1,3,2012,355511
1,141,1,4,2012,177551
1,141,2,1,2012,677045
1,141,2,2,2012,711245
1,141,4,1,2012,781539
1,141,4,2,2012,201152
1,141,4,3,2012,325627
1,141,4,4,2012,47603
1,141,4,5,2012,2721
1,141,4,6,2012,29648
1,142,0,0,2012,216728
1,142,1,1,2012,56622
1,142,1,2,2012,77721
1,142,1,3,2012,55710
1,142,1,4,2012,26675
1,142,2,1,2012,104224
1,142,2,2,2012,112504
1,142,4,1,2012,93213
1,142,4,2,2012,112691
1,142,4,3,2012,6312
1,142,4,4,2012,2063
1,142,4,5,2012,198
1,142,4,6,2012,2251
1,144,0,0,2012,6255639
1,144,1,1,2012,1621221
1,144,1,2,2012,2442044
1,144,1,3,2012,1575409
1,144,1,4,2012,616965
1,144,2,1,2012,3051759
1,144,2,2,2012,3203880
1,144,4,1,2012,3396149
1,144,4,2,2012,1791728
1,144,4,3,2012,670959
1,144,4,4,2012,274043
1,144,4,5,2012,12217
1,144,4,6,2012,110543
1,145,0,0,2012,676751
1,145,1,1,2012,166361
1,145,1,2,2012,239355
1,145,1,3,2012,182221
1,145,1,4,2012,88814
1,145,2,1,2012,330297
1,145,2,2,2012,346454
1,145,4,1,2012,373001
1,145,4,2,2012,252904
1,145,4,3,2012,27648
1,145,4,4,2012,10332
1,145,4,5,2012,1648
1,145,4,6,2012,11218
1,146,0,0,2012,346891
1,146,1,1,2012,89379
1,146,1,2,2012,130059
1,146,1,3,2012,86477
1,146,1,4,2012,40976
1,146,2,1,2012,170199
1,146,2,2,2012,176692
1,146,4,1,2012,176946
1,146,4,2,2012,136661
1,146,4,3,2012,18940
1,146,4,4,2012,5682
1,146,4,5,2012,800
1,146,4,6,2012,7862
1,147,0,0,2012,740113
1,147,1,1,2012,182057
1,147,1,2,2012,265587
1,147,1,3,2012,196484
1,147,1,4,2012,95985
1,147,2,1,2012,363929
1,147,2,2,2012,376184
1,147,4,1,2012,411194
1,147,4,2,2012,281818
1,147,4,3,2012,26353
1,147,4,4,2012,9308
1,147,4,5,2012,1005
1,147,4,6,2012,10435
1,148,0,0,2012,295844
1,148,1,1,2012,74464
1,148,1,2,2012,104978
1,148,1,3,2012,76429
1,148,1,4,2012,39973
1,148,2,1,2012,145242
1,148,2,2,2012,150602
1,148,4,1,2012,235099
1,148,4,2,2012,29133
1,148,4,3,2012,24205
1,148,4,4,2012,2875
1,148,4,5,2012,689
1,148,4,6,2012,3843
1,149,0,0,2012,860369
1,149,1,1,2012,211491
1,149,1,2,2012,327749
1,149,1,3,2012,208785
1,149,1,4,2012,112344
1,149,2,1,2012,425150
1,149,2,2,2012,435219
1,149,4,1,2012,510264
1,149,4,2,2012,255737
1,149,4,3,2012,64897
1,149,4,4,2012,12905
1,149,4,5,2012,1865
1,149,4,6,2012,14701
1,150,0,0,2012,1362730
1,150,1,1,2012,302912
1,150,1,2,2012,495919
1,150,1,3,2012,366851
1,150,1,4,2012,197048
1,150,2,1,2012,683498
1,150,2,2,2012,679232
1,150,4,1,2012,310367
1,150,4,2,2012,20826
1,150,4,3,2012,122882
1,150,4,4,2012,642118
1,150,4,5,2012,1768
1,150,4,6,2012,264769
1,151,0,0,2012,888740
1,151,1,1,2012,241314
1,151,1,2,2012,320628
1,151,1,3,2012,219445
1,151,1,4,2012,107353
1,151,2,1,2012,446915
1,151,2,2,2012,441825
1,151,4,1,2012,716385
1,151,4,2,2012,6012
1,151,4,3,2012,125689
1,151,4,4,2012,15216
1,151,4,5,2012,6358
1,151,4,6,2012,19080
1,152,0,0,2012,235582
1,152,1,1,2012,73440
1,152,1,2,2012,87629
1,152,1,3,2012,50150
1,152,1,4,2012,24363
1,152,2,1,2012,117731
1,152,2,2,2012,117851
1,152,4,1,2012,200744
1,152,4,2,2012,837
1,152,4,3,2012,26847
1,152,4,4,2012,1704
1,152,4,5,2012,1706
1,152,4,6,2012,3744
1,154,0,0,2012,343742
1,154,1,1,2012,100000
1,154,1,2,2012,137778
1,154,1,3,2012,77192
1,154,1,4,2012,28772
1,154,2,1,2012,171637
1,154,2,2,2012,172105
1,154,4,1,2012,192071
1,154,4,2,2012,23904
1,154,4,3,2012,106355
1,154,4,4,2012,13981
1,154,4,5,2012,354
1,154,4,6,2012,7077
1,155,0,0,2012,870701
1,155,1,1,2012,216813
1,155,1,2,2012,297268
1,155,1,3,2012,238515
1,155,1,4,2012,118105
1,155,2,1,2012,418030
1,155,2,2,2012,452671
1,155,4,1,2012,447461
1,155,4,2,2012,278958
1,155,4,3,2012,114857
1,155,4,4,2012,15427
1,155,4,5,2012,692
1,155,4,6,2012,13306
1,156,0,0,2012,2583702
1,156,1,1,2012,592570
1,156,1,2,2012,1139600
1,156,1,3,2012,578257
1,156,1,4,2012,273275
1,156,2,1,2012,1250321
1,156,2,2,2012,1333381
1,156,4,1,2012,823682
1,156,4,2,2012,842770
1,156,4,3,2012,723519
1,156,4,4,2012,152719
1,156,4,5,2012,3384
1,156,4,6,2012,37628
1,158,0,0,2012,802649
1,158,1,1,2012,215106
1,158,1,2,2012,287176
1,158,1,3,2012,220803
1,158,1,4,2012,79564
1,158,2,1,2012,398131
1,158,2,2,2012,404518
1,158,4,1,2012,551846
1,158,4,2,2012,24189
1,158,4,3,2012,151931
1,158,4,4,2012,62283
1,158,4,5,2012,650
1,158,4,6,2012,11750
1,161,0,0,2012,912280
1,161,1,1,2012,207837
1,161,1,2,2012,299120
1,161,1,3,2012,261131
1,161,1,4,2012,144192
1,161,2,1,2012,443583
1,161,2,2,2012,468697
1,161,4,1,2012,646134
1,161,4,2,2012,31284
1,161,4,3,2012,106021
1,161,4,4,2012,113453
1,161,4,5,2012,693
1,161,4,6,2012,14695
1,163,0,0,2012,501902
1,163,1,1,2012,131248
1,163,1,2,2012,174704
1,163,1,3,2012,142037
1,163,1,4,2012,53913
1,163,2,1,2012,245537
1,163,2,2,2012,256365
1,163,4,1,2012,347327
1,163,4,2,2012,36216
1,163,4,3,2012,48969
1,163,4,4,2012,58745
1,163,4,5,2012,223
1,163,4,6,2012,10422
1,164,0,0,2012,685001
1,164,1,1,2012,186289
1,164,1,2,2012,250704
1,164,1,3,2012,172982
1,164,1,4,2012,75026
1,164,2,1,2012,339656
1,164,2,2,2012,345345
1,164,4,1,2012,505050
1,164,4,2,2012,58994
1,164,4,3,2012,96404
1,164,4,4,2012,12739
1,164,4,5,2012,529
1,164,4,6,2012,11285
1,166,0,0,2012,1326764
1,166,1,1,2012,332189
1,166,1,2,2012,480655
1,166,1,3,2012,358487
1,166,1,4,2012,155433
1,166,2,1,2012,652101
1,166,2,2,2012,674663
1,166,4,1,2012,798109
1,166,4,2,2012,103933
1,166,4,3,2012,340734
1,166,4,4,2012,66064
1,166,4,5,2012,1074
1,166,4,6,2012,16850
1,170,0,0,2012,615431
1,170,1,1,2012,141971
1,170,1,2,2012,206604
1,170,1,3,2012,168311
1,170,1,4,2012,98545
1,170,2,1,2012,303289
1,170,2,2,2012,312142
1,170,4,1,2012,527909
1,170,4,2,2012,42985
1,170,4,3,2012,24711
1,170,4,4,2012,8732
1,170,4,5,2012,982
1,170,4,6,2012,10112
1,171,0,0,2012,732458
1,171,1,1,2012,178211
1,171,1,2,2012,254512
1,171,1,3,2012,195412
1,171,1,4,2012,104323
1,171,2,1,2012,361504
1,171,2,2,2012,370954
1,171,4,1,2012,574533
1,171,4,2,2012,50304
1,171,4,3,2012,83065
1,171,4,4,2012,12503
1,171,4,5,2012,1063
1,171,4,6,2012,10990
1,172,0,0,2012,833009
1,172,1,1,2012,189800
1,172,1,2,2012,276562
1,172,1,3,2012,231438
1,172,1,4,2012,135209
1,172,2,1,2012,411277
1,172,2,2,2012,421732
1,172,4,1,2012,738430
1,172,4,2,2012,57183
1,172,4,3,2012,15733
1,172,4,4,2012,7689
1,172,4,5,2012,1039
1,172,4,6,2012,12935
1,173,0,0,2012,453927
1,173,1,1,2012,102888
1,173,1,2,2012,176945
1,173,1,3,2012,111444
1,173,1,4,2012,62650
1,173,2,1,2012,224214
1,173,2,2,2012,229713
1,173,4,1,2012,369049
1,173,4,2,2012,37928
1,173,4,3,2012,19020
1,173,4,4,2012,19940
1,173,4,5,2012,563
1,173,4,6,2012,7427
1,175,0,0,2012,202622
1,175,1,1,2012,48403
1,175,1,2,2012,82373
1,175,1,3,2012,49108
1,175,1,4,2012,22738
1,175,2,1,2012,99589
1,175,2,2,2012,103033
1,175,4,1,2012,168639
1,175,4,2,2012,13433
1,175,4,3,2012,8697
1,175,4,4,2012,7430
1,175,4,5,2012,221
1,175,4,6,2012,4202
1,179,0,0,2012,684220
1,179,1,1,2012,156832
1,179,1,2,2012,229505
1,179,1,3,2012,191616
1,179,1,4,2012,106267
1,179,2,1,2012,339530
1,179,2,2,2012,344690
1,179,4,1,2012,622451
1,179,4,2,2012,30625
1,179,4,3,2012,14681
1,179,4,4,2012,4548
1,179,4,5,2012,1154
1,179,4,6,2012,10761
1,180,0,0,2012,861345
1,180,1,1,2012,222881
1,180,1,2,2012,292043
1,180,1,3,2012,229231
1,180,1,4,2012,117190
1,180,2,1,2012,424066
1,180,2,2,2012,437279
1,180,4,1,2012,743788
1,180,4,2,2012,44728
1,180,4,3,2012,43602
1,180,4,4,2012,11982
1,180,4,5,2012,2139
1,180,4,6,2012,15106
1,181,0,0,2012,512531
1,181,1,1,2012,125646
1,181,1,2,2012,173159
1,181,1,3,2012,143016
1,181,1,4,2012,70710
1,181,2,1,2012,249978
1,181,2,2,2012,262553
1,181,4,1,2012,352838
1,181,4,2,2012,104333
1,181,4,3,2012,42179
1,181,4,4,2012,4761
1,181,4,5,2012,1173
1,181,4,6,2012,7247
1,183,0,0,2012,2858092
1,183,1,1,2012,711238
1,183,1,2,2012,1045173
1,183,1,3,2012,744823
1,183,1,4,2012,356858
1,183,2,1,2012,1403529
1,183,2,2,2012,1454563
1,183,4,1,2012,2301085
1,183,4,2,2012,291441
1,183,4,3,2012,147109
1,183,4,4,2012,54413
1,183,4,5,2012,5059
1,183,4,6,2012,58985
1,184,0,0,2012,243000
1,184,1,1,2012,57329
1,184,1,2,2012,104450
1,184,1,3,2012,53830
1,184,1,4,2012,27391
1,184,2,1,2012,122636
1,184,2,2,2012,120364
1,184,4,1,2012,205155
1,184,4,2,2012,6948
1,184,4,3,2012,15453
1,184,4,4,2012,11016
1,184,4,5,2012,327
1,184,4,6,2012,4101
1,185,0,0,2012,164541
1,185,1,1,2012,37180
1,185,1,2,2012,60617
1,185,1,3,2012,41451
1,185,1,4,2012,25293
1,185,2,1,2012,79369
1,185,2,2,2012,85172
1,185,4,1,2012,148291
1,185,4,2,2012,5612
1,185,4,3,2012,3512
1,185,4,4,2012,1361
1,185,4,5,2012,307
1,185,4,6,2012,5458
1,186,0,0,2012,319193
1,186,1,1,2012,81068
1,186,1,2,2012,111946
1,186,1,3,2012,84729
1,186,1,4,2012,41450
1,186,2,1,2012,152849
1,186,2,2,2012,166344
1,186,4,1,2012,163610
1,186,4,2,2012,71631
1,186,4,3,2012,74264
1,186,4,4,2012,4701
1,186,4,5,2012,570
1,186,4,6,2012,4417
1,187,0,0,2012,714752
1,187,1,1,2012,185401
1,187,1,2,2012,247454
1,187,1,3,2012,186487
1,187,1,4,2012,95410
1,187,2,1,2012,353709
1,187,2,2,2012,361043
1,187,4,1,2012,575804
1,187,4,2,2012,51926
1,187,4,3,2012,63550
1,187,4,4,2012,8106
1,187,4,5,2012,1731
1,187,4,6,2012,13635
1,188,0,0,2012,179694
1,188,1,1,2012,40121
1,188,1,2,2012,65833
1,188,1,3,2012,47289
1,188,1,4,2012,26451
1,188,2,1,2012,90694
1,188,2,2,2012,89000
1,188,4,1,2012,162178
1,188,4,2,2012,8606
1,188,4,3,2012,3232
1,188,4,4,2012,2073
1,188,4,5,2012,521
1,188,4,6,2012,3084
1,190,0,0,2012,298684
1,190,1,1,2012,72663
1,190,1,2,2012,103375
1,190,1,3,2012,80522
1,190,1,4,2012,42124
1,190,2,1,2012,148024
1,190,2,2,2012,150660
1,190,4,1,2012,273043
1,190,4,2,2012,8911
1,190,4,3,2012,6614
1,190,4,4,2012,4069
1,190,4,5,2012,521
1,190,4,6,2012,5526
1,191,0,0,2012,496665
1,191,1,1,2012,116016
1,191,1,2,2012,163030
1,191,1,3,2012,139190
1,191,1,4,2012,78429
1,191,2,1,2012,243567
1,191,2,2,2012,253098
1,191,4,1,2012,419377
1,191,4,2,2012,28857
1,191,4,3,2012,30789
1,191,4,4,2012,6739
1,191,4,5,2012,892
1,191,4,6,2012,10011
1,192,0,0,2012,1094493
1,192,1,1,2012,268752
1,192,1,2,2012,393131
1,192,1,3,2012,280680
1,192,1,4,2012,151930
1,192,2,1,2012,542482
1,192,2,2,2012,552011
1,192,4,1,2012,957788
1,192,4,2,2012,33373
1,192,4,3,2012,57900
1,192,4,4,2012,26253
1,192,4,5,2012,2886
1,192,4,6,2012,16293
1,193,0,0,2012,157087
1,193,1,1,2012,36677
1,193,1,2,2012,52122
1,193,1,3,2012,43127
1,193,1,4,2012,25161
1,193,2,1,2012,78556
1,193,2,2,2012,78531
1,193,4,1,2012,148044
1,193,4,2,2012,1814
1,193,4,3,2012,2953
1,193,4,4,2012,1342
1,193,4,5,2012,286
1,193,4,6,2012,2648
1,194,0,0,2012,338551
1,194,1,1,2012,76976
1,194,1,2,2012,129588
1,194,1,3,2012,87061
1,194,1,4,2012,44926
1,194,2,1,2012,168454
1,194,2,2,2012,170097
1,194,4,1,2012,292153
1,194,4,2,2012,9044
1,194,4,3,2012,21520
1,194,4,4,2012,10043
1,194,4,5,2012,415
1,194,4,6,2012,5376
1,195,0,0,2012,131939
1,195,1,1,2012,29168
1,195,1,2,2012,38462
1,195,1,3,2012,38448
1,195,1,4,2012,25861
1,195,2,1,2012,65021
1,195,2,2,2012,66918
1,195,4,1,2012,123942
1,195,4,2,2012,619
1,195,4,3,2012,4968
1,195,4,4,2012,712
1,195,4,5,2012,191
1,195,4,6,2012,1507
1,196,0,0,2012,263836
1,196,1,1,2012,68338
1,196,1,2,2012,87558
1,196,1,3,2012,68433
1,196,1,4,2012,39507
1,196,2,1,2012,131212
1,196,2,2,2012,132624
1,196,4,1,2012,214022
1,196,4,2,2012,4100
1,196,4,3,2012,30673
1,196,4,4,2012,5275
1,196,4,5,2012,5973
1,196,4,6,2012,3793
1,197,0,0,2012,214905
1,197,1,1,2012,49742
1,197,1,2,2012,76604
1,197,1,3,2012,55253
1,197,1,4,2012,33306
1,197,2,1,2012,104819
1,197,2,2,2012,110086
1,197,4,1,2012,191268
1,197,4,2,2012,12021
1,197,4,3,2012,6025
1,197,4,4,2012,2206
1,197,4,5,2012,297
1,197,4,6,2012,3088
1,200,0,0,2012,452982
1,200,1,1,2012,112580
1,200,1,2,2012,167641
1,200,1,3,2012,112521
1,200,1,4,2012,60240
1,200,2,1,2012,225060
1,200,2,2,2012,227922
1,200,4,1,2012,362232
1,200,4,2,2012,26172
1,200,4,3,2012,39188
1,200,4,4,2012,8184
1,200,4,5,2012,3731
1,200,4,6,2012,13475
1,201,0,0,2012,1274792
1,201,1,1,2012,329121
1,201,1,2,2012,429255
1,201,1,3,2012,333314
1,201,1,4,2012,183102
1,201,2,1,2012,634341
1,201,2,2,2012,640451
1,201,4,1,2012,987798
1,201,4,2,2012,56190
1,201,4,3,2012,163283
1,201,4,4,2012,27507
1,201,4,5,2012,7671
1,201,4,6,2012,32343
1,203,0,0,2012,417733
1,203,1,1,2012,106217
1,203,1,2,2012,153946
1,203,1,3,2012,110773
1,203,1,4,2012,46797
1,203,2,1,2012,206115
1,203,2,2,2012,211618
1,203,4,1,2012,381066
1,203,4,2,2012,13459
1,203,4,3,2012,10796
1,203,4,4,2012,4961
1,203,4,5,2012,643
1,203,4,6,2012,6808
1,204,0,0,2012,1517636
1,204,1,1,2012,349940
1,204,1,2,2012,557374
1,204,1,3,2012,410534
1,204,1,4,2012,199788
1,204,2,1,2012,749008
1,204,2,2,2012,768628
1,204,4,1,2012,1361559
1,204,4,2,2012,75517
1,204,4,3,2012,42154
1,204,4,4,2012,15682
1,204,4,5,2012,2336
1,204,4,6,2012,20388
1,205,0,0,2012,1754782
1,205,1,1,2012,417855
1,205,1,2,2012,618132
1,205,1,3,2012,484549
1,205,1,4,2012,234246
1,205,2,1,2012,860496
1,205,2,2,2012,894286
1,205,4,1,2012,1437647
1,205,4,2,2012,195589
1,205,4,3,2012,62363
1,205,4,4,2012,24534
1,205,4,5,2012,2772
1,205,4,6,2012,31877
1,207,0,0,2012,145944
1,207,1,1,2012,35701
1,207,1,2,2012,48636
1,207,1,3,2012,39855
1,207,1,4,2012,21752
1,207,2,1,2012,71509
1,207,2,2,2012,74435
1,207,4,1,2012,134345
1,207,4,2,2012,5250
1,207,4,3,2012,3502
1,207,4,4,2012,679
1,207,4,5,2012,184
1,207,4,6,2012,1984
1,208,0,0,2012,368720
1,208,1,1,2012,79781
1,208,1,2,2012,120595
1,208,1,3,2012,104457
1,208,1,4,2012,63887
1,208,2,1,2012,180931
1,208,2,2,2012,187789
1,208,4,1,2012,330122
1,208,4,2,2012,21316
1,208,4,3,2012,7741
1,208,4,4,2012,2443
1,208,4,5,2012,779
1,208,4,6,2012,6319
1,209,0,0,2012,290970
1,209,1,1,2012,72030
1,209,1,2,2012,102674
1,209,1,3,2012,76635
1,209,1,4,2012,39631
1,209,2,1,2012,146061
1,209,2,2,2012,144909
1,209,4,1,2012,191385
1,209,4,2,2012,80619
1,209,4,3,2012,8525
1,209,4,4,2012,2943
1,209,4,5,2012,2382
1,209,4,6,2012,5116
1,210,0,0,2012,942761
1,210,1,1,2012,235595
1,210,1,2,2012,364319
1,210,1,3,2012,238468
1,210,1,4,2012,104379
1,210,2,1,2012,462583
1,210,2,2,2012,480178
1,210,4,1,2012,549453
1,210,4,2,2012,333687
1,210,4,3,2012,31253
1,210,4,4,2012,15585
1,210,4,5,2012,2101
1,210,4,6,2012,10682
1,212,0,0,2012,271670
1,212,1,1,2012,68500
1,212,1,2,2012,98708
1,212,1,3,2012,71659
1,212,1,4,2012,32803
1,212,2,1,2012,133919
1,212,2,2,2012,137751
1,212,4,1,2012,191305
1,212,4,2,2012,52463
1,212,4,3,2012,11004
1,212,4,4,2012,2415
1,212,4,5,2012,8740
1,212,4,6,2012,5743
1,213,0,0,2012,622514
1,213,1,1,2012,161544
1,213,1,2,2012,225064
1,213,1,3,2012,160488
1,213,1,4,2012,75418
1,213,2,1,2012,303437
1,213,2,2,2012,319077
1,213,4,1,2012,414521
1,213,4,2,2012,171680
1,213,4,3,2012,16974
1,213,4,4,2012,7855
1,213,4,5,2012,1977
1,213,4,6,2012,9507
1,214,0,0,2012,273637
1,214,1,1,2012,70340
1,214,1,2,2012,100162
1,214,1,3,2012,69553
1,214,1,4,2012,33582
1,214,2,1,2012,135976
1,214,2,2,2012,137661
1,214,4,1,2012,197956
1,214,4,2,2012,57612
1,214,4,3,2012,8808
1,214,4,4,2012,2747
1,214,4,5,2012,1258
1,214,4,6,2012,5256
1,216,0,0,2012,460444
1,216,1,1,2012,107111
1,216,1,2,2012,159438
1,216,1,3,2012,129967
1,216,1,4,2012,63928
1,216,2,1,2012,225909
1,216,2,2,2012,234535
1,216,4,1,2012,319192
1,216,4,2,2012,83624
1,216,4,3,2012,41508
1,216,4,4,2012,8975
1,216,4,5,2012,1195
1,216,4,6,2012,5950
1,217,0,0,2012,273571
1,217,1,1,2012,69923
1,217,1,2,2012,96353
1,217,1,3,2012,69757
1,217,1,4,2012,37538
1,217,2,1,2012,132366
1,217,2,2,2012,141205
1,217,4,1,2012,166764
1,217,4,2,2012,97649
1,217,4,3,2012,4843
1,217,4,4,2012,1599
1,217,4,5,2012,425
1,217,4,6,2012,2291
1,218,0,0,2012,655744
1,218,1,1,2012,152883
1,218,1,2,2012,252544
1,218,1,3,2012,176317
1,218,1,4,2012,74000
1,218,2,1,2012,317686
1,218,2,2,2012,338058
1,218,4,1,2012,268997
1,218,4,2,2012,306946
1,218,4,3,2012,45188
1,218,4,4,2012,22576
1,218,4,5,2012,2473
1,218,4,6,2012,9564
1,219,0,0,2012,694239
1,219,1,1,2012,170310
1,219,1,2,2012,248001
1,219,1,3,2012,179077
1,219,1,4,2012,96851
1,219,2,1,2012,336647
1,219,2,2,2012,357592
1,219,4,1,2012,392814
1,219,4,2,2012,254792
1,219,4,3,2012,26547
1,219,4,4,2012,6598
1,219,4,5,2012,4355
1,219,4,6,2012,9133
1,220,0,0,2012,189155
1,220,1,1,2012,46062
1,220,1,2,2012,62628
1,220,1,3,2012,54170
1,220,1,4,2012,26295
1,220,2,1,2012,91877
1,220,2,2,2012,97278
1,220,4,1,2012,146730
1,220,4,2,2012,27501
1,220,4,3,2012,8315
1,220,4,4,2012,2155
1,220,4,5,2012,651
1,220,4,6,2012,3803
1,221,0,0,2012,400763
1,221,1,1,2012,80996
1,221,1,2,2012,128559
1,221,1,3,2012,123696
1,221,1,4,2012,67512
1,221,2,1,2012,197063
1,221,2,2,2012,203700
1,221,4,1,2012,381040
1,221,4,2,2012,2061
1,221,4,3,2012,4130
1,221,4,4,2012,2874
1,221,4,5,2012,4504
1,221,4,6,2012,6154
1,222,0,0,2012,1075470
1,222,1,1,2012,226012
1,222,1,2,2012,358366
1,222,1,3,2012,326636
1,222,1,4,2012,164456
1,222,2,1,2012,525083
1,222,2,2,2012,550387
1,222,4,1,2012,1011134
1,222,4,2,2012,12716
1,222,4,3,2012,15592
1,222,4,4,2012,14307
1,222,4,5,2012,2609
1,222,4,6,2012,19112
1,223,0,0,2012,2518191
1,223,1,1,2012,577062
1,223,1,2,2012,920481
1,223,1,3,2012,692066
1,223,1,4,2012,328582
1,223,2,1,2012,1207168
1,223,2,2,2012,1311023
1,223,4,1,2012,1494576
1,223,4,2,2012,739877
1,223,4,3,2012,109979
1,223,4,4,2012,111369
1,223,4,5,2012,5364
1,223,4,6,2012,57026
1,225,0,0,2012,442768
1,225,1,1,2012,92017
1,225,1,2,2012,141089
1,225,1,3,2012,127307
1,225,1,4,2012,82355
1,225,2,1,2012,216412
1,225,2,2,2012,226356
1,225,4,1,2012,318234
1,225,4,2,2012,81399
1,225,4,3,2012,27173
1,225,4,4,2012,5972
1,225,4,5,2012,991
1,225,4,6,2012,8999
1,226,0,0,2012,974589
1,226,1,1,2012,233465
1,226,1,2,2012,390240
1,226,1,3,2012,249749
1,226,1,4,2012,101135
1,226,2,1,2012,475736
1,226,2,2,2012,498853
1,226,4,1,2012,308898
1,226,4,2,2012,360921
1,226,4,3,2012,196686
1,226,4,4,2012,80436
1,226,4,5,2012,1296
1,226,4,6,2012,26352
1,227,0,0,2012,4839914
1,227,1,1,2012,1043319
1,227,1,2,2012,1790940
1,227,1,3,2012,1328360
1,227,1,4,2012,677295
1,227,2,1,2012,2338561
1,227,2,2,2012,2501353
1,227,4,1,2012,3644070
1,227,4,2,2012,329715
1,227,4,3,2012,440023
1,227,4,4,2012,300641
1,227,4,5,2012,5962
1,227,4,6,2012,119503
1,230,0,0,2012,744496
1,230,1,1,2012,165872
1,230,1,2,2012,262331
1,230,1,3,2012,208392
1,230,1,4,2012,107901
1,230,2,1,2012,356535
1,230,2,2,2012,387961
1,230,4,1,2012,561467
1,230,4,2,2012,41553
1,230,4,3,2012,108401
1,230,4,4,2012,18732
1,230,4,5,2012,1072
1,230,4,6,2012,13271
1,231,0,0,2012,811207
1,231,1,1,2012,188203
1,231,1,2,2012,288564
1,231,1,3,2012,229064
1,231,1,4,2012,105376
1,231,2,1,2012,399957
1,231,2,2,2012,411250
1,231,4,1,2012,655649
1,231,4,2,2012,29706
1,231,4,3,2012,76603
1,231,4,4,2012,32264
1,231,4,5,2012,795
1,231,4,6,2012,16190
1,232,0,0,2012,1401937
1,232,1,1,2012,326522
1,232,1,2,2012,510626
1,232,1,3,2012,389853
1,232,1,4,2012,174936
1,232,2,1,2012,691883
1,232,2,2,2012,710054
1,232,4,1,2012,1092119
1,232,4,2,2012,153810
1,232,4,3,2012,47040
1,232,4,4,2012,70307
1,232,4,5,2012,3789
1,232,4,6,2012,34872
1,233,0,0,2012,509780
1,233,1,1,2012,125584
1,233,1,2,2012,177665
1,233,1,3,2012,136347
1,233,1,4,2012,70184
1,233,2,1,2012,247370
1,233,2,2,2012,262410
1,233,4,1,2012,419647
1,233,4,2,2012,38954
1,233,4,3,2012,30308
1,233,4,4,2012,8224
1,233,4,5,2012,1594
1,233,4,6,2012,11053
1,234,0,0,2012,1745593
1,234,1,1,2012,430780
1,234,1,2,2012,610306
1,234,1,3,2012,472749
1,234,1,4,2012,231758
1,234,2,1,2012,838898
1,234,2,2,2012,906695
1,234,4,1,2012,916882
1,234,4,2,2012,683277
1,234,4,3,2012,73834
1,234,4,4,2012,34765
1,234,4,5,2012,4856
1,234,4,6,2012,31979
1,235,0,0,2012,565741
1,235,1,1,2012,139408
1,235,1,2,2012,188662
1,235,1,3,2012,160454
1,235,1,4,2012,77217
1,235,2,1,2012,275797
1,235,2,2,2012,289944
1,235,4,1,2012,440525
1,235,4,2,2012,87503
1,235,4,3,2012,17849
1,235,4,4,2012,4624
1,235,4,5,2012,2498
1,235,4,6,2012,12742
1,236,0,0,2012,1187879
1,236,1,1,2012,306760
1,236,1,2,2012,429769
1,236,1,3,2012,307147
1,236,1,4,2012,144203
1,236,2,1,2012,588824
1,236,2,2,2012,599055
1,236,4,1,2012,976249
1,236,4,2,2012,66106
1,236,4,3,2012,94588
1,236,4,4,2012,22504
1,236,4,5,2012,4290
1,236,4,6,2012,24142
1,238,0,0,2012,671332
1,238,1,1,2012,161319
1,238,1,2,2012,236047
1,238,1,3,2012,180782
1,238,1,4,2012,93184
1,238,2,1,2012,331839
1,238,2,2,2012,339493
1,238,4,1,2012,566878
1,238,4,2,2012,47880
1,238,4,3,2012,29700
1,238,4,4,2012,9345
1,238,4,5,2012,3253
1,238,4,6,2012,14276
1,239,0,0,2012,707313
1,239,1,1,2012,163300
1,239,1,2,2012,272087
1,239,1,3,2012,183661
1,239,1,4,2012,88265
1,239,2,1,2012,348138
1,239,2,2,2012,359175
1,239,4,1,2012,584958
1,239,4,2,2012,43707
1,239,4,3,2012,36040
1,239,4,4,2012,19394
1,239,4,5,2012,4034
1,239,4,6,2012,19180
1,240,0,0,2012,199977
1,240,1,1,2012,39914
1,240,1,2,2012,65421
1,240,1,3,2012,58765
1,240,1,4,2012,35877
1,240,2,1,2012,103333
1,240,2,2,2012,96644
1,240,4,1,2012,182981
1,240,4,2,2012,4182
1,240,4,3,2012,2337
1,240,4,4,2012,1869
1,240,4,5,2012,4655
1,240,4,6,2012,3953
1,242,0,0,2012,270303
1,242,1,1,2012,64995
1,242,1,2,2012,87994
1,242,1,3,2012,77045
1,242,1,4,2012,40269
1,242,2,1,2012,133120
1,242,2,2,2012,137183
1,242,4,1,2012,222550
1,242,4,2,2012,24157
1,242,4,3,2012,14198
1,242,4,4,2012,1910
1,242,4,5,2012,1493
1,242,4,6,2012,5995
1,243,0,0,2012,178107
1,243,1,1,2012,36830
1,243,1,2,2012,53950
1,243,1,3,2012,54436
1,243,1,4,2012,32891
1,243,2,1,2012,90549
1,243,2,2,2012,87558
1,243,4,1,2012,156943
1,243,4,2,2012,2544
1,243,4,3,2012,2308
1,243,4,4,2012,976
1,243,4,5,2012,10001
1,243,4,6,2012,5335
1,244,0,0,2012,474125
1,244,1,1,2012,115550
1,244,1,2,2012,162206
1,244,1,3,2012,139419
1,244,1,4,2012,56950
1,244,2,1,2012,233464
1,244,2,2,2012,240661
1,244,4,1,2012,375071
1,244,4,2,2012,48230
1,244,4,3,2012,26243
1,244,4,4,2012,13719
1,244,4,5,2012,1040
1,244,4,6,2012,9822
1,245,0,0,2012,683249
1,245,1,1,2012,147850
1,245,1,2,2012,232408
1,245,1,3,2012,203137
1,245,1,4,2012,99854
1,245,2,1,2012,329224
1,245,2,2,2012,354025
1,245,4,1,2012,500213
1,245,4,2,2012,103203
1,245,4,3,2012,14115
1,245,4,4,2012,48176
1,245,4,5,2012,1510
1,245,4,6,2012,16032
1,246,0,0,2012,633863
1,246,1,1,2012,138993
1,246,1,2,2012,195056
1,246,1,3,2012,187018
1,246,1,4,2012,112796
1,246,2,1,2012,311830
1,246,2,2,2012,322033
1,246,4,1,2012,549201
1,246,4,2,2012,40118
1,246,4,3,2012,26705
1,246,4,4,2012,5555
1,246,4,5,2012,2298
1,246,4,6,2012,9986
1,248,0,0,2012,143388
1,248,1,1,2012,34037
1,248,1,2,2012,46331
1,248,1,3,2012,40485
1,248,1,4,2012,22535
1,248,2,1,2012,69973
1,248,2,2,2012,73415
1,248,4,1,2012,102976
1,248,4,2,2012,23570
1,248,4,3,2012,10461
1,248,4,4,2012,2632
1,248,4,5,2012,513
1,248,4,6,2012,3236
1,249,0,0,2012,231815
1,249,1,1,2012,47410
1,249,1,2,2012,66483
1,249,1,3,2012,72821
1,249,1,4,2012,45101
1,249,2,1,2012,115873
1,249,2,2,2012,115942
1,249,4,1,2012,217387
1,249,4,2,2012,2265
1,249,4,3,2012,4728
1,249,4,4,2012,1034
1,249,4,5,2012,2784
1,249,4,6,2012,3617
1,250,0,0,2012,342306
1,250,1,1,2012,70784
1,250,1,2,2012,112266
1,250,1,3,2012,102430
1,250,1,4,2012,56826
1,250,2,1,2012,173407
1,250,2,2,2012,168899
1,250,4,1,2012,310836
1,250,4,2,2012,4644
1,250,4,3,2012,4119
1,250,4,4,2012,2969
1,250,4,5,2012,12636
1,250,4,6,2012,7102
1,251,0,0,2012,3240467
1,251,1,1,2012,780343
1,251,1,2,2012,1184768
1,251,1,3,2012,870913
1,251,1,4,2012,404443
1,251,2,1,2012,1609771
1,251,2,2,2012,1630696
1,251,4,1,2012,2688341
1,251,4,2,2012,181308
1,251,4,3,2012,151716
1,251,4,4,2012,123023
1,251,4,5,2012,24105
1,251,4,6,2012,71974
1,253,0,0,2012,414847
1,253,1,1,2012,100976
1,253,1,2,2012,135426
1,253,1,3,2012,113738
1,253,1,4,2012,64707
1,253,2,1,2012,205855
1,253,2,2,2012,208992
1,253,4,1,2012,368260
1,253,4,2,2012,9718
1,253,4,3,2012,19660
1,253,4,4,2012,10159
1,253,4,5,2012,952
1,253,4,6,2012,6098
1,254,0,0,2012,259163
1,254,1,1,2012,63397
1,254,1,2,2012,96686
1,254,1,3,2012,65124
1,254,1,4,2012,33956
1,254,2,1,2012,131187
1,254,2,2,2012,127976
1,254,4,1,2012,237572
1,254,4,2,2012,6623
1,254,4,3,2012,6952
1,254,4,4,2012,3822
1,254,4,5,2012,863
1,254,4,6,2012,3331
1,256,0,0,2012,1085294
1,256,1,1,2012,270191
1,256,1,2,2012,398838
1,256,1,3,2012,293470
1,256,1,4,2012,122795
1,256,2,1,2012,533280
1,256,2,2,2012,552014
1,256,4,1,2012,853597
1,256,4,2,2012,65493
1,256,4,3,2012,58413
1,256,4,4,2012,77756
1,256,4,5,2012,4658
1,256,4,6,2012,25377
1,257,0,0,2012,197058
1,257,1,1,2012,48554
1,257,1,2,2012,73784
1,257,1,3,2012,51327
1,257,1,4,2012,23393
1,257,2,1,2012,97542
1,257,2,2,2012,99516
1,257,4,1,2012,132920
1,257,4,2,2012,42465
1,257,4,3,2012,9980
1,257,4,4,2012,6334
1,257,4,5,2012,537
1,257,4,6,2012,4822
1,258,0,0,2012,313620
1,258,1,1,2012,78929
1,258,1,2,2012,115324
1,258,1,3,2012,78087
1,258,1,4,2012,41280
1,258,2,1,2012,152319
1,258,2,2,2012,161301
1,258,4,1,2012,208985
1,258,4,2,2012,91178
1,258,4,3,2012,8428
1,258,4,4,2012,1755
1,258,4,5,2012,582
1,258,4,6,2012,2692
1,259,0,0,2012,1068584
1,259,1,1,2012,276544
1,259,1,2,2012,380213
1,259,1,3,2012,276219
1,259,1,4,2012,135608
1,259,2,1,2012,515829
1,259,2,2,2012,552755
1,259,4,1,2012,504664
1,259,4,2,2012,524688
1,259,4,3,2012,22408
1,259,4,4,2012,7841
1,259,4,5,2012,2693
1,259,4,6,2012,6290
1,260,0,0,2012,199003
1,260,1,1,2012,50713
1,260,1,2,2012,67472
1,260,1,3,2012,51629
1,260,1,4,2012,29189
1,260,2,1,2012,95640
1,260,2,2,2012,103363
1,260,4,1,2012,103516
1,260,4,2,2012,83942
1,260,4,3,2012,2863
1,260,4,4,2012,766
1,260,4,5,2012,6238
1,260,4,6,2012,1678
1,261,0,0,2012,147026
1,261,1,1,2012,36828
1,261,1,2,2012,54604
1,261,1,3,2012,36010
1,261,1,4,2012,19584
1,261,2,1,2012,70459
1,261,2,2,2012,76567
1,261,4,1,2012,89513
1,261,4,2,2012,52074
1,261,4,3,2012,3009
1,261,4,4,2012,1168
1,261,4,5,2012,191
1,261,4,6,2012,1071
1,262,0,0,2012,398071
1,262,1,1,2012,98844
1,262,1,2,2012,145135
1,262,1,3,2012,99716
1,262,1,4,2012,54376
1,262,2,1,2012,192772
1,262,2,2,2012,205299
1,262,4,1,2012,272417
1,262,4,2,2012,109427
1,262,4,3,2012,9128
1,262,4,4,2012,2847
1,262,4,5,2012,504
1,262,4,6,2012,3748
1,263,0,0,2012,267280
1,263,1,1,2012,62205
1,263,1,2,2012,90958
1,263,1,3,2012,72175
1,263,1,4,2012,41942
1,263,2,1,2012,131070
1,263,2,2,2012,136210
1,263,4,1,2012,228764
1,263,4,2,2012,27641
1,263,4,3,2012,5264
1,263,4,4,2012,1637
1,263,4,5,2012,540
1,263,4,6,2012,3434
1,264,0,0,2012,710361
1,264,1,1,2012,165282
1,264,1,2,2012,254652
1,264,1,3,2012,187027
1,264,1,4,2012,103400
1,264,2,1,2012,351819
1,264,2,2,2012,358542
1,264,4,1,2012,627819
1,264,4,2,2012,36852
1,264,4,3,2012,19564
1,264,4,4,2012,9493
1,264,4,5,2012,2056
1,264,4,6,2012,14577
1,267,0,0,2012,371412
1,267,1,1,2012,91777
1,267,1,2,2012,123793
1,267,1,3,2012,96989
1,267,1,4,2012,58853
1,267,2,1,2012,182691
1,267,2,2,2012,188721
1,267,4,1,2012,315795
1,267,4,2,2012,4453
1,267,4,3,2012,16669
1,267,4,4,2012,4437
1,267,4,5,2012,17011
1,267,4,6,2012,13047
1,268,0,0,2012,2488859
1,268,1,1,2012,616777
1,268,1,2,2012,911119
1,268,1,3,2012,649763
1,268,1,4,2012,311200
1,268,2,1,2012,1223113
1,268,2,2,2012,1265746
1,268,4,1,2012,1918143
1,268,4,2,2012,263998
1,268,4,3,2012,180514
1,268,4,4,2012,56021
1,268,4,5,2012,11652
1,268,4,6,2012,58531
1,270,0,0,2012,865331
1,270,1,1,2012,197503
1,270,1,2,2012,286884
1,270,1,3,2012,233713
1,270,1,4,2012,147231
1,270,2,1,2012,425272
1,270,2,2,2012,440059
1,270,4,1,2012,797539
1,270,4,2,2012,10933
1,270,4,3,2012,24691
1,270,4,4,2012,7023
1,270,4,5,2012,4065
1,270,4,6,2012,21080
1,273,0,0,2012,3412899
1,273,1,1,2012,803198
1,273,1,2,2012,1209064
1,273,1,3,2012,929889
1,273,1,4,2012,470748
1,273,2,1,2012,1670047
1,273,2,2,2012,1742852
1,273,4,1,2012,2647385
1,273,4,2,2012,542675
1,273,4,3,2012,87128
1,273,4,4,2012,66023
1,273,4,5,2012,6406
1,273,4,6,2012,63282
1,274,0,0,2012,589441
1,274,1,1,2012,137396
1,274,1,2,2012,200853
1,274,1,3,2012,169096
1,274,1,4,2012,82096
1,274,2,1,2012,296143
1,274,2,2,2012,293298
1,274,4,1,2012,522292
1,274,4,2,2012,2284
1,274,4,3,2012,22654
1,274,4,4,2012,3835
1,274,4,5,2012,27439
1,274,4,6,2012,10937
1,275,0,0,2012,150281
1,275,1,1,2012,36534
1,275,1,2,2012,48660
1,275,1,3,2012,41693
1,275,1,4,2012,23394
1,275,2,1,2012,74735
1,275,2,2,2012,75546
1,275,4,1,2012,118758
1,275,4,2,2012,930
1,275,4,3,2012,4093
1,275,4,4,2012,696
1,275,4,5,2012,21049
1,275,4,6,2012,4755
1,276,0,0,2012,382006
1,276,1,1,2012,81762
1,276,1,2,2012,125253
1,276,1,3,2012,115037
1,276,1,4,2012,59954
1,276,2,1,2012,192733
1,276,2,2,2012,189273
1,276,4,1,2012,346691
1,276,4,2,2012,1229
1,276,4,3,2012,10444
1,276,4,4,2012,2817
1,276,4,5,2012,12941
1,276,4,6,2012,7884
1,277,0,0,2012,584315
1,277,1,1,2012,140112
1,277,1,2,2012,207214
1,277,1,3,2012,152098
1,277,1,4,2012,84891
1,277,2,1,2012,292159
1,277,2,2,2012,292156
1,277,4,1,2012,511152
1,277,4,2,2012,12283
1,277,4,3,2012,37536
1,277,4,4,2012,12159
1,277,4,5,2012,2552
1,277,4,6,2012,8633
1,278,0,0,2012,1299330
1,278,1,1,2012,332284
1,278,1,2,2012,457968
1,278,1,3,2012,336720
1,278,1,4,2012,172358
1,278,2,1,2012,641756
1,278,2,2,2012,657574
1,278,4,1,2012,1059847
1,278,4,2,2012,68757
1,278,4,3,2012,120485
1,278,4,4,2012,20413
1,278,4,5,2012,5268
1,278,4,6,2012,24560
1,279,0,0,2012,2063350
1,279,1,1,2012,506613
1,279,1,2,2012,793278
1,279,1,3,2012,512535
1,279,1,4,2012,250924
1,279,2,1,2012,1038173
1,279,2,2,2012,1025177
1,279,4,1,2012,1019287
1,279,4,2,2012,198800
1,279,4,3,2012,588789
1,279,4,4,2012,181378
1,279,4,5,2012,10870
1,279,4,6,2012,64226
1,280,0,0,2012,755357
1,280,1,1,2012,171969
1,280,1,2,2012,266019
1,280,1,3,2012,215090
1,280,1,4,2012,102279
1,280,2,1,2012,387828
1,280,2,2,2012,367529
1,280,4,1,2012,528101
1,280,4,2,2012,14573
1,280,4,3,2012,149872
1,280,4,4,2012,29811
1,280,4,5,2012,15782
1,280,4,6,2012,17218
1,281,0,0,2012,399407
1,281,1,1,2012,80184
1,281,1,2,2012,125661
1,281,1,3,2012,126091
1,281,1,4,2012,67471
1,281,2,1,2012,197088
1,281,2,2,2012,202319
1,281,4,1,2012,379210
1,281,4,2,2012,2402
1,281,4,3,2012,5556
1,281,4,4,2012,5152
1,281,4,5,2012,1026
1,281,4,6,2012,6061
1,282,0,0,2012,885001
1,282,1,1,2012,197863
1,282,1,2,2012,299940
1,282,1,3,2012,271452
1,282,1,4,2012,115746
1,282,2,1,2012,436752
1,282,2,2,2012,448249
1,282,4,1,2012,808903
1,282,4,2,2012,11646
1,282,4,3,2012,29253
1,282,4,4,2012,20723
1,282,4,5,2012,1212
1,282,4,6,2012,13264
1,283,0,0,2012,2842475
1,283,1,1,2012,661434
1,283,1,2,2012,944455
1,283,1,3,2012,799427
1,283,1,4,2012,437159
1,283,2,1,2012,1383139
1,283,2,2,2012,1459336
1,283,4,1,2012,2048074
1,283,4,2,2012,311947
1,283,4,3,2012,311838
1,283,4,4,2012,115489
1,283,4,5,2012,4004
1,283,4,6,2012,51123
1,284,0,0,2012,1280968
1,284,1,1,2012,281880
1,284,1,2,2012,480836
1,284,1,3,2012,338930
1,284,1,4,2012,179322
1,284,2,1,2012,623430
1,284,2,2,2012,657538
1,284,4,1,2012,640688
1,284,4,2,2012,71937
1,284,4,3,2012,392208
1,284,4,4,2012,154034
1,284,4,5,2012,1097
1,284,4,6,2012,21004
1,285,0,0,2012,1029470
1,285,1,1,2012,247437
1,285,1,2,2012,336749
1,285,1,3,2012,309355
1,285,1,4,2012,135929
1,285,2,1,2012,507816
1,285,2,2,2012,521654
1,285,4,1,2012,754772
1,285,4,2,2012,58916
1,285,4,3,2012,121745
1,285,4,4,2012,73913
1,285,4,5,2012,799
1,285,4,6,2012,19325
1,288,0,0,2012,1050074
1,288,1,1,2012,244774
1,288,1,2,2012,394167
1,288,1,3,2012,280722
1,288,1,4,2012,130411
1,288,2,1,2012,513477
1,288,2,2,2012,536597
1,288,4,1,2012,549687
1,288,4,2,2012,89850
1,288,4,3,2012,172644
1,288,4,4,2012,218072
1,288,4,5,2012,1302
1,288,4,6,2012,18519
1,289,0,0,2012,1536302
1,289,1,1,2012,359678
1,289,1,2,2012,612150
1,289,1,3,2012,388353
1,289,1,4,2012,176121
1,289,2,1,2012,744535
1,289,2,2,2012,791767
1,289,4,1,2012,521397
1,289,4,2,2012,459705
1,289,4,3,2012,394349
1,289,4,4,2012,125288
1,289,4,5,2012,2459
1,289,4,6,2012,33104
1,291,0,0,2012,394679
1,291,1,1,2012,93231
1,291,1,2,2012,141670
1,291,1,3,2012,107489
1,291,1,4,2012,52289
1,291,2,1,2012,189040
1,291,2,2,2012,205639
1,291,4,1,2012,208906
1,291,4,2,2012,47961
1,291,4,3,2012,114366
1,291,4,4,2012,18542
1,291,4,5,2012,358
1,291,4,6,2012,4546
1,292,0,0,2012,456779
1,292,1,1,2012,132525
1,292,1,2,2012,144573
1,292,1,3,2012,123769
1,292,1,4,2012,55912
1,292,2,1,2012,224704
1,292,2,2,2012,232075
1,292,4,1,2012,345634
1,292,4,2,2012,28885
1,292,4,3,2012,48762
1,292,4,4,2012,25543
1,292,4,5,2012,862
1,292,4,6,2012,7093
1,293,0,0,2012,1725914
1,293,1,1,2012,428758
1,293,1,2,2012,599671
1,293,1,3,2012,469155
1,293,1,4,2012,228330
1,293,2,1,2012,851353
1,293,2,2,2012,874561
1,293,4,1,2012,703864
1,293,4,2,2012,24697
1,293,4,3,2012,707847
1,293,4,4,2012,23195
1,293,4,5,2012,237996
1,293,4,6,2012,28315
1,295,0,0,2012,1859539
1,295,1,1,2012,398230
1,295,1,2,2012,635190
1,295,1,3,2012,545722
1,295,1,4,2012,280397
1,295,2,1,2012,917575
1,295,2,2,2012,941964
1,295,4,1,2012,1546776
1,295,4,2,2012,115658
1,295,4,3,2012,107895
1,295,4,4,2012,47234
1,295,4,5,2012,3274
1,295,4,6,2012,38702
1,296,0,0,2012,364995
1,296,1,1,2012,77908
1,296,1,2,2012,121529
1,296,1,3,2012,104586
1,296,1,4,2012,60972
1,296,2,1,2012,179833
1,296,2,2,2012,185162
1,296,4,1,2012,328010
1,296,4,2,2012,10752
1,296,4,3,2012,10622
1,296,4,4,2012,8232
1,296,4,5,2012,737
1,296,4,6,2012,6642
1,297,0,0,2012,1397584
1,297,1,1,2012,378677
1,297,1,2,2012,547726
1,297,1,3,2012,324720
1,297,1,4,2012,146461
1,297,2,1,2012,653737
1,297,2,2,2012,743847
1,297,4,1,2012,173180
1,297,4,2,2012,421912
1,297,4,3,2012,729259
1,297,4,4,2012,48040
1,297,4,5,2012,2695
1,297,4,6,2012,22498
1,299,0,0,2012,1374845
1,299,1,1,2012,298266
1,299,1,2,2012,467827
1,299,1,3,2012,391915
1,299,1,4,2012,216837
1,299,2,1,2012,669330
1,299,2,2,2012,705515
1,299,4,1,2012,1117314
1,299,4,2,2012,142060
1,299,4,3,2012,56191
1,299,4,4,2012,27873
1,299,4,5,2012,9416
1,299,4,6,2012,21991
1,300,0,0,2012,329740
1,300,1,1,2012,72710
1,300,1,2,2012,109012
1,300,1,3,2012,93098
1,300,1,4,2012,54920
1,300,2,1,2012,162963
1,300,2,2,2012,166777
1,300,4,1,2012,286864
1,300,4,2,2012,16172
1,300,4,3,2012,11781
1,300,4,4,2012,7818
1,300,4,5,2012,651
1,300,4,6,2012,6454
1,301,0,0,2012,4739649
1,301,1,1,2012,1066956
1,301,1,2,2012,1704156
1,301,1,3,2012,1311150
1,301,1,4,2012,657387
1,301,2,1,2012,2307240
1,301,2,2,2012,2432409
1,301,4,1,2012,2406959
1,301,4,2,2012,632659
1,301,4,3,2012,961100
1,301,4,4,2012,612615
1,301,4,5,2012,8046
1,301,4,6,2012,118270
1,303,0,0,2012,4995190
1,303,1,1,2012,1021565
1,303,1,2,2012,2146868
1,303,1,3,2012,1202898
1,303,1,4,2012,623859
1,303,2,1,2012,2367820
1,303,2,2,2012,2627370
1,303,4,1,2012,2149655
1,303,4,2,2012,1084593
1,303,4,3,2012,1115857
1,303,4,4,2012,547382
1,303,4,5,2012,6962
1,303,4,6,2012,90741
1,304,0,0,2012,1301496
1,304,1,1,2012,294532
1,304,1,2,2012,459436
1,304,1,3,2012,362453
1,304,1,4,2012,185075
1,304,2,1,2012,635966
1,304,2,2,2012,665530
1,304,4,1,2012,1045092
1,304,4,2,2012,121513
1,304,4,3,2012,70735
1,304,4,4,2012,37655
1,304,4,5,2012,2869
1,304,4,6,2012,23632
1,307,0,0,2012,1070944
1,307,1,1,2012,249467
1,307,1,2,2012,378733
1,307,1,3,2012,294429
1,307,1,4,2012,148315
1,307,2,1,2012,529441
1,307,2,2,2012,541503
1,307,4,1,2012,924440
1,307,4,2,2012,64086
1,307,4,3,2012,36845
1,307,4,4,2012,19918
1,307,4,5,2012,5250
1,307,4,6,2012,20405
1,308,0,0,2012,1123552
1,308,1,1,2012,269630
1,308,1,2,2012,386254
1,308,1,3,2012,310383
1,308,1,4,2012,157285
1,308,2,1,2012,546536
1,308,2,2,2012,577016
1,308,4,1,2012,665662
1,308,4,2,2012,140821
1,308,4,3,2012,241271
1,308,4,4,2012,53621
1,308,4,5,2012,1226
1,308,4,6,2012,20951
1,309,0,0,2012,659839
1,309,1,1,2012,132070
1,309,1,2,2012,213019
1,309,1,3,2012,188757
1,309,1,4,2012,125993
1,309,2,1,2012,320995
1,309,2,2,2012,338844
1,309,4,1,2012,571921
1,309,4,2,2012,24288
1,309,4,3,2012,37562
1,309,4,4,2012,5669
1,309,4,5,2012,9694
1,309,4,6,2012,10705
1,311,0,0,2012,2473034
1,311,1,1,2012,622585
1,311,1,2,2012,931234
1,311,1,3,2012,636053
1,311,1,4,2012,283162
1,311,2,1,2012,1205981
1,311,2,2,2012,1267053
1,311,4,1,2012,1623908
1,311,4,2,2012,518804
1,311,4,3,2012,209823
1,311,4,4,2012,65692
1,311,4,5,2012,9302
1,311,4,6,2012,45505
1,312,0,0,2012,1336160
1,312,1,1,2012,315074
1,312,1,2,2012,481167
1,312,1,3,2012,353787
1,312,1,4,2012,186132
1,312,2,1,2012,643611
1,312,2,2,2012,692549
1,312,4,1,2012,734154
1,312,4,2,2012,369606
1,312,4,3,2012,115035
1,312,4,4,2012,28705
1,312,4,5,2012,60835
1,312,4,6,2012,27825
1,313,0,0,2012,627997
1,313,1,1,2012,146253
1,313,1,2,2012,230056
1,313,1,3,2012,166396
1,313,1,4,2012,85292
1,313,2,1,2012,301907
1,313,2,2,2012,326090
1,313,4,1,2012,392107
1,313,4,2,2012,155158
1,313,4,3,2012,51658
1,313,4,4,2012,14431
1,313,4,5,2012,2586
1,313,4,6,2012,12057
1,314,0,0,2012,871069
1,314,1,1,2012,203698
1,314,1,2,2012,327974
1,314,1,3,2012,220732
1,314,1,4,2012,118665
1,314,2,1,2012,431971
1,314,2,2,2012,439098
1,314,4,1,2012,530630
1,314,4,2,2012,249434
1,314,4,3,2012,61854
1,314,4,4,2012,9997
1,314,4,5,2012,3271
1,314,4,6,2012,15883
1,315,0,0,2012,292355
1,315,1,1,2012,66694
1,315,1,2,2012,98148
1,315,1,3,2012,82467
1,315,1,4,2012,45046
1,315,2,1,2012,143851
1,315,2,2,2012,148504
1,315,4,1,2012,242866
1,315,4,2,2012,18666
1,315,4,3,2012,18550
1,315,4,4,2012,6942
1,315,4,5,2012,702
1,315,4,6,2012,4629
1,318,0,0,2012,2062894
1,318,1,1,2012,533383
1,318,1,2,2012,798227
1,318,1,3,2012,514781
1,318,1,4,2012,216503
1,318,2,1,2012,1005143
1,318,2,2,2012,1057751
1,318,4,1,2012,1197685
1,318,4,2,2012,540587
1,318,4,3,2012,199175
1,318,4,4,2012,62794
1,318,4,5,2012,11541
1,318,4,6,2012,51112
1,319,0,0,2012,437376
1,319,1,1,2012,93278
1,319,1,2,2012,154026
1,319,1,3,2012,122184
1,319,1,4,2012,67888
1,319,2,1,2012,213138
1,319,2,2,2012,224238
1,319,4,1,2012,320877
1,319,4,2,2012,77382
1,319,4,3,2012,24410
1,319,4,4,2012,3686
1,319,4,5,2012,3454
1,319,4,6,2012,7567
1,320,0,0,2012,1133947
1,320,1,1,2012,265101
1,320,1,2,2012,384272
1,320,1,3,2012,315219
1,320,1,4,2012,169355
1,320,2,1,2012,549481
1,320,2,2,2012,584466
1,320,4,1,2012,835185
1,320,4,2,2012,170421
1,320,4,3,2012,92607
1,320,4,4,2012,19322
1,320,4,5,2012,3382
1,320,4,6,2012,13030
1,321,0,0,2012,213140
1,321,1,1,2012,48828
1,321,1,2,2012,69482
1,321,1,3,2012,59973
1,321,1,4,2012,34857
1,321,2,1,2012,106156
1,321,2,2,2012,106984
1,321,4,1,2012,187946
1,321,4,2,2012,819
1,321,4,3,2012,3088
1,321,4,4,2012,1051
1,321,4,5,2012,17130
1,321,4,6,2012,3106
1,322,0,0,2012,532745
1,322,1,1,2012,124378
1,322,1,2,2012,187351
1,322,1,3,2012,140564
1,322,1,4,2012,80452
1,322,2,1,2012,267955
1,322,2,2,2012,264790
1,322,4,1,2012,470949
1,322,4,2,2012,6029
1,322,4,3,2012,11566
1,322,4,4,2012,6279
1,322,4,5,2012,27664
1,322,4,6,2012,10258
1,323,0,0,2012,165225
1,323,1,1,2012,38298
1,323,1,2,2012,58779
1,323,1,3,2012,43991
1,323,1,4,2012,24157
1,323,2,1,2012,84042
1,323,2,2,2012,81183
1,323,4,1,2012,142371
1,323,4,2,2012,1909
1,323,4,3,2012,5427
1,323,4,4,2012,2067
1,323,4,5,2012,11146
1,323,4,6,2012,2305
1,324,0,0,2012,128353
1,324,1,1,2012,29682
1,324,1,2,2012,45417
1,324,1,3,2012,33716
1,324,1,4,2012,19538
1,324,2,1,2012,65829
1,324,2,2,2012,62524
1,324,4,1,2012,110724
1,324,4,2,2012,1735
1,324,4,3,2012,3284
1,324,4,4,2012,796
1,324,4,5,2012,8663
1,324,4,6,2012,3151
1,325,0,0,2012,698893
1,325,1,1,2012,159773
1,325,1,2,2012,243205
1,325,1,3,2012,196278
1,325,1,4,2012,99637
1,325,2,1,2012,339474
1,325,2,2,2012,359419
1,325,4,1,2012,582506
1,325,4,2,2012,76928
1,325,4,3,2012,11031
1,325,4,4,2012,12454
1,325,4,5,2012,963
1,325,4,6,2012,15011
1,326,0,0,2012,645077
1,326,1,1,2012,154609
1,326,1,2,2012,208904
1,326,1,3,2012,179929
1,326,1,4,2012,101635
1,326,2,1,2012,314455
1,326,2,2,2012,330622
1,326,4,1,2012,588677
1,326,4,2,2012,29660
1,326,4,3,2012,9758
1,326,4,4,2012,3924
1,326,4,5,2012,1118
1,326,4,6,2012,11940
1,327,0,0,2012,1673027
1,327,1,1,2012,412200
1,327,1,2,2012,592703
1,327,1,3,2012,454795
1,327,1,4,2012,213329
1,327,2,1,2012,815287
1,327,2,2,2012,857740
1,327,4,1,2012,1329195
1,327,4,2,2012,234861
1,327,4,3,2012,42054
1,327,4,4,2012,34432
1,327,4,5,2012,2498
1,327,4,6,2012,29987
1,328,0,0,2012,2069121
1,328,1,1,2012,473972
1,328,1,2,2012,681553
1,328,1,3,2012,594372
1,328,1,4,2012,319224
1,328,2,1,2012,993237
1,328,2,2,2012,1075884
1,328,4,1,2012,1504543
1,328,4,2,2012,402970
1,328,4,3,2012,82395
1,328,4,4,2012,42151
1,328,4,5,2012,3048
1,328,4,6,2012,34014
1,329,0,0,2012,3016813
1,329,1,1,2012,727682
1,329,1,2,2012,1119975
1,329,1,3,2012,791099
1,329,1,4,2012,378057
1,329,2,1,2012,1489756
1,329,2,2,2012,1527057
1,329,4,1,2012,2495059
1,329,4,2,2012,301690
1,329,4,3,2012,80602
1,329,4,4,2012,65388
1,329,4,5,2012,4675
1,329,4,6,2012,69399
1,330,0,0,2012,1081531
1,330,1,1,2012,259556
1,330,1,2,2012,366711
1,330,1,3,2012,295812
1,330,1,4,2012,159452
1,330,2,1,2012,531062
1,330,2,2,2012,550469
1,330,4,1,2012,885775
1,330,4,2,2012,135522
1,330,4,3,2012,23759
1,330,4,4,2012,11969
1,330,4,5,2012,1578
1,330,4,6,2012,22928
1,331,0,0,2012,255514
1,331,1,1,2012,59538
1,331,1,2,2012,84145
1,331,1,3,2012,74278
1,331,1,4,2012,37553
1,331,2,1,2012,125937
1,331,2,2,2012,129577
1,331,4,1,2012,200725
1,331,4,2,2012,21689
1,331,4,3,2012,24201
1,331,4,4,2012,2251
1,331,4,5,2012,482
1,331,4,6,2012,6166
1,332,0,0,2012,429994
1,332,1,1,2012,101995
1,332,1,2,2012,144573
1,332,1,3,2012,118502
1,332,1,4,2012,64924
1,332,2,1,2012,207769
1,332,2,2,2012,222225
1,332,4,1,2012,380028
1,332,4,2,2012,25060
1,332,4,3,2012,7487
1,332,4,4,2012,9021
1,332,4,5,2012,490
1,332,4,6,2012,7908
1,334,0,0,2012,1001712
1,334,1,1,2012,238484
1,334,1,2,2012,347978
1,334,1,3,2012,276801
1,334,1,4,2012,138449
1,334,2,1,2012,489366
1,334,2,2,2012,512346
1,334,4,1,2012,822239
1,334,4,2,2012,93349
1,334,4,3,2012,54508
1,334,4,4,2012,12346
1,334,4,5,2012,1847
1,334,4,6,2012,17423
1,335,0,0,2012,638711
1,335,1,1,2012,136396
1,335,1,2,2012,199232
1,335,1,3,2012,188583
1,335,1,4,2012,114500
1,335,2,1,2012,310584
1,335,2,2,2012,328127
1,335,4,1,2012,544616
1,335,4,2,2012,63284
1,335,4,3,2012,16158
1,335,4,4,2012,3581
1,335,4,5,2012,686
1,335,4,6,2012,10386
1,336,0,0,2012,202607
1,336,1,1,2012,51076
1,336,1,2,2012,75774
1,336,1,3,2012,49350
1,336,1,4,2012,26407
1,336,2,1,2012,102106
1,336,2,2,2012,100501
1,336,4,1,2012,130566
1,336,4,2,2012,22459
1,336,4,3,2012,21304
1,336,4,4,2012,3587
1,336,4,5,2012,14165
1,336,4,6,2012,10526
1,339,0,0,2012,1879317
1,339,1,1,2012,467612
1,339,1,2,2012,686127
1,339,1,3,2012,477678
1,339,1,4,2012,247900
1,339,2,1,2012,930899
1,339,2,2,2012,948418
1,339,4,1,2012,1318809
1,339,4,2,2012,144748
1,339,4,3,2012,191600
1,339,4,4,2012,40592
1,339,4,5,2012,82809
1,339,4,6,2012,100759
1,340,0,0,2012,1369150
1,340,1,1,2012,339076
1,340,1,2,2012,486616
1,340,1,3,2012,355998
1,340,1,4,2012,187460
1,340,2,1,2012,674814
1,340,2,2,2012,694336
1,340,4,1,2012,925406
1,340,4,2,2012,93645
1,340,4,3,2012,96211
1,340,4,4,2012,22218
1,340,4,5,2012,116516
1,340,4,6,2012,115154
1,341,0,0,2012,219541
1,341,1,1,2012,48833
1,341,1,2,2012,70425
1,341,1,3,2012,64303
1,341,1,4,2012,35980
1,341,2,1,2012,109492
1,341,2,2,2012,110049
1,341,4,1,2012,191497
1,341,4,2,2012,679
1,341,4,3,2012,18172
1,341,4,4,2012,2340
1,341,4,5,2012,2634
1,341,4,6,2012,4219
1,342,0,0,2012,732914
1,342,1,1,2012,153000
1,342,1,2,2012,254997
1,342,1,3,2012,204652
1,342,1,4,2012,120265
1,342,2,1,2012,362187
1,342,2,2,2012,370727
1,342,4,1,2012,628381
1,342,4,2,2012,4951
1,342,4,3,2012,50082
1,342,4,4,2012,17392
1,342,4,5,2012,8881
1,342,4,6,2012,23227
1,343,0,0,2012,434156
1,343,1,1,2012,92441
1,343,1,2,2012,131759
1,343,1,3,2012,128347
1,343,1,4,2012,81609
1,343,2,1,2012,214384
1,343,2,2,2012,219772
1,343,4,1,2012,358994
1,343,4,2,2012,3166
1,343,4,3,2012,44294
1,343,4,4,2012,5563
1,343,4,5,2012,7633
1,343,4,6,2012,14506
1,344,0,0,2012,2696422
1,344,1,1,2012,632099
1,344,1,2,2012,1006377
1,344,1,3,2012,724814
1,344,1,4,2012,333132
1,344,2,1,2012,1335593
1,344,2,2,2012,1360829
1,344,4,1,2012,2066642
1,344,4,2,2012,63356
1,344,4,3,2012,312013
1,344,4,4,2012,143606
1,344,4,5,2012,22320
1,344,4,6,2012,88485
1,345,0,0,2012,318212
1,345,1,1,2012,81470
1,345,1,2,2012,114625
1,345,1,3,2012,80021
1,345,1,4,2012,42096
1,345,2,1,2012,157151
1,345,2,2,2012,161061
1,345,4,1,2012,230344
1,345,4,2,2012,3085
1,345,4,3,2012,62600
1,345,4,4,2012,8700
1,345,4,5,2012,3405
1,345,4,6,2012,10078
1,346,0,0,2012,1229708
1,346,1,1,2012,280323
1,346,1,2,2012,408007
1,346,1,3,2012,354213
1,346,1,4,2012,187165
1,346,2,1,2012,600468
1,346,2,2,2012,629240
1,346,4,1,2012,976241
1,346,4,2,2012,57797
1,346,4,3,2012,146909
1,346,4,4,2012,27660
1,346,4,5,2012,1062
1,346,4,6,2012,20039
1,347,0,0,2012,297957
1,347,1,1,2012,61635
1,347,1,2,2012,98985
1,347,1,3,2012,85410
1,347,1,4,2012,51927
1,347,2,1,2012,150431
1,347,2,2,2012,147526
1,347,4,1,2012,281629
1,347,4,2,2012,7874
1,347,4,3,2012,4308
1,347,4,4,2012,1558
1,347,4,5,2012,213
1,347,4,6,2012,2375
1,350,0,0,2012,582128
1,350,1,1,2012,121869
1,350,1,2,2012,218613
1,350,1,3,2012,152127
1,350,1,4,2012,89519
1,350,2,1,2012,292388
1,350,2,2,2012,289740
1,350,4,1,2012,532932
1,350,4,2,2012,17244
1,350,4,3,2012,13156
1,350,4,4,2012,11277
1,350,4,5,2012,1025
1,350,4,6,2012,6494
1,351,0,0,2012,722811
1,351,1,1,2012,160746
1,351,1,2,2012,235137
1,351,1,3,2012,208237
1,351,1,4,2012,118691
1,351,2,1,2012,359440
1,351,2,2,2012,363371
1,351,4,1,2012,661307
1,351,4,2,2012,26867
1,351,4,3,2012,17594
1,351,4,4,2012,4970
1,351,4,5,2012,1400
1,351,4,6,2012,10673
1,352,0,0,2012,1030316
1,352,1,1,2012,233933
1,352,1,2,2012,347714
1,352,1,3,2012,289867
1,352,1,4,2012,158802
1,352,2,1,2012,503800
1,352,2,2,2012,526516
1,352,4,1,2012,877557
1,352,4,2,2012,62928
1,352,4,3,2012,51415
1,352,4,4,2012,19195
1,352,4,5,2012,1242
1,352,4,6,2012,17979
1,354,0,0,2012,220652
1,354,1,1,2012,43663
1,354,1,2,2012,68164
1,354,1,3,2012,66076
1,354,1,4,2012,42749
1,354,2,1,2012,109764
1,354,2,2,2012,110888
1,354,4,1,2012,209392
1,354,4,2,2012,5316
1,354,4,3,2012,2443
1,354,4,4,2012,1020
1,354,4,5,2012,194
1,354,4,6,2012,2287
1,355,0,0,2012,677864
1,355,1,1,2012,172483
1,355,1,2,2012,228359
1,355,1,3,2012,179978
1,355,1,4,2012,97044
1,355,2,1,2012,332549
1,355,2,2,2012,345315
1,355,4,1,2012,561557
1,355,4,2,2012,31560
1,355,4,3,2012,61859
1,355,4,4,2012,11806
1,355,4,5,2012,536
1,355,4,6,2012,10546
1,356,0,0,2012,4163889
1,356,1,1,2012,957493
1,356,1,2,2012,1523531
1,356,1,3,2012,1119768
1,356,1,4,2012,563097
1,356,2,1,2012,2002268
1,356,2,2,2012,2161621
1,356,4,1,2012,2582366
1,356,4,2,2012,934282
1,356,4,3,2012,331951
1,356,4,4,2012,235677
1,356,4,5,2012,4804
1,356,4,6,2012,74809
1,357,0,0,2012,2905411
1,357,1,1,2012,590116
1,357,1,2,2012,955806
1,357,1,3,2012,853995
1,357,1,4,2012,505494
1,357,2,1,2012,1407229
1,357,2,2,2012,1498182
1,357,4,1,2012,2568811
1,357,4,2,2012,205314
1,357,4,3,2012,35844
1,357,4,4,2012,45481
1,357,4,5,2012,2719
1,357,4,6,2012,47242
1,358,0,0,2012,594441
1,358,1,1,2012,138821
1,358,1,2,2012,201147
1,358,1,3,2012,164275
1,358,1,4,2012,90198
1,358,2,1,2012,293691
1,358,2,2,2012,300750
1,358,4,1,2012,478797
1,358,4,2,2012,26487
1,358,4,3,2012,72473
1,358,4,4,2012,7463
1,358,4,5,2012,360
1,358,4,6,2012,8861
1,359,0,0,2012,199513
1,359,1,1,2012,44751
1,359,1,2,2012,62816
1,359,1,3,2012,58467
1,359,1,4,2012,33479
1,359,2,1,2012,98421
1,359,2,2,2012,101092
1,359,4,1,2012,191512
1,359,4,2,2012,1638
1,359,4,3,2012,2328
1,359,4,4,2012,1859
1,359,4,5,2012,305
1,359,4,6,2012,1871
1,360,0,0,2012,319688
1,360,1,1,2012,65140
1,360,1,2,2012,102464
1,360,1,3,2012,93159
1,360,1,4,2012,58925
1,360,2,1,2012,157111
1,360,2,2,2012,162577
1,360,4,1,2012,289772
1,360,4,2,2012,7422
1,360,4,3,2012,13545
1,360,4,4,2012,4334
1,360,4,5,2012,424
1,360,4,6,2012,4191
1,362,0,0,2012,249905
1,362,1,1,2012,49847
1,362,1,2,2012,83335
1,362,1,3,2012,72261
1,362,1,4,2012,44462
1,362,2,1,2012,122386
1,362,2,2,2012,127519
1,362,4,1,2012,224825
1,362,4,2,2012,9824
1,362,4,3,2012,9827
1,362,4,4,2012,2366
1,362,4,5,2012,332
1,362,4,6,2012,2731
1,363,0,0,2012,436461
1,363,1,1,2012,100958
1,363,1,2,2012,148410
1,363,1,3,2012,123552
1,363,1,4,2012,63541
1,363,2,1,2012,215705
1,363,2,2,2012,220756
1,363,4,1,2012,375788
1,363,4,2,2012,21295
1,363,4,3,2012,25452
1,363,4,4,2012,5152
1,363,4,5,2012,400
1,363,4,6,2012,8374
1,364,0,0,2012,1229838
1,364,1,1,2012,272679
1,364,1,2,2012,441830
1,364,1,3,2012,342712
1,364,1,4,2012,172617
1,364,2,1,2012,596419
1,364,2,2,2012,633419
1,364,4,1,2012,961884
1,364,4,2,2012,59272
1,364,4,3,2012,136982
1,364,4,4,2012,37595
1,364,4,5,2012,3797
1,364,4,6,2012,30308
1,365,0,0,2012,1054370
1,365,1,1,2012,236131
1,365,1,2,2012,386190
1,365,1,3,2012,282922
1,365,1,4,2012,149127
1,365,2,1,2012,514551
1,365,2,2,2012,539819
1,365,4,1,2012,695962
1,365,4,2,2012,265987
1,365,4,3,2012,55260
1,365,4,4,2012,14166
1,365,4,5,2012,4235
1,365,4,6,2012,18760
1,366,0,0,2012,1238678
1,366,1,1,2012,295843
1,366,1,2,2012,454963
1,366,1,3,2012,327599
1,366,1,4,2012,160273
1,366,2,1,2012,600847
1,366,2,2,2012,637831
1,366,4,1,2012,685464
1,366,4,2,2012,461177
1,366,4,3,2012,52914
1,366,4,4,2012,16384
1,366,4,5,2012,2476
1,366,4,6,2012,20263
1,367,0,0,2012,374006
1,367,1,1,2012,89755
1,367,1,2,2012,128649
1,367,1,3,2012,104017
1,367,1,4,2012,51585
1,367,2,1,2012,178233
1,367,2,2,2012,195773
1,367,4,1,2012,187376
1,367,4,2,2012,169440
1,367,4,3,2012,8030
1,367,4,4,2012,2267
1,367,4,5,2012,1942
1,367,4,6,2012,4951
1,368,0,0,2012,904810
1,368,1,1,2012,214530
1,368,1,2,2012,324037
1,368,1,3,2012,239457
1,368,1,4,2012,126786
1,368,2,1,2012,440454
1,368,2,2,2012,464356
1,368,4,1,2012,681211
1,368,4,2,2012,140849
1,368,4,3,2012,53876
1,368,4,4,2012,13348
1,368,4,5,2012,1670
1,368,4,6,2012,13856
1,369,0,0,2012,377659
1,369,1,1,2012,90454
1,369,1,2,2012,128981
1,369,1,3,2012,103264
1,369,1,4,2012,54960
1,369,2,1,2012,182920
1,369,2,2,2012,194739
1,369,4,1,2012,269498
1,369,4,2,2012,77302
1,369,4,3,2012,17843
1,369,4,4,2012,6219
1,369,4,5,2012,658
1,369,4,6,2012,6139
1,370,0,0,2012,216596
1,370,1,1,2012,53769
1,370,1,2,2012,72722
1,370,1,3,2012,59016
1,370,1,4,2012,31089
1,370,2,1,2012,108051
1,370,2,2,2012,108545
1,370,4,1,2012,169983
1,370,4,2,2012,1646
1,370,4,3,2012,7332
1,370,4,4,2012,1897
1,370,4,5,2012,29636
1,370,4,6,2012,6102
1,371,0,0,2012,772266
1,371,1,1,2012,188347
1,371,1,2,2012,260023
1,371,1,3,2012,203459
1,371,1,4,2012,120437
1,371,2,1,2012,386945
1,371,2,2,2012,385321
1,371,4,1,2012,684470
1,371,4,2,2012,10452
1,371,4,3,2012,27367
1,371,4,4,2012,9369
1,371,4,5,2012,29630
1,371,4,6,2012,10978
1,373,0,0,2012,697407
1,373,1,1,2012,158623
1,373,1,2,2012,244756
1,373,1,3,2012,191158
1,373,1,4,2012,102870
1,373,2,1,2012,339475
1,373,2,2,2012,357932
1,373,4,1,2012,571099
1,373,4,2,2012,79073
1,373,4,3,2012,25454
1,373,4,4,2012,8659
1,373,4,5,2012,1727
1,373,4,6,2012,11395
1,374,0,0,2012,331654
1,374,1,1,2012,77903
1,374,1,2,2012,111587
1,374,1,3,2012,89852
1,374,1,4,2012,52312
1,374,2,1,2012,159233
1,374,2,2,2012,172421
1,374,4,1,2012,251081
1,374,4,2,2012,64835
1,374,4,3,2012,9006
1,374,4,4,2012,2064
1,374,4,5,2012,533
1,374,4,6,2012,4135
1,375,0,0,2012,275026
1,375,1,1,2012,55065
1,375,1,2,2012,103558
1,375,1,3,2012,73781
1,375,1,4,2012,42622
1,375,2,1,2012,136258
1,375,2,2,2012,138768
1,375,4,1,2012,254452
1,375,4,2,2012,6954
1,375,4,3,2012,7081
1,375,4,4,2012,2097
1,375,4,5,2012,569
1,375,4,6,2012,3873
1,376,0,0,2012,477753
1,376,1,1,2012,97598
1,376,1,2,2012,155237
1,376,1,3,2012,141327
1,376,1,4,2012,83591
1,376,2,1,2012,234754
1,376,2,2,2012,242999
1,376,4,1,2012,453843
1,376,4,2,2012,9736
1,376,4,3,2012,5674
1,376,4,4,2012,2342
1,376,4,5,2012,1298
1,376,4,6,2012,4860
1,377,0,0,2012,1384293
1,377,1,1,2012,303597
1,377,1,2,2012,474921
1,377,1,3,2012,388780
1,377,1,4,2012,216995
1,377,2,1,2012,677450
1,377,2,2,2012,706843
1,377,4,1,2012,1243270
1,377,4,2,2012,59830
1,377,4,3,2012,45068
1,377,4,4,2012,13561
1,377,4,5,2012,2740
1,377,4,6,2012,19824
1,379,0,0,2012,1820825
1,379,1,1,2012,472837
1,379,1,2,2012,663671
1,379,1,3,2012,472537
1,379,1,4,2012,211780
1,379,2,1,2012,881194
1,379,2,2,2012,939631
1,379,4,1,2012,897462
1,379,4,2,2012,789013
1,379,4,3,2012,76913
1,379,4,4,2012,27160
1,379,4,5,2012,2885
1,379,4,6,2012,27392
1,380,0,0,2012,2792153
1,380,1,1,2012,678564
1,380,1,2,2012,1049202
1,380,1,3,2012,720543
1,380,1,4,2012,343844
1,380,2,1,2012,1370540
1,380,2,2,2012,1421613
1,380,4,1,2012,2191232
1,380,4,2,2012,337681
1,380,4,3,2012,157753
1,380,4,4,2012,50233
1,380,4,5,2012,5835
1,380,4,6,2012,49419
1,382,0,0,2012,293401
1,382,1,1,2012,70364
1,382,1,2,2012,101475
1,382,1,3,2012,74543
1,382,1,4,2012,47019
1,382,2,1,2012,147146
1,382,2,2,2012,146255
1,382,4,1,2012,206327
1,382,4,2,2012,15532
1,382,4,3,2012,63123
1,382,4,4,2012,2661
1,382,4,5,2012,971
1,382,4,6,2012,4787
1,383,0,0,2012,443789
1,383,1,1,2012,119003
1,383,1,2,2012,159576
1,383,1,3,2012,108265
1,383,1,4,2012,56945
1,383,2,1,2012,224467
1,383,2,2,2012,219322
1,383,4,1,2012,269988
1,383,4,2,2012,19435
1,383,4,3,2012,136751
1,383,4,4,2012,8810
1,383,4,5,2012,2169
1,383,4,6,2012,6636
1,385,0,0,2012,1737102
1,385,1,1,2012,437829
1,385,1,2,2012,746006
1,385,1,3,2012,402199
1,385,1,4,2012,151068
1,385,2,1,2012,870542
1,385,2,2,2012,866560
1,385,4,1,2012,961941
1,385,4,2,2012,121337
1,385,4,3,2012,535623
1,385,4,4,2012,83555
1,385,4,5,2012,4143
1,385,4,6,2012,30503
1,386,0,0,2012,468722
1,386,1,1,2012,113257
1,386,1,2,2012,165558
1,386,1,3,2012,124798
1,386,1,4,2012,65109
1,386,2,1,2012,237136
1,386,2,2,2012,231586
1,386,4,1,2012,290147
1,386,4,2,2012,105419
1,386,4,3,2012,55532
1,386,4,4,2012,10554
1,386,4,5,2012,1677
1,386,4,6,2012,5393
1,388,0,0,2012,267713
1,388,1,1,2012,62948
1,388,1,2,2012,125955
1,388,1,3,2012,52027
1,388,1,4,2012,26783
1,388,2,1,2012,137133
1,388,2,2,2012,130580
1,388,4,1,2012,160818
1,388,4,2,2012,33167
1,388,4,3,2012,59119
1,388,4,4,2012,10424
1,388,4,5,2012,632
1,388,4,6,2012,3553
1,390,0,0,2012,565274
1,390,1,1,2012,145220
1,390,1,2,2012,202810
1,390,1,3,2012,143994
1,390,1,4,2012,73250
1,390,2,1,2012,283374
1,390,2,2,2012,281900
1,390,4,1,2012,190556
1,390,4,2,2012,18498
1,390,4,3,2012,342215
1,390,4,4,2012,7640
1,390,4,5,2012,889
1,390,4,6,2012,5476
1,391,0,0,2012,4834304
1,391,1,1,2012,1310686
1,391,1,2,2012,1898099
1,391,1,3,2012,1167820
1,391,1,4,2012,457699
1,391,2,1,2012,2386804
1,391,2,2,2012,2447500
1,391,4,1,2012,2467067
1,391,4,2,2012,699166
1,391,4,3,2012,1281142
1,391,4,4,2012,266525
1,391,4,5,2012,21906
1,391,4,6,2012,98498
1,393,0,0,2012,1113273
1,393,1,1,2012,320849
1,393,1,2,2012,414257
1,393,1,3,2012,250889
1,393,1,4,2012,127278
1,393,2,1,2012,543151
1,393,2,2,2012,570122
1,393,4,1,2012,221807
1,393,4,2,2012,27268
1,393,4,3,2012,838510
1,393,4,4,2012,12078
1,393,4,5,2012,4473
1,393,4,6,2012,9137
1,394,0,0,2012,2209673
1,394,1,1,2012,604167
1,394,1,2,2012,840999
1,394,1,3,2012,542870
1,394,1,4,2012,221637
1,394,2,1,2012,1087683
1,394,2,2,2012,1121990
1,394,4,1,2012,1243811
1,394,4,2,2012,277895
1,394,4,3,2012,555192
1,394,4,4,2012,87749
1,394,4,5,2012,8039
1,394,4,6,2012,36987
1,396,0,0,2012,584490
1,396,1,1,2012,195086
1,396,1,2,2012,208221
1,396,1,3,2012,115934
1,396,1,4,2012,65249
1,396,2,1,2012,281954
1,396,2,2,2012,302536
1,396,4,1,2012,58045
1,396,4,2,2012,1838
1,396,4,3,2012,519827
1,396,4,4,2012,3103
1,396,4,5,2012,353
1,396,4,6,2012,1324
1,397,0,0,2012,6479022
1,397,1,1,2012,1772608
1,397,1,2,2012,2521214
1,397,1,3,2012,1584018
1,397,1,4,2012,601182
1,397,2,1,2012,3227843
1,397,2,2,2012,3251179
1,397,4,1,2012,2688739
1,397,4,2,2012,1085680
1,397,4,3,2012,2207145
1,397,4,4,2012,399569
1,397,4,5,2012,12926
1,397,4,6,2012,84963
1,399,0,0,2012,202729
1,399,1,1,2012,50994
1,399,1,2,2012,68777
1,399,1,3,2012,53345
1,399,1,4,2012,29613
1,399,2,1,2012,100371
1,399,2,2,2012,102358
1,399,4,1,2012,135709
1,399,4,2,2012,35867
1,399,4,3,2012,26073
1,399,4,4,2012,2132
1,399,4,5,2012,768
1,399,4,6,2012,2180
1,400,0,0,2012,704732
1,400,1,1,2012,187175
1,400,1,2,2012,269078
1,400,1,3,2012,162762
1,400,1,4,2012,85717
1,400,2,1,2012,359372
1,400,2,2,2012,345360
1,400,4,1,2012,364614
1,400,4,2,2012,34135
1,400,4,3,2012,284631
1,400,4,4,2012,8154
1,400,4,5,2012,2848
1,400,4,6,2012,10350
1,402,0,0,2012,679097
1,402,1,1,2012,230403
1,402,1,2,2012,261878
1,402,1,3,2012,124352
1,402,1,4,2012,62464
1,402,2,1,2012,332451
1,402,2,2,2012,346646
1,402,4,1,2012,48555
1,402,4,2,2012,2745
1,402,4,3,2012,618586
1,402,4,4,2012,7086
1,402,4,5,2012,505
1,402,4,6,2012,1620
1,406,0,0,2012,354009
1,406,1,1,2012,97946
1,406,1,2,2012,129374
1,406,1,3,2012,85956
1,406,1,4,2012,40733
1,406,2,1,2012,176865
1,406,2,2,2012,177144
1,406,4,1,2012,156719
1,406,4,2,2012,16843
1,406,4,3,2012,172622
1,406,4,4,2012,3258
1,406,4,5,2012,1257
1,406,4,6,2012,3310
1,411,0,0,2012,159352
1,411,1,1,2012,39040
1,411,1,2,2012,56359
1,411,1,3,2012,40435
1,411,1,4,2012,23518
1,411,2,1,2012,79563
1,411,2,2,2012,79789
1,411,4,1,2012,91883
1,411,4,2,2012,4814
1,411,4,3,2012,59262
1,411,4,4,2012,1269
1,411,4,5,2012,419
1,411,4,6,2012,1705
1,412,0,0,2012,2722507
1,412,1,1,2012,747858
1,412,1,2,2012,1016234
1,412,1,3,2012,646851
1,412,1,4,2012,311564
1,412,2,1,2012,1340168
1,412,2,2,2012,1382339
1,412,4,1,2012,895294
1,412,4,2,2012,135426
1,412,4,3,2012,1604375
1,412,4,4,2012,47467
1,412,4,5,2012,5508
1,412,4,6,2012,34437
1,413,0,0,2012,518719
1,413,1,1,2012,144926
1,413,1,2,2012,212519
1,413,1,3,2012,110910
1,413,1,4,2012,50364
1,413,2,1,2012,257270
1,413,2,2,2012,261449
1,413,4,1,2012,286998
1,413,4,2,2012,84970
1,413,4,3,2012,116137
1,413,4,4,2012,13476
1,413,4,5,2012,1879
1,413,4,6,2012,15259
1,416,0,0,2012,572328
1,416,1,1,2012,139530
1,416,1,2,2012,194740
1,416,1,3,2012,148686
1,416,1,4,2012,89372
1,416,2,1,2012,289649
1,416,2,2,2012,282679
1,416,4,1,2012,384592
1,416,4,2,2012,82766
1,416,4,3,2012,92541
1,416,4,4,2012,4505
1,416,4,5,2012,1988
1,416,4,6,2012,5936
1,417,0,0,2012,147486
1,417,1,1,2012,37166
1,417,1,2,2012,48011
1,417,1,3,2012,39375
1,417,1,4,2012,22934
1,417,2,1,2012,72868
1,417,2,2,2012,74618
1,417,4,1,2012,77243
1,417,4,2,2012,9411
1,417,4,3,2012,57818
1,417,4,4,2012,1152
1,417,4,5,2012,57
1,417,4,6,2012,1805
1,418,0,0,2012,338389
1,418,1,1,2012,85344
1,418,1,2,2012,120989
1,418,1,3,2012,83681
1,418,1,4,2012,48375
1,418,2,1,2012,165898
1,418,2,2,2012,172491
1,418,4,1,2012,208932
1,418,4,2,2012,46478
1,418,4,3,2012,74219
1,418,4,4,2012,3826
1,418,4,5,2012,999
1,418,4,6,2012,3935
1,420,0,0,2012,201023
1,420,1,1,2012,47898
1,420,1,2,2012,71328
1,420,1,3,2012,51717
1,420,1,4,2012,30080
1,420,2,1,2012,102506
1,420,2,2,2012,98517
1,420,4,1,2012,145690
1,420,4,2,2012,15539
1,420,4,3,2012,31976
1,420,4,4,2012,3031
1,420,4,5,2012,1276
1,420,4,6,2012,3511
1,421,0,0,2012,486629
1,421,1,1,2012,158094
1,421,1,2,2012,185817
1,421,1,3,2012,99509
1,421,1,4,2012,43209
1,421,2,1,2012,245086
1,421,2,2,2012,241543
1,421,4,1,2012,398308
1,421,4,2,2012,5813
1,421,4,3,2012,62185
1,421,4,4,2012,8729
1,421,4,5,2012,2228
1,421,4,6,2012,9366
1,422,0,0,2012,593114
1,422,1,1,2012,209541
1,422,1,2,2012,249195
1,422,1,3,2012,91652
1,422,1,4,2012,42726
1,422,2,1,2012,298306
1,422,2,2,2012,294808
1,422,4,1,2012,501180
1,422,4,2,2012,3053
1,422,4,3,2012,63255
1,422,4,4,2012,11538
1,422,4,5,2012,2843
1,422,4,6,2012,11245
1,423,0,0,2012,2035829
1,423,1,1,2012,600489
1,423,1,2,2012,785790
1,423,1,3,2012,444803
1,423,1,4,2012,204747
1,423,2,1,2012,1024832
1,423,2,2,2012,1010997
1,423,4,1,2012,1610649
1,423,4,2,2012,19598
1,423,4,3,2012,281569
1,423,4,4,2012,62659
1,423,4,5,2012,24916
1,423,4,6,2012,36438
1,424,0,0,2012,643062
1,424,1,1,2012,135724
1,424,1,2,2012,232561
1,424,1,3,2012,186600
1,424,1,4,2012,88177
1,424,2,1,2012,323779
1,424,2,2,2012,319283
1,424,4,1,2012,592767
1,424,4,2,2012,13094
1,424,4,3,2012,12532
1,424,4,4,2012,8792
1,424,4,5,2012,4695
1,424,4,6,2012,11182
1,426,0,0,2012,2313294
1,426,1,1,2012,563291
1,426,1,2,2012,937812
1,426,1,3,2012,606143
1,426,1,4,2012,206048
1,426,2,1,2012,1143981
1,426,2,2,2012,1169313
1,426,4,1,2012,1300572
1,426,4,2,2012,258470
1,426,4,3,2012,368863
1,426,4,4,2012,304273
1,426,4,5,2012,4095
1,426,4,6,2012,77021
1,427,0,0,2012,574141
1,427,1,1,2012,127687
1,427,1,2,2012,209453
1,427,1,3,2012,152708
1,427,1,4,2012,84293
1,427,2,1,2012,278091
1,427,2,2,2012,296050
1,427,4,1,2012,464687
1,427,4,2,2012,54738
1,427,4,3,2012,31091
1,427,4,4,2012,12169
1,427,4,5,2012,1030
1,427,4,6,2012,10426
1,428,0,0,2012,257322
1,428,1,1,2012,56345
1,428,1,2,2012,88250
1,428,1,3,2012,71045
1,428,1,4,2012,41682
1,428,2,1,2012,123789
1,428,2,2,2012,133533
1,428,4,1,2012,194132
1,428,4,2,2012,49823
1,428,4,3,2012,4852
1,428,4,4,2012,3120
1,428,4,5,2012,642
1,428,4,6,2012,4753
1,429,0,0,2012,562311
1,429,1,1,2012,130733
1,429,1,2,2012,204100
1,429,1,3,2012,151518
1,429,1,4,2012,75960
1,429,2,1,2012,272096
1,429,2,2,2012,290215
1,429,4,1,2012,328549
1,429,4,2,2012,173961
1,429,4,3,2012,28976
1,429,4,4,2012,15598
1,429,4,5,2012,1653
1,429,4,6,2012,13574
1,430,0,0,2012,1291762
1,430,1,1,2012,305850
1,430,1,2,2012,502569
1,430,1,3,2012,334591
1,430,1,4,2012,148752
1,430,2,1,2012,637519
1,430,2,2,2012,654243
1,430,4,1,2012,746902
1,430,4,2,2012,388822
1,430,4,3,2012,69672
1,430,4,4,2012,46615
1,430,4,5,2012,3252
1,430,4,6,2012,36499
1,431,0,0,2012,1737050
1,431,1,1,2012,410218
1,431,1,2,2012,629525
1,431,1,3,2012,479624
1,431,1,4,2012,217683
1,431,2,1,2012,849731
1,431,2,2,2012,887319
1,431,4,1,2012,1065403
1,431,4,2,2012,492638
1,431,4,3,2012,91753
1,431,4,4,2012,47287
1,431,4,5,2012,5731
1,431,4,6,2012,34238
1,432,0,0,2012,714225
1,432,1,1,2012,150321
1,432,1,2,2012,250721
1,432,1,3,2012,198380
1,432,1,4,2012,114803
1,432,2,1,2012,351050
1,432,2,2,2012,363175
1,432,4,1,2012,614811
1,432,4,2,2012,58412
1,432,4,3,2012,16151
1,432,4,4,2012,12145
1,432,4,5,2012,1029
1,432,4,6,2012,11677
1,435,0,0,2012,437191
1,435,1,1,2012,103063
1,435,1,2,2012,148658
1,435,1,3,2012,124323
1,435,1,4,2012,61147
1,435,2,1,2012,216276
1,435,2,2,2012,220915
1,435,4,1,2012,382053
1,435,4,2,2012,20786
1,435,4,3,2012,21039
1,435,4,4,2012,4486
1,435,4,5,2012,531
1,435,4,6,2012,8296
1,437,0,0,2012,667339
1,437,1,1,2012,158445
1,437,1,2,2012,237893
1,437,1,3,2012,188613
1,437,1,4,2012,82388
1,437,2,1,2012,335383
1,437,2,2,2012,331956
1,437,4,1,2012,521694
1,437,4,2,2012,10553
1,437,4,3,2012,67375
1,437,4,4,2012,35161
1,437,4,5,2012,8117
1,437,4,6,2012,24439
1,438,0,0,2012,384579
1,438,1,1,2012,87311
1,438,1,2,2012,132515
1,438,1,3,2012,108436
1,438,1,4,2012,56317
1,438,2,1,2012,190253
1,438,2,2,2012,194326
1,438,4,1,2012,308860
1,438,4,2,2012,7602
1,438,4,3,2012,30168
1,438,4,4,2012,18059
1,438,4,5,2012,5974
1,438,4,6,2012,13916
1,439,0,0,2012,2822839
1,439,1,1,2012,603129
1,439,1,2,2012,1105030
1,439,1,3,2012,772900
1,439,1,4,2012,341780
1,439,2,1,2012,1407504
1,439,2,2,2012,1415335
1,439,4,1,2012,1941614
1,439,4,2,2012,133563
1,439,4,3,2012,234765
1,439,4,4,2012,358258
1,439,4,5,2012,28758
1,439,4,6,2012,125881
1,440,0,0,2012,1514825
1,440,1,1,2012,374357
1,440,1,2,2012,527469
1,440,1,3,2012,403348
1,440,1,4,2012,209651
1,440,2,1,2012,758893
1,440,2,2,2012,755932
1,440,4,1,2012,1206958
1,440,4,2,2012,16120
1,440,4,3,2012,201176
1,440,4,4,2012,28635
1,440,4,5,2012,23788
1,440,4,6,2012,38148
1,441,0,0,2012,802807
1,441,1,1,2012,198136
1,441,1,2,2012,303192
1,441,1,3,2012,211481
1,441,1,4,2012,89998
1,441,2,1,2012,398261
1,441,2,2,2012,404546
1,441,4,1,2012,567368
1,441,4,2,2012,52076
1,441,4,3,2012,72808
1,441,4,4,2012,55514
1,441,4,5,2012,7934
1,441,4,6,2012,47107
1,442,0,0,2012,298846
1,442,1,1,2012,85928
1,442,1,2,2012,108356
1,442,1,3,2012,69179
1,442,1,4,2012,35383
1,442,2,1,2012,149403
1,442,2,2,2012,149443
1,442,4,1,2012,159583
1,442,4,2,2012,1890
1,442,4,3,2012,118610
1,442,4,4,2012,3652
1,442,4,5,2012,8945
1,442,4,6,2012,6166
1,443,0,0,2012,836857
1,443,1,1,2012,175820
1,443,1,2,2012,271538
1,443,1,3,2012,250159
1,443,1,4,2012,139340
1,443,2,1,2012,410627
1,443,2,2,2012,426230
1,443,4,1,2012,781923
1,443,4,2,2012,23645
1,443,4,3,2012,6997
1,443,4,4,2012,4636
1,443,4,5,2012,1303
1,443,4,6,2012,18353
1,444,0,0,2012,357684
1,444,1,1,2012,76993
1,444,1,2,2012,122349
1,444,1,3,2012,100337
1,444,1,4,2012,58005
1,444,2,1,2012,174603
1,444,2,2,2012,183081
1,444,4,1,2012,339218
1,444,4,2,2012,8008
1,444,4,3,2012,3061
1,444,4,4,2012,1674
1,444,4,5,2012,495
1,444,4,6,2012,5228
1,445,0,0,2012,401338
1,445,1,1,2012,81759
1,445,1,2,2012,148588
1,445,1,3,2012,109536
1,445,1,4,2012,61455
1,445,2,1,2012,202179
1,445,2,2,2012,199159
1,445,4,1,2012,375885
1,445,4,2,2012,10040
1,445,4,3,2012,5036
1,445,4,4,2012,4337
1,445,4,5,2012,601
1,445,4,6,2012,5439
1,446,0,0,2012,324878
1,446,1,1,2012,77078
1,446,1,2,2012,109275
1,446,1,3,2012,91522
1,446,1,4,2012,47003
1,446,2,1,2012,162813
1,446,2,2,2012,162065
1,446,4,1,2012,294347
1,446,4,2,2012,2436
1,446,4,3,2012,10140
1,446,4,4,2012,6803
1,446,4,5,2012,7298
1,446,4,6,2012,3854
1,447,0,0,2012,510798
1,447,1,1,2012,117690
1,447,1,2,2012,168778
1,447,1,3,2012,147674
1,447,1,4,2012,76656
1,447,2,1,2012,253918
1,447,2,2,2012,256880
1,447,4,1,2012,454609
1,447,4,2,2012,5878
1,447,4,3,2012,23356
1,447,4,4,2012,9572
1,447,4,5,2012,9158
1,447,4,6,2012,8225
1,448,0,0,2012,353798
1,448,1,1,2012,81328
1,448,1,2,2012,121744
1,448,1,3,2012,96145
1,448,1,4,2012,54581
1,448,2,1,2012,175609
1,448,2,2,2012,178189
1,448,4,1,2012,330615
1,448,4,2,2012,3664
1,448,4,3,2012,7999
1,448,4,4,2012,6670
1,448,4,5,2012,1268
1,448,4,6,2012,3582
1,449,0,0,2012,1100236
1,449,1,1,2012,252409
1,449,1,2,2012,410075
1,449,1,3,2012,296183
1,449,1,4,2012,141569
1,449,2,1,2012,549062
1,449,2,2,2012,551174
1,449,4,1,2012,954733
1,449,4,2,2012,35051
1,449,4,3,2012,59247
1,449,4,4,2012,27384
1,449,4,5,2012,3364
1,449,4,6,2012,20457
1,450,0,0,2012,384094
1,450,1,1,2012,86914
1,450,1,2,2012,121038
1,450,1,3,2012,111826
1,450,1,4,2012,64316
1,450,2,1,2012,193862
1,450,2,2,2012,190232
1,450,4,1,2012,359356
1,450,4,2,2012,2483
1,450,4,3,2012,8684
1,450,4,4,2012,4672
1,450,4,5,2012,5098
1,450,4,6,2012,3801
1,451,0,0,2012,2705602
1,451,1,1,2012,679126
1,451,1,2,2012,970120
1,451,1,3,2012,727036
1,451,1,4,2012,329320
1,451,2,1,2012,1332071
1,451,2,2,2012,1373531
1,451,4,1,2012,1896997
1,451,4,2,2012,332659
1,451,4,3,2012,331198
1,451,4,4,2012,85099
1,451,4,5,2012,7809
1,451,4,6,2012,51840
1,452,0,0,2012,241080
1,452,1,1,2012,52603
1,452,1,2,2012,86475
1,452,1,3,2012,67139
1,452,1,4,2012,34863
1,452,2,1,2012,122430
1,452,2,2,2012,118650
1,452,4,1,2012,219316
1,452,4,2,2012,4604
1,452,4,3,2012,8832
1,452,4,4,2012,4247
1,452,4,5,2012,1161
1,452,4,6,2012,2920
1,456,0,0,2012,190602
1,456,1,1,2012,41996
1,456,1,2,2012,60064
1,456,1,3,2012,56105
1,456,1,4,2012,32437
1,456,2,1,2012,95813
1,456,2,2,2012,94789
1,456,4,1,2012,173627
1,456,4,2,2012,1140
1,456,4,3,2012,3265
1,456,4,4,2012,7449
1,456,4,5,2012,2397
1,456,4,6,2012,2724
1,457,0,0,2012,194040
1,457,1,1,2012,45384
1,457,1,2,2012,64419
1,457,1,3,2012,56004
1,457,1,4,2012,28233
1,457,2,1,2012,98537
1,457,2,2,2012,95503
1,457,4,1,2012,165573
1,457,4,2,2012,1022
1,457,4,3,2012,13945
1,457,4,4,2012,1248
1,457,4,5,2012,8645
1,457,4,6,2012,3607

