ICD9,CCSID
0121,1
0122,1
0123,1
0124,1
0125,1
0131,1
0101,1
0109,1
0126,1
0127,1
0128,1
0132,1
0139,1
0141,1
0142,1
0151,1
0152,1
0153,1
0159,1
0231,2
0232,2
0233,2
0234,2
0235,2
0239,2
0242,2
0243,2
805 ,3
8050,3
8051,3
8059,3
0302,3
0309,3
8459,3
8460,3
8461,3
8462,3
8463,3
8464,3
8465,3
8466,3
8467,3
8468,3
8469,3
8480,3
8481,3
8482,3
8483,3
8484,3
8485,3
0331,4
038 ,5
0390,5
0391,5
0392,5
0393,5
0394,5
0443,6
0444,6
0449,6
0111,7
0112,7
0113,7
0114,7
0115,7
0118,7
0119,7
0332,7
0339,7
0411,7
0412,7
0419,7
0511,7
0519,7
0102,8
0241,8
0295,8
0321,8
0395,8
0396,8
0480,8
0481,8
0489,8
0531,8
0532,8
0539,8
0120,9
0129,9
016 ,9
0201,9
0202,9
0203,9
0204,9
0205,9
0206,9
0207,9
0211,9
0212,9
0213,9
0214,9
022 ,9
0221,9
0222,9
0291,9
0292,9
0293,9
0294,9
0296,9
0299,9
0301,9
031 ,9
0329,9
034 ,9
0351,9
0352,9
0353,9
0359,9
036 ,9
0371,9
0372,9
0379,9
0397,9
0398,9
0399,9
0401,9
0402,9
0403,9
0404,9
0405,9
0406,9
0407,9
042 ,9
043 ,9
0441,9
0442,9
045 ,9
046 ,9
0471,9
0472,9
0473,9
0474,9
0475,9
0476,9
0479,9
0491,9
0492,9
0493,9
0499,9
050 ,9
0521,9
0522,9
0523,9
0524,9
0525,9
0529,9
0581,9
0589,9
059 ,9
1761,9
8053,9
8054,9
8458,9
8694,9
8695,9
8696,9
8697,9
8698,9
062 ,10
0631,10
0639,10
064 ,10
0650,10
0651,10
0652,10
066 ,10
0611,11
0612,11
0613,11
0619,11
0700,11
0701,11
0702,11
0711,11
0712,11
0713,11
0714,11
0715,11
0716,11
0717,11
0719,11
0751,11
0771,11
0791,11
0601,12
0602,12
0609,12
067 ,12
0681,12
0689,12
0691,12
0692,12
0693,12
0694,12
0695,12
0698,12
0699,12
0721,12
0722,12
0729,12
073 ,12
0741,12
0742,12
0743,12
0744,12
0745,12
0749,12
0752,12
0753,12
0754,12
0759,12
0761,12
0762,12
0763,12
0764,12
0765,12
0768,12
0769,12
0772,12
0779,12
0780,12
0781,12
0782,12
0783,12
0784,12
0792,12
0793,12
0794,12
0795,12
0798,12
0799,12
1160,13
1161,13
1162,13
1163,13
1164,13
1169,13
1251,14
1252,14
1253,14
1254,14
1255,14
1259,14
1261,14
1262,14
1263,14
1264,14
1265,14
1266,14
1267,14
1269,14
1271,14
1272,14
1273,14
1274,14
1279,14
1370,15
1371,15
1372,15
1341,15
1359,15
1311,15
1319,15
132 ,15
133 ,15
1342,15
1343,15
1351,15
1361,15
1362,15
1363,15
1364,15
1365,15
1366,15
1369,15
138 ,15
139 ,15
1390,15
1391,15
1431,16
1432,16
1433,16
1434,16
1435,16
1439,16
1441,16
1449,16
1451,16
1452,16
1453,16
1454,16
1455,16
1459,16
1421,17
1422,17
1423,17
1424,17
1425,17
1426,17
1427,17
1429,17
0811,18
0819,18
0911,18
0912,18
0919,18
1021,18
1029,18
1121,18
1122,18
1129,18
1221,18
1222,18
1229,18
1411,18
1419,18
1501,18
1509,18
1621,18
1622,18
1623,18
1629,18
0801,19
0802,19
0809,19
0820,19
0821,19
0822,19
0823,19
0824,19
0825,19
0831,19
0832,19
0833,19
0834,19
0835,19
0836,19
0837,19
0838,19
0841,19
0842,19
0843,19
0844,19
0849,19
0851,19
0852,19
0859,19
0861,19
0862,19
0863,19
0864,19
0869,19
0870,19
0871,19
0872,19
0873,19
0874,19
0881,19
0882,19
0883,19
0884,19
0885,19
0886,19
0887,19
0889,19
0891,19
0892,19
0893,19
0899,19
090 ,19
0920,19
0921,19
0922,19
0923,19
093 ,19
0941,19
0942,19
0943,19
0944,19
0949,19
0951,19
0952,19
0953,19
0959,19
096 ,19
0971,19
0972,19
0973,19
0981,19
0982,19
0983,19
0991,19
0999,19
100 ,19
101 ,19
1031,19
1032,19
1033,19
1041,19
1042,19
1043,19
1044,19
1049,19
105 ,19
106 ,19
1091,19
1099,19
110 ,19
111 ,19
1131,19
1132,19
1139,19
1141,19
1142,19
1143,19
1149,19
1151,19
1152,19
1153,19
1159,19
1171,19
1172,19
1173,19
1174,19
1175,19
1176,19
1179,19
1191,19
1192,19
1199,19
9651,19
9731,19
1200,20
1201,20
1202,20
1211,20
1212,20
1213,20
1214,20
1231,20
1232,20
1233,20
1234,20
1235,20
1239,20
1240,20
1241,20
1242,20
1243,20
1244,20
1281,20
1282,20
1283,20
1284,20
1285,20
1286,20
1287,20
1288,20
1289,20
1291,20
1292,20
1293,20
1297,20
1298,20
1299,20
1300,20
1301,20
1302,20
1400,20
1401,20
1402,20
146 ,20
1471,20
1472,20
1473,20
1474,20
1475,20
1479,20
1481,20
1482,20
1483,20
149 ,20
1511,21
1512,21
1513,21
1519,21
1521,21
1522,21
1529,21
153 ,21
154 ,21
155 ,21
156 ,21
157 ,21
159 ,21
1601,21
1602,21
1609,21
161 ,21
1631,21
1639,21
1641,21
1642,21
1649,21
1651,21
1652,21
1659,21
1661,21
1662,21
1663,21
1664,21
1665,21
1666,21
1669,21
1671,21
1672,21
1681,21
1682,21
1689,21
1691,21
1692,21
1693,21
1698,21
1699,21
194 ,22
1952,22
1953,22
1954,22
1955,22
196 ,22
2001,23
2009,23
2041,24
2042,24
2049,24
1811,25
1812,25
1819,25
2031,25
2032,25
2039,25
1801,26
1802,26
1809,26
1821,26
1829,26
1831,26
1839,26
184 ,26
185 ,26
186 ,26
1871,26
1872,26
1879,26
189 ,26
190 ,26
1911,26
1919,26
1921,26
1929,26
193 ,26
199 ,26
201 ,26
2021,26
2022,26
2023,26
2051,26
2059,26
2061,26
2062,26
2071,26
2072,26
2079,26
208 ,26
2091,26
2092,26
2093,26
2094,26
2095,26
2096,26
2097,26
2098,26
2099,26
9611,26
9652,26
2100,27
2101,27
2102,27
2103,27
2104,27
2105,27
2106,27
2107,27
2109,27
215 ,28
2181,28
2182,28
2183,28
2184,28
2185,28
2186,28
2187,28
2188,28
2189,28
2301,29
2309,29
2311,29
2319,29
232 ,29
233 ,29
2341,29
2342,29
2343,29
2349,29
235 ,29
236 ,29
2370,29
2371,29
2372,29
2373,29
244 ,29
245 ,29
246 ,29
247 ,29
248 ,29
2491,29
2499,29
9654,29
9722,29
9733,29
9734,29
9735,29
9997,29
282 ,30
283 ,30
286 ,30
287 ,30
2211,31
2212,31
2219,31
2121,31
2122,31
2129,31
2411,31
2412,31
2419,31
2501,31
2502,31
2509,31
2611,31
2612,31
2619,31
2721,31
2722,31
2723,31
2724,31
2729,31
2811,31
2819,31
2911,31
2912,31
2919,31
2200,32
2201,32
2202,32
222 ,32
211 ,32
2130,32
2131,32
2132,32
2171,32
2191,32
240 ,32
2431,32
2432,32
2439,32
2551,32
2591,32
2592,32
2593,32
260 ,32
2691,32
2741,32
2751,32
2752,32
2791,32
2991,32
9621,32
9653,32
9721,32
9732,32
2231,33
2239,33
2241,33
2242,33
2250,33
2251,33
2252,33
2253,33
2260,33
2261,33
2262,33
2263,33
2264,33
2271,33
2279,33
2630,33
2631,33
2632,33
2754,33
2762,33
280 ,33
214 ,33
2161,33
2162,33
2169,33
2172,33
2199,33
229 ,33
242 ,33
251 ,33
252 ,33
253 ,33
254 ,33
2559,33
2594,33
2599,33
2621,33
2629,33
2641,33
2642,33
2649,33
2699,33
270 ,33
271 ,33
2731,33
2732,33
2742,33
2743,33
2749,33
2753,33
2755,33
2756,33
2757,33
2759,33
2761,33
2763,33
2764,33
2769,33
2771,33
2772,33
2773,33
2779,33
2792,33
2799,33
284 ,33
285 ,33
2891,33
2892,33
2899,33
290 ,33
292 ,33
293 ,33
2931,33
2932,33
2933,33
2939,33
294 ,33
2951,33
2952,33
2953,33
2954,33
2959,33
2992,33
2999,33
311 ,34
3121,34
3129,34
3142,35
3143,35
3144,35
3220,36
3221,36
3222,36
3223,36
3224,36
3225,36
3226,36
3227,36
3229,36
323 ,36
3230,36
3239,36
324 ,36
3241,36
3249,36
325 ,36
3250,36
3259,36
3322,37
3323,37
3372,37
3324,37
3326,37
3327,37
3320,38
3325,38
3328,38
3329,38
3402,38
3404,39
3406,39
3409,39
3491,39
3141,40
3145,40
3148,40
3149,40
3321,40
3420,40
3421,40
3422,40
3423,40
3424,40
3425,40
3426,40
3427,40
3428,40
3429,40
310 ,41
3193,41
3194,41
3195,41
3201,41
3228,41
3331,41
3332,41
3333,41
3371,41
3373,41
3378,41
3379,41
3391,41
3471,41
3472,41
3492,41
9655,41
9656,41
9723,41
9737,41
9741,41
9742,41
9743,41
9749,41
3001,42
3009,42
301 ,42
3021,42
3022,42
3029,42
303 ,42
304 ,42
313 ,42
315 ,42
3161,42
3162,42
3163,42
3164,42
3169,42
3171,42
3172,42
3173,42
3174,42
3175,42
3179,42
3191,42
3192,42
3198,42
3199,42
320 ,42
3209,42
321 ,42
326 ,42
329 ,42
330 ,42
331 ,42
3334,42
3339,42
3341,42
3342,42
3343,42
3348,42
3349,42
3392,42
3393,42
3398,42
3399,42
3401,42
3403,42
3405,42
341 ,42
343 ,42
344 ,42
3451,42
3452,42
3459,42
346 ,42
3473,42
3474,42
3479,42
3481,42
3482,42
3483,42
3484,42
3485,42
3489,42
3493,42
3499,42
3500,43
3501,43
3502,43
3503,43
3504,43
3505,43
3506,43
3507,43
3508,43
3509,43
3510,43
3511,43
3512,43
3513,43
3514,43
3520,43
3521,43
3522,43
3523,43
3524,43
3525,43
3526,43
3527,43
3528,43
3596,43
3597,43
3599,43
3611,44
3612,44
3613,44
3614,44
3610,44
3615,44
3616,44
3617,44
3619,44
362 ,44
363 ,44
3631,44
3632,44
3633,44
3634,44
3639,44
0066,45
1755,45
3601,45
3602,45
3605,45
3604,46
8852,47
8853,47
8854,47
8855,47
8856,47
8857,47
3721,47
3722,47
3723,47
0050,48
0051,48
0052,48
0053,48
0054,48
0056,48
0057,48
3770,48
3771,48
3772,48
3773,48
3774,48
3775,48
3776,48
3777,48
3778,48
3779,48
3780,48
3781,48
3782,48
3783,48
3785,48
3786,48
3787,48
3789,48
1751,48
1752,48
3794,48
3795,48
3796,48
3797,48
3798,48
3531,49
3532,49
3533,49
3534,49
3535,49
3539,49
3541,49
3542,49
3550,49
3551,49
3552,49
3553,49
3554,49
3555,49
3560,49
3561,49
3562,49
3563,49
3570,49
3571,49
3572,49
3573,49
3581,49
3582,49
3583,49
3584,49
3591,49
3592,49
3593,49
3594,49
3595,49
3598,49
3600,49
3603,49
3609,49
3691,49
3699,49
3710,49
3711,49
3712,49
3731,49
3732,49
3733,49
3734,49
3735,49
3736,49
3737,49
374 ,49
3741,49
3749,49
3752,49
3753,49
3754,49
3755,49
3760,49
3761,49
3762,49
3763,49
3764,49
3765,49
3766,49
3767,49
3768,49
3790,49
3791,49
3799,49
3961,50
3962,50
3963,50
3964,50
3965,50
3966,50
3811,51
3812,51
3834,52
3844,52
3864,52
3971,52
3973,52
3978,52
3859,53
3891,54
3892,54
3893,54
3897,54
3925,55
3929,55
390 ,56
391 ,56
3921,56
3922,56
3923,56
3924,56
3926,56
3928,56
3927,57
3942,57
3943,57
3993,57
3995,58
0061,59
0062,59
0063,59
0064,59
0065,59
1753,59
1754,59
3801,59
3802,59
3831,59
3832,59
3841,59
3842,59
3851,59
3852,59
3861,59
3862,59
3881,59
3882,59
3972,59
3974,59
3975,59
3976,59
3981,59
3982,59
3983,59
3984,59
3985,59
3986,59
3987,59
3988,59
3989,59
3808,60
3818,60
0055,61
1756,61
3950,61
3977,61
3979,61
6824,61
6825,61
387 ,61
0040,61
0041,61
0042,61
0043,61
0044,61
0045,61
0046,61
0047,61
0048,61
1771,61
3800,61
3803,61
3804,61
3805,61
3806,61
3807,61
3809,61
3810,61
3813,61
3814,61
3815,61
3816,61
3830,61
3833,61
3835,61
3836,61
3837,61
3838,61
3839,61
3840,61
3843,61
3845,61
3846,61
3847,61
3848,61
3849,61
3850,61
3853,61
3855,61
3857,61
3860,61
3863,61
3865,61
3866,61
3867,61
3868,61
3869,61
3880,61
3883,61
3884,61
3885,61
3886,61
3887,61
3888,61
3889,61
3930,61
3931,61
3932,61
3941,61
3949,61
3951,61
3952,61
3953,61
3954,61
3955,61
3956,61
3957,61
3958,61
3959,61
397 ,61
398 ,61
3990,61
3991,61
3992,61
3994,61
3998,61
3999,61
3720,62
3724,62
3725,62
3726,62
3727,62
3728,62
3729,62
3821,62
3822,62
3826,62
3829,62
0049,63
0060,63
3606,63
3607,63
370 ,63
3792,63
3793,63
3894,63
3895,63
3996,63
3997,63
9744,63
410 ,64
4100,64
4101,64
4102,64
4103,64
4104,64
4105,64
4106,64
4107,64
4108,64
4109,64
4131,65
411 ,66
412 ,66
4141,66
4142,66
4143,66
415 ,66
4193,66
4195,66
4199,66
4011,67
4021,67
4022,67
4023,67
4024,67
4029,67
403 ,67
4040,67
4041,67
4042,67
4050,67
4051,67
4052,67
4053,67
4054,67
4059,67
400 ,67
4019,67
4061,67
4062,67
4063,67
4064,67
4069,67
409 ,67
4132,67
4133,67
4138,67
4139,67
4191,67
4192,67
4198,67
4291,68
4292,69
4223,70
4224,70
4413,70
4414,70
4513,70
4516,70
4514,70
431 ,71
4311,71
4319,71
432 ,71
4432,71
4610,72
4611,72
4612,72
4613,72
4614,72
4620,73
4621,73
4622,73
4623,73
4624,73
4631,73
4632,73
4639,73
435 ,74
436 ,74
437 ,74
4381,74
4382,74
4389,74
4391,74
4399,74
4561,75
4562,75
4563,75
4525,76
4523,76
4524,76
4823,77
4824,77
4826,77
4921,77
4922,77
4923,77
1733,78
4573,78
1735,78
4575,78
1736,78
4576,78
4840,78
4841,78
4842,78
4843,78
4849,78
485 ,78
4850,78
4851,78
4852,78
4859,78
4861,78
4862,78
4863,78
4864,78
4865,78
4866,78
4869,78
1731,78
1732,78
1734,78
1739,78
4571,78
4572,78
4574,78
4579,78
458 ,78
4581,78
4582,78
4583,78
4541,79
470 ,80
4701,80
4709,80
471 ,80
4711,80
4719,80
4941,81
4942,81
4943,81
4944,81
4945,81
4946,81
4947,81
4949,81
5110,82
5111,82
5197,82
5213,82
5291,82
5011,83
5012,83
5013,83
5121,84
5122,84
5123,84
5124,84
5141,84
5142,84
5143,84
5149,84
5151,84
5159,84
1711,85
1712,85
1713,85
1721,85
1722,85
1723,85
1724,85
5300,85
5301,85
5302,85
5303,85
5304,85
5305,85
5310,85
5311,85
5312,85
5313,85
5314,85
5315,85
5316,85
5317,85
5321,85
5329,85
5331,85
5339,85
5341,86
5342,86
5343,86
5349,86
5351,86
5361,86
5362,86
5359,86
5363,86
5369,86
537 ,86
5371,86
5372,86
5375,86
5380,86
5381,86
5382,86
5383,86
5384,86
539 ,86
5421,87
5491,88
5411,89
545 ,90
5451,90
5459,90
5498,91
4411,92
4412,92
4415,92
4419,92
4511,92
4512,92
4515,92
4519,92
4521,92
4522,92
4526,92
4527,92
4528,92
4529,92
4821,92
4822,92
4825,92
4829,92
4929,92
4233,93
4281,93
4341,93
4422,93
4443,93
4444,93
4449,93
4462,93
4493,93
4494,93
9606,93
9631,93
9632,93
9633,93
9634,93
9635,93
9701,93
9702,93
9751,93
4201,94
4209,94
4210,94
4211,94
4212,94
4219,94
4231,94
4232,94
4239,94
4240,94
4241,94
4242,94
4251,94
4252,94
4253,94
4254,94
4255,94
4256,94
4258,94
4259,94
4261,94
4262,94
4263,94
4264,94
4265,94
4266,94
4268,94
4269,94
427 ,94
4282,94
4283,94
4284,94
4285,94
4286,94
4287,94
4289,94
4299,94
430 ,94
433 ,94
4342,94
4349,94
4400,94
4401,94
4402,94
4403,94
442 ,94
4421,94
4429,94
4431,94
4438,94
4439,94
4440,94
4441,94
4442,94
445 ,94
4461,94
4463,94
4464,94
4465,94
4466,94
4467,94
4468,94
4469,94
4491,94
4492,94
4495,94
4496,94
4497,94
4498,94
4499,94
4530,95
4542,95
4543,95
4685,95
4686,95
4687,95
4695,95
4696,95
4831,95
4832,95
4833,95
4834,95
4836,95
4903,95
4931,95
9609,95
9619,95
9622,95
9623,95
9626,95
9629,95
9637,95
9638,95
9639,95
9703,95
9704,95
9752,95
9753,95
9993,95
4975,96
4976,96
4652,96
4835,96
4881,96
4901,96
4911,96
4912,96
4500,96
4501,96
4502,96
4503,96
4531,96
4532,96
4533,96
4534,96
4549,96
4550,96
4551,96
4552,96
4590,96
4591,96
4592,96
4593,96
4594,96
4595,96
4601,96
4602,96
4603,96
4604,96
4640,96
4641,96
4642,96
4643,96
4650,96
4651,96
4660,96
4661,96
4662,96
4663,96
4664,96
4671,96
4672,96
4673,96
4674,96
4675,96
4676,96
4679,96
4680,96
4681,96
4682,96
4691,96
4692,96
4693,96
4694,96
4699,96
472 ,96
4791,96
4792,96
4799,96
480 ,96
481 ,96
4871,96
4872,96
4873,96
4874,96
4875,96
4876,96
4879,96
4882,96
4891,96
4892,96
4893,96
4899,96
4902,96
4904,96
493 ,96
4939,96
4951,96
4952,96
4959,96
496 ,96
4971,96
4972,96
4973,96
4974,96
4979,96
4991,96
4992,96
4993,96
4994,96
4995,96
4999,96
4221,97
4222,97
4225,97
4229,97
5014,97
5019,97
5112,97
5113,97
5114,97
5115,97
5119,97
5211,97
5212,97
5214,97
5219,97
5422,97
5423,97
5424,97
5425,97
5429,97
5091,98
5092,98
5093,98
5094,98
5099,98
5101,98
5164,98
5184,98
5185,98
5186,98
5187,98
5188,98
5196,98
5198,98
5221,98
5293,98
5294,98
5297,98
5298,98
5496,98
5497,98
5499,98
9608,98
9624,98
9627,98
9628,98
9636,98
9641,98
9642,98
9643,98
9705,98
9754,98
9755,98
9756,98
9759,98
9782,98
9786,98
1763,99
527 ,99
540 ,99
544 ,99
5493,99
500 ,99
5021,99
5022,99
5023,99
5024,99
5025,99
5026,99
5029,99
503 ,99
504 ,99
5061,99
5069,99
5102,99
5103,99
5104,99
5131,99
5132,99
5133,99
5134,99
5135,99
5136,99
5137,99
5139,99
5161,99
5162,99
5163,99
5169,99
5171,99
5172,99
5179,99
5181,99
5182,99
5183,99
5189,99
5191,99
5192,99
5193,99
5194,99
5195,99
5199,99
5201,99
5209,99
522 ,99
5222,99
523 ,99
524 ,99
5251,99
5252,99
5253,99
5259,99
526 ,99
5292,99
5295,99
5296,99
5299,99
5412,99
5419,99
543 ,99
5461,99
5462,99
5463,99
5464,99
5471,99
5472,99
5473,99
5474,99
5475,99
5492,99
5494,99
5495,99
5521,100
5522,100
5631,100
5633,100
5732,100
5733,100
5822,100
5823,100
560 ,101
570 ,101
5741,101
5749,101
598 ,102
5501,103
5502,103
5503,103
5504,103
5511,103
5512,103
554 ,104
5551,104
5552,104
5553,104
5554,104
5561,105
5569,105
593 ,106
594 ,106
595 ,106
596 ,106
5971,106
5972,106
5979,106
5995,107
5996,107
9851,107
5794,108
580 ,109
581 ,109
583 ,109
5831,109
5839,109
5841,109
5842,109
5843,109
5844,109
5845,109
5846,109
5847,109
5849,109
585 ,109
586 ,109
5891,109
5892,109
5893,109
5899,109
5523,110
5524,110
5529,110
5632,110
5634,110
5635,110
5639,110
5731,110
5734,110
5739,110
5821,110
5824,110
5829,110
5921,110
5929,110
5592,111
5593,111
5594,111
5595,111
5596,111
5691,111
5711,111
5717,111
5792,111
5795,111
5993,111
5994,111
5999,111
9625,111
9645,111
9646,111
9647,111
9648,111
9649,111
9761,111
9762,111
9763,111
9764,111
9765,111
9769,111
5531,112
5532,112
5533,112
5534,112
5535,112
5539,112
557 ,112
5581,112
5582,112
5583,112
5584,112
5585,112
5586,112
5587,112
5589,112
5591,112
5597,112
5598,112
5599,112
561 ,112
562 ,112
5640,112
5641,112
5642,112
5651,112
5652,112
5661,112
5662,112
5671,112
5672,112
5673,112
5674,112
5675,112
5679,112
5681,112
5682,112
5683,112
5684,112
5685,112
5686,112
5689,112
5692,112
5693,112
5694,112
5695,112
5699,112
5712,112
5718,112
5719,112
5721,112
5722,112
5751,112
5759,112
576 ,112
5771,112
5779,112
5781,112
5782,112
5783,112
5784,112
5785,112
5786,112
5787,112
5788,112
5789,112
5791,112
5793,112
5796,112
5797,112
5798,112
5799,112
5900,112
5901,112
5902,112
5903,112
5909,112
5911,112
5912,112
5919,112
5991,112
5992,112
602 ,113
6021,113
6029,113
6096,113
6097,113
603 ,114
604 ,114
605 ,114
6061,114
6062,114
6069,114
640 ,115
6011,116
6012,116
6013,116
6014,116
6015,116
6018,116
6019,116
6111,116
6119,116
6211,116
6212,116
6219,116
6301,116
6309,116
6411,116
6419,116
6071,117
6091,117
6092,117
6095,117
610 ,117
613 ,117
6141,117
6191,117
6291,117
6292,117
6352,117
636 ,117
6370,117
6371,117
6372,117
6373,117
6384,117
6391,117
6491,117
6494,117
9994,117
9995,117
9996,117
6497,118
623 ,118
6241,118
625 ,118
6495,118
600 ,118
6072,118
6073,118
6079,118
6081,118
6082,118
6093,118
6094,118
6099,118
612 ,118
6142,118
6149,118
6192,118
6199,118
620 ,118
622 ,118
6242,118
6261,118
6269,118
627 ,118
6299,118
631 ,118
632 ,118
633 ,118
634 ,118
6351,118
6353,118
6359,118
6381,118
6382,118
6383,118
6385,118
6389,118
6392,118
6393,118
6394,118
6395,118
6399,118
642 ,118
643 ,118
6441,118
6442,118
6443,118
6444,118
6445,118
6449,118
645 ,118
6492,118
6493,118
6496,118
6498,118
6499,118
653 ,119
6531,119
6539,119
654 ,119
6541,119
6549,119
6551,119
6552,119
6553,119
6554,119
6561,119
6562,119
6563,119
6564,119
650 ,120
6501,120
6509,120
6521,120
6522,120
6523,120
6524,120
6525,120
6529,120
6571,120
6572,120
6573,120
6574,120
6575,120
6576,120
6579,120
658 ,120
6581,120
6589,120
6591,120
6592,120
6593,120
6594,120
6595,120
6599,120
6621,121
6622,121
6629,121
6631,121
6632,121
6639,121
664 ,123
6651,123
6652,123
6661,123
6663,123
6669,123
6671,123
6672,123
6673,123
6674,123
6679,123
668 ,123
6691,123
6692,123
6693,123
6694,123
6695,123
6696,123
6697,123
6699,123
684 ,124
6841,124
6849,124
6861,124
6869,124
685 ,124
6851,124
6859,124
6871,124
6879,124
683 ,124
6831,124
6839,124
686 ,124
687 ,124
689 ,124
672 ,125
6731,125
6732,125
6733,125
6739,125
674 ,125
6821,125
6822,125
6823,125
6829,125
6919,125
6901,126
6951,126
7491,126
750 ,126
6902,127
6952,127
6909,128
7050,129
7051,129
7052,129
7053,129
7054,129
7055,129
708 ,129
6511,130
6512,130
6513,130
6514,130
6519,130
6611,130
6619,130
6711,130
6712,130
6719,130
6811,130
6812,130
6813,130
6814,130
6815,130
6816,130
6819,130
7021,130
7022,130
7023,130
7024,130
7029,130
7111,130
7119,130
670 ,131
6959,131
696 ,131
697 ,131
6991,131
6992,131
6993,131
6994,131
6996,131
700 ,131
7011,131
7121,131
9614,131
9615,131
9616,131
9617,131
9618,131
9644,131
9724,131
9725,131
9726,131
9771,131
9772,131
9773,131
9774,131
9775,131
660 ,132
6601,132
6602,132
675 ,132
6761,132
6762,132
6769,132
680 ,132
688 ,132
6921,132
6922,132
6923,132
6929,132
693 ,132
6941,132
6942,132
6949,132
6995,132
6997,132
6998,132
6999,132
7012,132
7013,132
7014,132
7031,132
7032,132
7033,132
704 ,132
7061,132
7062,132
7063,132
7064,132
7071,132
7072,132
7073,132
7074,132
7075,132
7076,132
7077,132
7078,132
7079,132
7091,132
7092,132
7093,132
7094,132
7095,132
7101,132
7109,132
7122,132
7123,132
7124,132
7129,132
713 ,132
714 ,132
715 ,132
7161,132
7162,132
7171,132
7172,132
7179,132
718 ,132
719 ,132
736 ,133
740 ,134
741 ,134
742 ,134
744 ,134
7499,134
721 ,135
7271,135
7279,135
720 ,135
7221,135
7229,135
7231,135
7239,135
724 ,135
7251,135
7252,135
7253,135
7254,135
726 ,135
728 ,135
729 ,135
733 ,135
7301,136
7309,136
734 ,137
7359,137
731 ,137
7321,137
7322,137
7351,137
738 ,137
7391,137
7392,137
7393,137
7394,137
7399,137
751 ,138
7531,139
7532,139
7533,139
7534,139
7535,139
7538,139
7550,140
7551,140
7552,140
7561,140
7562,140
7569,140
6751,141
6759,141
752 ,141
7536,141
7537,141
754 ,141
757 ,141
758 ,141
7591,141
7592,141
7593,141
7594,141
7599,141
6662,122
6911,122
743 ,122
7601,142
762 ,142
7631,142
7639,142
7760,142
7761,142
7762,142
7763,142
7764,142
7765,142
7766,142
7767,142
7768,142
7769,142
7770,142
7771,142
7772,142
7773,142
7774,142
7775,142
7776,142
7777,142
7778,142
7779,142
7780,142
7781,142
7782,142
7783,142
7784,142
7785,142
7786,142
7787,142
7788,142
7789,142
7751,143
7752,143
7753,143
7754,143
7756,143
7757,143
7758,143
7759,143
7670,144
7671,144
7672,144
7673,144
7674,144
7675,144
7676,144
7677,144
7678,144
7679,144
7693,144
7694,144
7697,144
7699,144
7853,145
7863,145
7902,145
7912,145
7922,145
7932,145
7942,145
7952,145
7962,145
7972,145
7973,145
7982,145
7983,145
7992,145
7855,146
7865,146
7905,146
7915,146
7925,146
7935,146
7945,146
7955,146
7965,146
7975,146
7985,146
7995,146
7856,147
7857,147
7858,147
7866,147
7867,147
7868,147
7906,147
7907,147
7908,147
7916,147
7917,147
7918,147
7926,147
7927,147
7928,147
7936,147
7937,147
7938,147
7946,147
7956,147
7966,147
7967,147
7968,147
7976,147
7977,147
7978,147
7986,147
7987,147
7988,147
7996,147
7997,147
7998,147
7850,148
7851,148
7852,148
7854,148
7859,148
7860,148
7861,148
7862,148
7864,148
7869,148
7900,148
7901,148
7903,148
7904,148
7909,148
7910,148
7911,148
7913,148
7914,148
7919,148
7920,148
7921,148
7923,148
7924,148
7929,148
7930,148
7931,148
7933,148
7934,148
7939,148
7940,148
7941,148
7949,148
7950,148
7951,148
7959,148
7960,148
7961,148
7963,148
7964,148
7969,148
7970,148
7971,148
7974,148
7979,148
7980,148
7981,148
7984,148
7989,148
7990,148
7991,148
7993,148
7994,148
7999,148
8494,148
8026,149
8020,149
8021,149
8022,149
8023,149
8024,149
8025,149
8027,149
8028,149
8029,149
8145,149
8040,150
8041,150
8042,150
8043,150
8044,150
8045,150
8046,150
8047,150
8048,150
8049,150
806 ,151
0080,152
0081,152
0082,152
0083,152
0084,152
8141,152
8142,152
8143,152
8144,152
8146,152
8147,152
8154,152
8155,152
0070,153
0071,153
0072,153
0073,153
0074,153
0075,153
0076,153
0077,153
0085,153
0086,153
0087,153
8151,153
8152,153
8153,153
8169,153
8148,154
8149,154
8156,154
8157,154
8159,154
8171,154
8172,154
8173,154
8174,154
8175,154
8179,154
8180,154
8181,154
8182,154
8183,154
8184,154
8185,154
8186,154
8187,154
8188,154
8197,154
8191,155
8292,156
8293,156
8294,156
8295,156
8296,156
8394,156
8395,156
8396,156
8397,156
8398,156
8411,157
8412,157
8415,157
8417,157
8410,157
8413,157
8414,157
8416,157
8418,157
8419,157
8100,158
8101,158
8102,158
8103,158
8104,158
8105,158
8106,158
8107,158
8108,158
8109,158
8130,158
8131,158
8132,158
8133,158
8134,158
8135,158
8136,158
8137,158
8138,158
8139,158
8161,158
8162,158
8163,158
8164,158
8451,158
7611,159
7619,159
7740,159
7741,159
7742,159
7743,159
7744,159
7745,159
7746,159
7747,159
7748,159
7749,159
7880,159
7881,159
7882,159
7883,159
7884,159
7885,159
7886,159
7887,159
7888,159
7889,159
8030,159
8031,159
8032,159
8033,159
8034,159
8035,159
8036,159
8037,159
8038,159
8039,159
8321,159
8329,159
8363,160
8361,160
8362,160
8364,160
8365,160
8201,160
8202,160
8203,160
8204,160
8209,160
8211,160
8212,160
8219,160
8221,160
8222,160
8229,160
8231,160
8232,160
8233,160
8234,160
8235,160
8236,160
8239,160
8241,160
8242,160
8243,160
8244,160
8245,160
8246,160
8251,160
8252,160
8253,160
8254,160
8255,160
8256,160
8257,160
8258,160
8259,160
8261,160
8269,160
8271,160
8272,160
8279,160
8281,160
8282,160
8283,160
8284,160
8285,160
8286,160
8289,160
8291,160
8299,160
8301,160
8302,160
8303,160
8309,160
8311,160
8312,160
8313,160
8314,160
8319,160
8331,160
8332,160
8339,160
8341,160
8342,160
8343,160
8344,160
8345,160
8349,160
835 ,160
8371,160
8372,160
8373,160
8374,160
8375,160
8376,160
8377,160
8379,160
8381,160
8382,160
8383,160
8384,160
8385,160
8386,160
8387,160
8388,160
8389,160
8391,160
8392,160
8393,160
8399,160
7700,161 
7701,161 
7702,161 
7703,161 
7704,161 
7705,161 
7706,161 
7707,161 
7708,161 
7709,161 
7710,161 
7711,161 
7712,161 
7713,161 
7714,161 
7715,161 
7716,161 
7717,161 
7718,161 
7719,161 
7720,161 
7721,161 
7722,161 
7723,161 
7724,161 
7725,161 
7726,161 
7727,161 
7728,161 
7729,161 
7730,161 
7731,161 
7732,161 
7733,161 
7734,161 
7735,161 
7736,161 
7737,161 
7738,161 
7739,161 
7790,161 
7791,161 
7792,161 
7793,161 
7794,161 
7795,161 
7796,161 
7797,161 
7798,161 
7799,161 
7800,161 
7801,161 
7802,161 
7803,161 
7804,161 
7805,161 
7806,161 
7807,161 
7808,161 
7809,161 
7810,161 
7811,161 
7812,161 
7813,161 
7814,161 
7815,161 
7816,161 
7817,161 
7818,161 
7819,161 
7820,161 
7822,161 
7823,161 
7824,161 
7825,161 
7827,161 
7828,161 
7829,161 
7830,161 
7831,161 
7832,161 
7833,161 
7834,161 
7835,161 
7837,161 
7838,161 
7839,161 
7840,161 
7841,161 
7842,161 
7843,161 
7844,161 
7845,161 
7846,161 
7847,161 
7848,161 
7849,161 
7870,161 
7871,161 
7872,161 
7873,161 
7874,161 
7875,161 
7876,161 
7877,161 
7878,161 
7879,161 
7890,161 
7891,161 
7892,161 
7893,161 
7894,161 
7895,161 
7896,161 
7897,161 
7898,161 
7899,161 
8165,161 
8166,161 
8471,161 
8472,161 
8473,161 
8000,162
8001,162
8002,162
8003,162
8004,162
8005,162
8006,162
8007,162
8008,162
8009,162
8010,162
8011,162
8012,162
8013,162
8014,162
8015,162
8016,162
8017,162
8018,162
8019,162
8052,162
8070,162
8071,162
8072,162
8073,162
8074,162
8075,162
8076,162
8077,162
8078,162
8079,162
8080,162
8081,162
8082,162
8083,162
8084,162
8085,162
8086,162
8087,162
8088,162
8089,162
8090,162
8091,162
8092,162
8093,162
8094,162
8095,162
8096,162
8097,162
8098,162
8099,162
8111,162
8112,162
8113,162
8114,162
8115,162
8116,162
8117,162
8118,162
8120,162
8121,162
8122,162
8123,162
8124,162
8125,162
8126,162
8127,162
8128,162
8129,162
8140,162
8193,162
8194,162
8195,162
8196,162
8198,162
8199,162
7695,163
7696,163
8192,163
8441,163
8442,163
8443,163
8445,163
8446,163
8447,163
8452,163
8453,163
8454,163
8455,163
8456,163
8457,163
9711,163
9712,163
9713,163
9714,163
9736,163
9788,163
7609,164
7641,164
7642,164
7643,164
7644,164
7645,164
7646,164
765 ,164
7661,164
7662,164
7663,164
7664,164
7665,164
7666,164
7667,164
7668,164
7669,164
7691,164
7692,164
8400,164
8401,164
8402,164
8403,164
8404,164
8405,164
8406,164
8407,164
8408,164
8409,164
8421,164
8422,164
8423,164
8424,164
8425,164
8426,164
8427,164
8428,164
8429,164
843 ,164
8440,164
8444,164
8448,164
8491,164
8492,164
8493,164
8499,164
8511,165
8512,165
8519,165
8520,166
8521,166
8522,166
8523,166
8541,167
8542,167
8543,167
8544,167
8545,167
8546,167
8547,167
8548,167
8604,168
8622,169
8628,169
863 ,170
864 ,170
8651,171
8659,171
8660,172
8661,172
8662,172
8663,172
8664,172
8665,172
8666,172
8667,172
8669,172
8670,172
8671,172
8672,172
8673,172
8674,172
8675,172
8611,173
8619,173
8601,174
8607,174
8627,174
850 ,174
8551,174
8552,174
8581,174
8591,174
8592,174
8602,174
8603,174
8605,174
8609,174
8623,174
8624,174
8626,174
8692,174
8699,174
8532,175
8621,175
8524,175
8525,175
8531,175
8533,175
8534,175
8535,175
8536,175
8550,175
8553,175
8554,175
8555,175
856 ,175
857 ,175
8570,175
8571,175
8572,175
8573,175
8574,175
8575,175
8576,175
8579,175
8582,175
8583,175
8584,175
8585,175
8586,175
8587,175
8589,175
8593,175
8594,175
8595,175
8596,175
8599,175
8606,175
8625,175
8681,175
8682,175
8683,175
8684,175
8685,175
8686,175
8687,175
8689,175
8690,175
8691,175
8693,175
335 ,176
3350,176
3351,176
3352,176
336 ,176
375 ,176
3751,176
4194,176
4697,176
5051,176
5059,176
5280,176
5281,176
5282,176
5283,176
5284,176
5285,176
5286,176
8703,177
8741,178
8801,179
0031,180
8771,180
8838,180
8721,181
8736,182
8737,182
8744,183
8753,184
8761,185
8762,185
8764,186
8773,187
8841,188
8842,189
8848,190
8840,191
8843,191
8844,191
8845,191
8846,191
8847,191
8849,191
8850,191
8851,191
8858,191
8860,191
8861,191
8862,191
8863,191
8864,191
8865,191
8866,191
8867,191
8868,191
0021,192
8871,192
0024,193
8872,193
8874,194
0025,195
8875,195
8876,196
0022,197
0023,197
0028,197
0029,197
8873,197
8877,197
8878,197
8879,197
0032,198
8891,198
8892,198
8893,198
8894,198
8895,198
8896,198
8897,198
8899,198
8914,199
8929,200
8941,201
8942,201
8943,201
8944,201
8951,202
8952,202
8954,203
8964,204
8960,205
8965,205
9001,206
9002,206
9003,206
9004,206
9005,206
9006,206
9009,206
9011,206
9012,206
9013,206
9014,206
9015,206
9016,206
9019,206
9021,206
9022,206
9023,206
9024,206
9025,206
9026,206
9029,206
9031,206
9032,206
9033,206
9034,206
9035,206
9036,206
9039,206
9041,206
9042,206
9043,206
9044,206
9045,206
9046,206
9049,206
9051,206
9052,206
9053,206
9054,206
9055,206
9056,206
9059,206
9061,206
9062,206
9063,206
9064,206
9065,206
9066,206
9069,206
9071,206
9072,206
9073,206
9074,206
9075,206
9076,206
9079,206
9081,206
9082,206
9083,206
9084,206
9085,206
9086,206
9089,206
9091,206
9092,206
9093,206
9094,206
9095,206
9096,206
9099,206
9101,206
9102,206
9103,206
9104,206
9105,206
9106,206
9109,206
9111,206
9112,206
9113,206
9114,206
9115,206
9116,206
9119,206
9121,206
9122,206
9123,206
9124,206
9125,206
9126,206
9129,206
9131,206
9132,206
9133,206
9134,206
9135,206
9136,206
9139,206
9141,206
9142,206
9143,206
9144,206
9145,206
9146,206
9149,206
9151,206
9152,206
9153,206
9154,206
9155,206
9156,206
9159,206
9161,206
9162,206
9163,206
9164,206
9165,206
9166,206
9169,206
9171,206
9172,206
9173,206
9174,206
9175,206
9176,206
9179,206
9181,206
9182,206
9183,206
9184,206
9185,206
9186,206
9189,206
9191,206
9192,206
9193,206
9194,206
9195,206
9196,206
9199,206
9214,207
9215,208
9201,209
9202,209
9203,209
9204,209
9205,209
9209,209
9211,210
9212,210
9213,210
9216,210
9217,210
9218,210
9219,210
9220,211
9221,211
9222,211
9223,211
9224,211
9225,211
9226,211
9227,211
9228,211
9229,211
9241,211
9301,212
9302,212
9303,212
9304,212
9305,212
9306,212
9307,212
9308,212
9309,212
9311,213
9312,213
9313,213
9314,213
9315,213
9316,213
9317,213
9318,213
9319,213
9321,213
9322,213
9323,213
9324,213
9325,213
9326,213
9327,213
9328,213
9329,213
9331,213
9332,213
9333,213
9334,213
9335,213
9336,213
9337,213
9338,213
9339,213
9341,214
9342,214
9343,214
9344,214
9345,214
9346,214
9351,214
9352,214
9353,214
9354,214
9355,214
9356,214
9357,214
9358,214
9359,214
9361,215
9362,215
9363,215
9364,215
9365,215
9366,215
9367,215
9371,215
9372,215
9373,215
9374,215
9375,215
9376,215
9377,215
9378,215
9381,215
9382,215
9383,215
9384,215
9385,215
9389,215
9604,216
9671,216
9672,216
9390,216
9392,216
9601,216
9602,216
9603,216
9605,216
9670,216
9394,217
9396,217
9391,217
9399,217
9421,218
9422,218
9423,218
9424,218
9425,218
9427,218
9431,218
9432,218
9433,218
9434,218
9435,218
9436,218
9437,218
9438,218
9439,218
9401,218
9402,218
9403,218
9408,218
9409,218
9411,218
9412,218
9413,218
9419,218
9426,218
9429,218
9441,218
9442,218
9443,218
9444,218
9445,218
9446,218
9449,218
9451,218
9452,218
9453,218
9454,218
9455,218
9459,218
9461,219
9462,219
9463,219
9464,219
9465,219
9466,219
9467,219
9468,219
9469,219
9501,220
9502,220
9503,220
9504,220
9505,220
9506,220
9507,220
9509,220
9511,220
9512,220
9513,220
9514,220
9515,220
9516,220
9521,220
9522,220
9523,220
9524,220
9525,220
9526,220
9531,220
9532,220
9533,220
9534,220
9535,220
9536,220
9541,220
9542,220
9543,220
9544,220
9545,220
9546,220
9547,220
9548,220
9549,220
9607,221
9900,222
9901,222
9902,222
9903,222
9904,222
9905,222
9906,222
9907,222
9908,222
9909,222
966 ,223
9915,223
0010,224
0015,224
1770,224
9925,224
9928,224
9960,225
9961,225
9962,225
9963,225
9964,225
9969,225
0033,226
0034,226
0035,226
0039,226
3823,226
3824,226
3825,226
8701,226
8702,226
8704,226
8705,226
8706,226
8707,226
8708,226
8709,226
8711,226
8712,226
8713,226
8714,226
8715,226
8716,226
8717,226
8722,226
8723,226
8724,226
8729,226
8731,226
8732,226
8733,226
8734,226
8735,226
8738,226
8739,226
8742,226
8743,226
8749,226
8751,226
8752,226
8754,226
8759,226
8763,226
8765,226
8766,226
8769,226
8772,226
8774,226
8775,226
8776,226
8777,226
8778,226
8779,226
8781,226
8782,226
8783,226
8784,226
8785,226
8789,226
8791,226
8792,226
8793,226
8794,226
8795,226
8799,226
8802,226
8803,226
8804,226
8809,226
8811,226
8812,226
8813,226
8814,226
8815,226
8816,226
8819,226
8821,226
8822,226
8823,226
8824,226
8825,226
8826,226
8827,226
8828,226
8829,226
8831,226
8832,226
8833,226
8834,226
8835,226
8836,226
8837,226
8839,226
8859,226
8881,226
8882,226
8883,226
8884,226
8885,226
8886,226
8889,226
8890,226
8898,226
0058,227
0059,227
0067,227
0068,227
0069,227
8901,227
8902,227
8903,227
8904,227
8905,227
8906,227
8907,227
8908,227
8909,227
8910,227
8911,227
8912,227
8913,227
8915,227
8916,227
8917,227
8918,227
8919,227
8921,227
8922,227
8923,227
8924,227
8925,227
8926,227
8931,227
8932,227
8933,227
8934,227
8935,227
8936,227
8937,227
8938,227
8939,227
8945,227
8946,227
8947,227
8948,227
8949,227
8950,227
8953,227
8955,227
8956,227
8957,227
8958,227
8959,227
8961,227
8962,227
8963,227
8966,227
8967,227
8968,227
8969,227
897 ,227
898 ,227
9931,228
9932,228
9933,228
9934,228
9935,228
9936,228
9937,228
9938,228
9939,228
9941,228
9942,228
9943,228
9944,228
9945,228
9946,228
9947,228
9948,228
9951,228
9952,228
9953,228
9954,228
9955,228
9956,228
9957,228
9958,228
9959,228
9801,229
9802,229
9803,229
9804,229
9805,229
9811,229
9812,229
9813,229
9814,229
9815,229
9816,229
9817,229
9818,229
9819,229
9820,229
9821,229
9822,229
9823,229
9824,229
9825,229
9826,229
9827,229
9828,229
9829,229
9852,230
9859,230
0001,231
0002,231
0003,231
0009,231
0014,231
1762,231
1769,231
9976,231
9977,231
1781,231
9921,231
9983,231
9910,231
9975,231
0011,231
0012,231
0013,231
0016,231
0017,231
0018,231
0019,231
0091,231
0092,231
0093,231
0094,231
0095,231
0096,231
0110,231
0116,231
0117,231
1741,231
1742,231
1743,231
1744,231
1745,231
1749,231
3898,231
3899,231
923 ,231
9230,231
9231,231
9232,231
9233,231
9239,231
9393,231
9395,231
9397,231
9398,231
9657,231
9658,231
9659,231
9715,231
9716,231
9729,231
9738,231
9739,231
9779,231
9781,231
9783,231
9784,231
9785,231
9787,231
9789,231
9911,231
9912,231
9913,231
9914,231
9916,231
9917,231
9918,231
9919,231
9920,231
9922,231
9923,231
9924,231
9926,231
9927,231
9929,231
9971,231
9972,231
9973,231
9974,231
9978,231
9979,231
9981,231
9982,231
9984,231
9985,231
9986,231
9988,231
9991,231
9992,231
9998,231
9999,231
