PRCCSID,Region,Discharges,MeanLOS,MedianLOS,MeanCharges,MedianCharges,MeanCost,MedianCost,DischargesStdErr,MeanLOSStdErr,MeanChargesStdErr,MeanCostStdErr
0,0,35358818,4.6,3.0,41633,22343,10885,6278,291302,0.020,510,100
1,0,101980,8.7,6.0,132765,93260,34418,25171,3427,0.121,2642,492
1,1,19745,9.2,6.0,148949,101146,35543,25180,1562,0.290,7409,1181
1,2,24230,8.1,6.0,113542,84091,33462,25020,1518,0.195,3209,831
1,3,40435,9.2,6.0,126651,88957,32084,23863,2120,0.204,3795,725
1,4,17570,8.1,5.0,155851,109976,40120,28543,1582,0.305,7110,1504
2,0,25385,8.0,3.0,107062,54866,28575,15172,1127,0.228,3509,796
2,1,4610,8.8,4.0,129046,60868,30231,15898,476,0.485,9534,1715
2,2,5770,8.0,3.0,93794,50014,28802,15086,500,0.477,4863,1505
2,3,10355,7.8,3.0,90542,51389,24820,13873,757,0.390,3867,1075
2,4,4650,7.5,3.0,139228,71100,35337,17552,469,0.448,12281,2587
3,0,151710,3.3,2.0,60417,40814,14884,10696,3702,0.035,1469,251
3,1,29015,3.2,2.0,47203,33080,12153,9016,1914,0.079,1801,396
3,2,30570,3.3,2.0,42641,32733,12583,9815,1521,0.064,1206,317
3,3,49545,3.5,2.0,52417,38329,12952,9651,1721,0.070,1278,242
3,4,42580,3.1,2.0,94240,67243,21167,15641,2183,0.064,4077,626
4,0,198510,5.7,4.0,46372,29066,12355,8175,4072,0.053,734,156
4,1,33550,6.0,4.0,52526,31001,13415,8836,1479,0.135,2246,374
4,2,42065,5.4,4.0,38357,25733,11782,8123,1637,0.098,994,264
4,3,81610,5.8,4.0,41503,26887,10973,7357,3048,0.090,848,223
4,4,41285,5.7,4.0,59679,37224,14940,9725,1557,0.114,2209,449
5,0,32010,5.3,4.0,52509,31312,14370,8530,1168,0.126,1858,575
5,1,5245,5.7,4.0,51907,33539,13741,9067,363,0.306,3120,844
5,2,8950,4.7,3.0,36498,22722,11477,7074,541,0.183,2732,953
5,3,9440,5.9,4.0,52637,33917,14631,8853,701,0.226,2559,1150
5,4,8375,5.1,3.0,70489,40971,17678,10629,669,0.261,5282,1304
6,0,2375,4.6,3.0,79510,48664,19266,12081,143,0.286,6930,1549
6,1,405,4.0,3.0,55810,49675,14037,8624,62,0.480,5127,1856
6,2,340,5.1,3.0,54888,35734,16558,10437,52,0.732,7459,2024
6,3,725,4.7,3.0,57268,37894,14446,9629,71,0.585,5396,1237
6,4,905,4.7,3.0,119155,72760,26861,17693,94,0.470,16569,3682
7,0,10230,8.6,6.0,104681,70783,28296,19341,447,0.256,3086,896
7,1,1885,10.7,7.0,133364,85617,34586,20538,185,0.695,8912,2979
7,2,2750,7.8,5.0,89282,64012,26017,17960,251,0.387,4373,1118
7,3,3890,8.2,6.0,89825,64566,24043,17771,279,0.359,3738,1156
7,4,1705,8.5,5.0,133087,92497,35086,25720,157,0.761,8419,2343
8,0,16830,4.8,3.0,61469,41681,14718,10807,1224,0.160,4569,789
8,1,1735,5.3,4.0,43298,29221,11332,8486,153,0.275,3044,745
8,2,3495,5.3,4.0,34804,26880,10548,8177,312,0.314,1668,574
8,3,3970,5.8,4.0,41753,25500,11179,6773,251,0.295,2510,813
8,4,7630,3.8,3.0,89842,76678,19543,17029,1147,0.168,7260,1291
9,0,83265,7.3,4.0,122316,75948,31737,20717,3336,0.118,2972,554
9,1,14375,7.3,4.0,129687,81998,31344,20498,1329,0.267,7014,1281
9,2,17700,7.0,4.0,97844,65066,29795,19592,1341,0.214,3075,939
9,3,31290,7.3,4.0,107326,69715,28144,19358,2317,0.203,3613,632
9,4,19900,7.4,4.0,164605,100205,39896,25022,1481,0.263,8763,1606
10,0,24745,2.4,1.0,44386,31555,11354,8473,978,0.077,1509,278
10,1,7240,2.1,1.0,39734,26559,9769,7091,755,0.131,2997,440
10,2,4850,2.5,1.0,37902,29474,11534,8835,314,0.148,1718,474
10,3,8030,2.6,1.0,44085,34443,11188,8684,448,0.114,1819,372
10,4,4625,2.5,1.0,60388,37131,14228,9798,296,0.248,5900,1050
11,0,3700,6.8,5.0,57792,42728,13940,10300,150,0.490,2554,608
11,1,525,7.3,5.0,62041,47662,15937,12399,51,0.666,5049,1104
11,2,805,6.2,5.0,46523,34353,12915,9519,78,0.440,3775,952
11,3,1675,6.5,5.0,50184,40193,11536,9136,100,0.376,2253,469
11,4,695,8.1,5.0,86556,55511,19555,12804,61,2.330,10919,2678
12,0,24435,4.4,3.0,70606,51507,18492,14203,1031,0.103,1841,375
12,1,5230,4.1,2.0,72181,49951,17244,12806,576,0.233,4248,959
12,2,5305,4.4,3.0,62531,49208,18992,15083,504,0.218,3058,764
12,3,9270,4.8,3.0,67466,50431,17677,14028,575,0.174,2568,472
12,4,4630,4.0,3.0,85571,59090,21223,15285,384,0.182,5383,1033
13,0,205,5.3,3.0,67204,50946,17410,13104,40,1.415,10796,2930
13,1,0,0,0,0,0,0,0,0,0,0,0
13,2,0,0,0,0,0,0,0,0,0,0,0
13,3,0,5.1,3.0,67588,76934,15347,15334,0,1.126,10699,2108
13,4,0,0,0,0,0,0,0,0,0,0,0
14,0,195,0,0,39512,25364,11422,6850,33,0,8092,2898
14,1,0,2.2,2.0,28746,26480,8013,7259,0,0.363,4414,891
14,2,0,0,0,0,0,0,0,0,0,0,0
14,3,0,0,0,0,0,0,0,0,0,0,0
14,4,75,2.2,1.0,0,0,9104,5837,20,0.601,0,2548
15,0,470,4.0,2.0,49459,31371,14334,8736,54,0.944,8657,2614
15,1,115,0,0,0,0,0,0,27,0,0,0
15,2,100,0,0,0,0,0,0,23,0,0,0
15,3,155,3.1,2.0,41927,36318,11531,10378,29,0.561,6625,1315
15,4,100,2.1,1.0,47700,43452,12270,11241,29,0.439,10768,2728
16,0,510,5.0,2.0,62138,30750,16980,8234,75,1.372,15961,4410
16,1,105,2.7,1.0,40460,28640,10535,8234,27,0.645,7661,1913
16,2,120,0,0,0,0,0,0,30,0,0,0
16,3,150,4.6,2.0,61788,47492,15358,10676,37,1.233,14644,2754
16,4,0,2.6,2.0,34434,18298,9401,5837,0,0.499,9885,2405
17,0,660,22.9,4.0,201398,53914,55296,16699,102,3.893,37428,8944
17,1,0,0,0,0,0,0,0,0,0,0,0
17,2,265,0,0,95845,45707,0,0,78,0,25491,0
17,3,165,37.4,14.0,274573,67792,73319,23657,32,8.627,70737,17337
17,4,0,28.2,6.0,0,0,84614,21123,0,7.215,0,22006
18,0,565,8.2,5.0,87371,44223,22528,13190,70,0.866,18843,3395
18,1,165,7.9,5.0,57180,36985,18625,13505,45,1.826,11424,3025
18,2,120,6.3,5.0,59724,42742,18608,12645,27,1.282,10609,3971
18,3,180,8.5,5.0,71225,44800,18484,11424,37,1.472,12922,3361
18,4,100,10.6,9.0,0,0,0,0,29,1.972,0,0
19,0,12890,3.9,2.0,43487,28804,11153,7714,442,0.130,1542,365
19,1,2765,3.6,2.0,39075,27310,10316,7612,232,0.338,2279,564
19,2,2620,4.2,3.0,35956,25142,10746,7600,159,0.260,2439,844
19,3,4580,3.9,2.0,37433,27299,9273,6947,253,0.210,1644,325
19,4,2925,3.9,2.0,64232,42093,15356,10105,227,0.248,5065,1178
20,0,1755,5.4,3.0,59690,38319,16421,10737,140,0.563,5461,1628
20,1,350,6.0,2.0,68469,39433,16844,10077,66,1.405,14743,2566
20,2,365,7.4,3.0,61744,33967,0,0,54,1.848,15939,0
20,3,640,4.7,3.0,44497,38010,12830,10737,97,0.564,4496,1190
20,4,400,4.2,2.0,76345,45273,18641,12138,53,0.865,12699,3062
21,0,3190,4.5,3.0,64920,41949,16998,11772,216,0.184,4221,721
21,1,805,4.2,3.0,61830,40896,15020,10238,136,0.321,8470,1118
21,2,730,4.3,4.0,49157,38399,15130,12531,88,0.308,3034,1031
21,3,1115,5.3,3.0,72842,42352,18883,12362,127,0.387,9120,1468
21,4,540,3.8,3.0,74422,49057,18600,13503,65,0.312,8973,1876
22,0,205,2.7,2.0,46169,40361,13878,10741,34,0.518,5031,1515
22,1,0,0,0,0,0,0,0,0,0,0,0
22,2,0,0,0,0,0,0,0,0,0,0,0
22,3,60,3.3,2.0,59346,63153,16561,14575,17,0.863,11233,3085
22,4,80,0,0,48232,40591,13584,11716,22,0,8380,2645
23,0,2790,4.5,3.0,50533,30312,13088,8709,212,0.290,3178,695
23,1,495,5.2,3.0,55960,30867,12316,8422,67,0.626,7064,1141
23,2,585,4.6,3.0,40554,24250,13391,8096,76,0.559,6033,1767
23,3,840,5.5,3.0,49364,28817,12565,7969,84,0.522,4847,1301
23,4,870,3.1,1.0,55206,36512,13900,10075,166,0.416,7389,1284
24,0,1050,6.0,4.0,76694,51003,20770,14521,95,0.548,7024,1833
24,1,170,4.9,3.0,74852,39561,18347,14250,43,1.390,21290,4165
24,2,230,5.8,4.0,60892,41191,18831,13687,44,0.957,7671,1821
24,3,425,7.6,5.0,94481,58750,24591,14087,61,1.008,13679,3883
24,4,225,4.1,3.0,60640,47901,17366,15158,37,0.606,6388,1921
25,0,325,0,0,0,0,0,0,42,0,0,0
25,1,85,5.9,5.0,45196,31751,11662,7595,22,1.041,6561,2111
25,2,80,5.8,3.0,33400,27547,9991,7762,20,1.188,7675,2381
25,3,85,4.7,3.0,41604,27186,11520,7177,22,0.892,9390,3397
25,4,75,0,0,0,0,0,0,20,0,0,0
26,0,6965,4.1,3.0,45538,28559,12179,8204,261,0.192,1965,472
26,1,1355,4.6,3.0,48651,29247,11742,7934,105,0.723,5537,889
26,2,1720,4.2,3.0,35242,24039,10695,7386,116,0.258,2448,733
26,3,2420,3.8,3.0,41050,28195,11259,7958,163,0.213,2559,717
26,4,1470,3.9,2.0,62404,39658,15931,10281,130,0.404,5882,1510
27,0,13710,4.5,3.0,34512,21297,9146,5831,317,0.100,1258,311
27,1,3535,4.5,3.0,35884,22238,9071,6017,167,0.183,2314,479
27,2,3875,4.7,3.0,31777,19723,9620,5845,171,0.184,3284,857
27,3,4365,4.6,3.0,31917,19995,8207,5252,171,0.174,1327,387
27,4,1935,4.3,3.0,43686,26580,10548,6987,118,0.320,3043,670
28,0,4375,3.1,2.0,47292,29628,11975,8385,202,0.225,2701,521
28,1,845,2.9,1.0,43164,24739,9996,6813,80,0.377,7224,1059
28,2,890,3.0,2.0,37526,26992,11653,8557,92,0.267,3528,1183
28,3,1385,3.7,2.0,47511,31334,11829,8210,118,0.596,5181,859
28,4,1255,2.7,2.0,56386,38055,13721,10101,110,0.276,4672,1072
29,0,9340,5.4,3.0,46080,28489,11966,7879,418,0.252,1994,375
29,1,1905,6.6,3.0,51329,28988,12102,7251,170,0.957,6707,1032
29,2,2105,4.8,3.0,35275,23526,10603,7461,204,0.323,2194,562
29,3,3320,5.3,3.0,40289,26340,10874,7318,257,0.313,2059,510
29,4,2010,5.0,3.0,61947,40380,15101,10182,194,0.402,4755,939
30,0,12120,2.4,1.0,31325,19157,9080,5709,824,0.097,1302,385
30,1,2960,2.1,1.0,29731,17673,7832,4687,496,0.201,3272,755
30,2,2690,2.9,2.0,32453,19157,10983,6696,304,0.266,3191,1160
30,3,3835,2.5,2.0,29848,19441,8119,5232,456,0.151,1666,478
30,4,2635,2.2,1.0,34322,21441,10057,6297,363,0.153,2415,583
31,0,8650,6.5,4.0,56828,31787,14847,8701,328,0.225,2727,674
31,1,1785,6.4,4.0,53810,33850,13563,8481,136,0.386,3548,857
31,2,2315,6.2,4.0,42276,25495,13073,8006,186,0.409,3317,960
31,3,3005,6.5,4.0,52811,31407,13232,8280,202,0.312,3438,747
31,4,1545,7.2,4.0,91118,45479,22538,11335,117,0.798,11943,3020
32,0,26520,3.2,2.0,21911,7588,5700,2371,971,0.059,966,225
32,1,4320,3.6,3.0,26998,11604,6924,3658,267,0.156,2902,627
32,2,7325,3.0,2.0,13957,5196,4388,1767,425,0.089,864,288
32,3,8500,3.5,2.0,23070,7384,5538,2220,689,0.124,1949,412
32,4,6375,2.8,2.0,26535,9393,6702,2567,467,0.098,2128,523
33,0,47115,4.1,2.0,53417,31006,14623,8854,1739,0.073,1649,391
33,1,9530,3.8,2.0,51664,31414,13194,8201,773,0.125,3688,698
33,2,10370,4.0,2.0,45737,26518,14291,8865,671,0.134,2731,870
33,3,17705,4.4,2.0,52457,30250,14335,8352,1206,0.135,2418,626
33,4,9510,3.8,2.0,65753,37350,17071,10418,722,0.165,5178,1065
34,0,45100,29.6,23.0,391619,268505,96789,69797,1038,0.404,9814,1934
34,1,9870,34.2,26.0,437908,305572,101353,76978,550,1.103,25124,4287
34,2,9590,24.8,20.0,270750,204042,81120,61897,432,0.785,9878,3278
34,3,17600,28.7,22.0,331157,239611,83840,61772,638,0.554,8775,2382
34,4,8040,31.8,24.0,621301,430290,140475,99888,426,0.896,33268,6080
35,0,24360,6.2,4.0,52255,27533,14129,7860,764,0.150,1918,529
35,1,5720,5.6,3.0,47172,25701,11927,7022,397,0.256,2988,712
35,2,6630,6.1,4.0,43064,24463,13459,7586,418,0.299,3055,1167
35,3,7895,6.8,4.0,49420,27204,13189,7521,407,0.289,2183,646
35,4,4115,6.2,3.0,81294,39075,20486,10338,293,0.334,8310,1879
36,0,69625,6.5,5.0,86038,62248,23079,17635,2201,0.100,1656,386
36,1,17160,5.8,4.0,82193,58099,21988,16747,1369,0.180,3797,777
36,2,17245,6.5,5.0,76170,58057,22691,18099,992,0.192,2564,664
36,3,27005,6.9,5.0,86531,64297,21981,17108,1280,0.157,2307,444
36,4,8215,6.9,5.0,114410,72979,30167,20609,589,0.320,7134,2140
37,0,147250,8.2,6.0,75007,49969,18697,13029,2695,0.058,1231,260
37,1,22500,8.5,7.0,82334,53422,19842,14018,1090,0.138,4250,601
37,2,34635,7.6,6.0,57359,42290,16919,12749,1134,0.095,1235,309
37,3,66000,8.4,7.0,70242,49570,16974,12147,1934,0.089,1503,407
37,4,24115,8.4,6.0,107420,63127,25115,15499,1025,0.170,4344,881
38,0,5720,9.6,5.0,121250,61064,31424,16618,220,0.440,7639,1976
38,1,1035,11.0,5.0,137715,66891,34148,17529,96,1.275,23008,5628
38,2,1450,8.6,5.0,92342,52950,28357,15310,113,0.704,8280,2908
38,3,2065,10.0,6.0,109780,62458,26710,16148,130,0.726,7937,1739
38,4,1170,8.9,5.0,166080,76232,41930,18956,97,0.942,26957,7040
39,0,242610,7.4,6.0,60528,39272,15507,10784,2965,0.045,846,172
39,1,44865,7.8,6.0,64862,41358,16668,11832,1354,0.105,2298,386
39,2,56865,6.9,5.0,46264,32826,14002,10322,1383,0.076,879,202
39,3,97705,7.7,6.0,57549,37891,14131,9817,1915,0.080,1316,310
39,4,43175,7.1,5.0,82163,52051,19541,13077,1174,0.103,2454,439
40,0,13215,7.5,5.0,86265,52535,21409,14181,368,0.179,3146,658
40,1,2820,7.6,5.0,79468,50739,20248,14492,172,0.382,4236,971
40,2,2795,6.5,5.0,58574,41082,17626,12657,166,0.316,3186,873
40,3,4640,7.3,5.0,70236,50495,17541,12525,224,0.238,2617,682
40,4,2960,8.6,5.0,147698,88689,32870,20375,168,0.518,11896,2392
41,0,18500,8.7,6.0,77258,47278,19390,12525,593,0.265,2275,544
41,1,3275,8.5,6.0,78655,47661,20328,12683,222,0.386,4338,1256
41,2,4070,7.2,5.0,52716,36578,15577,10607,290,0.285,2411,670
41,3,7165,9.3,6.0,70913,44158,17582,11709,412,0.348,3077,674
41,4,3990,9.5,6.0,114336,69487,26091,17353,220,0.961,7271,1774
42,0,51135,10.5,8.0,117720,77059,31068,21482,1395,0.134,2209,525
42,1,10005,10.2,7.0,116619,74616,29934,20588,606,0.303,5251,1002
42,2,12275,10.3,7.0,103189,70172,31047,21469,706,0.260,3773,1199
42,3,20050,11.0,8.0,113085,75841,28778,20611,934,0.234,3077,637
42,4,8805,10.0,7.0,151218,94209,37962,25102,456,0.271,7320,1731
43,0,111025,9.7,7.0,201557,158245,52010,43018,4832,0.107,4191,598
43,1,26775,10.1,7.0,216795,166787,51991,42743,2471,0.226,12164,1372
43,2,29535,9.1,7.0,169333,140402,49735,41520,3108,0.178,4625,896
43,3,39675,10.0,7.0,198830,161337,49814,42016,2413,0.194,5211,930
43,4,15040,9.2,7.0,244696,182055,62435,50060,1327,0.224,12255,1959
44,0,160240,9.3,8.0,168541,135855,41932,35925,4308,0.064,2566,411
44,1,26510,9.7,8.0,169471,134544,41434,35041,1755,0.166,7511,989
44,2,39450,9.1,8.0,148026,124636,42421,36723,1863,0.130,3565,708
44,3,72685,9.4,8.0,163927,133594,38899,33785,3162,0.099,3568,578
44,4,21595,8.8,7.0,221623,177714,52262,45186,1418,0.136,8536,1237
45,0,377485,3.5,2.0,84813,70090,21455,18358,7943,0.024,954,155
45,1,70385,3.5,3.0,84899,68528,21552,18550,3913,0.060,2990,442
45,2,99890,3.3,2.0,74368,63395,21726,18943,3785,0.054,1307,251
45,3,166250,3.6,3.0,87258,73402,20488,17520,5339,0.031,1382,229
45,4,40960,3.5,2.0,99432,79061,24585,20302,2226,0.066,2911,470
46,0,125,4.5,4.0,96440,76619,20776,18743,26,0.656,15245,2786
46,1,0,0,0,0,0,0,0,0,0,0,0
46,2,0,0,0,0,0,0,0,0,0,0,0
46,3,0,0,0,0,0,0,0,0,0,0,0
46,4,0,0,0,0,0,0,0,0,0,0,0
47,0,459080,4.2,3.0,58572,40389,14058,10221,7826,0.035,922,155
47,1,84145,4.4,3.0,58073,40417,13808,10519,3593,0.077,2142,311
47,2,101870,4.0,3.0,44461,34721,12943,10315,3264,0.085,932,216
47,3,198195,4.0,3.0,50853,39307,12076,9332,5448,0.049,864,173
47,4,74870,4.5,3.0,100025,58538,21391,12997,2830,0.088,3849,619
48,0,189975,5.4,4.0,105953,77719,26054,19702,3417,0.044,1731,294
48,1,40825,5.7,4.0,111873,79979,27129,20874,1773,0.097,4803,648
48,2,43445,5.2,4.0,87799,65175,25414,19206,1584,0.087,1826,429
48,3,72580,5.5,4.0,104084,77958,24635,18602,2115,0.067,2190,438
48,4,33125,4.8,3.0,127299,93030,28847,21446,1246,0.114,5734,982
49,0,89480,8.8,5.0,186570,108553,48833,28328,3030,0.213,5361,1375
49,1,19115,8.1,4.0,172419,102376,42973,27228,1518,0.434,11496,2496
49,2,21020,8.5,5.0,156170,93503,47084,27895,1541,0.435,8143,2602
49,3,35335,9.4,5.0,183156,110462,47118,26870,1927,0.379,7861,2284
49,4,14010,8.8,5.0,262117,151363,64370,38298,887,0.368,19009,4111
50,0,8250,15.8,7.0,480098,287083,123589,64328,729,1.003,26715,7570
50,1,915,28.8,16.0,756609,482737,187851,119624,175,3.897,88582,37164
50,2,710,26.5,16.0,582574,441738,191860,132998,112,2.841,51231,21369
50,3,1110,28.4,17.0,595211,392479,186691,121059,166,2.505,43449,14622
50,4,5515,9.8,6.0,384982,260949,86531,56100,679,0.533,34420,6334
51,0,76615,2.6,1.0,43484,32362,11196,8810,1773,0.036,683,125
51,1,13055,2.7,1.0,42789,29214,11376,8474,631,0.084,1761,287
51,2,20400,2.3,1.0,38690,30742,11360,9256,807,0.055,903,216
51,3,36125,2.7,1.0,45163,33153,10701,8299,1347,0.060,1135,191
51,4,7035,2.4,1.0,49891,38596,12991,10668,529,0.088,1950,396
52,0,44680,5.2,2.0,141664,107346,37292,29292,1250,0.139,2747,575
52,1,8500,5.1,2.0,140200,98927,35099,27885,531,0.205,8571,929
52,2,11525,5.0,2.0,124810,97245,36431,29283,678,0.247,4055,920
52,3,19215,5.4,2.0,146777,113027,37399,28774,795,0.243,4167,1031
52,4,5440,5.1,2.0,161555,126344,42311,33024,434,0.422,5883,1689
53,0,340,5.1,3.0,41913,30247,13139,8965,42,0.779,5201,2312
53,1,110,6.9,3.0,48461,32307,0,0,24,2.031,12928,0
53,2,80,5.4,4.0,39754,29120,12872,9285,21,1.083,5767,2267
53,3,100,3.6,3.0,34653,27029,9859,7239,22,0.708,6772,1737
53,4,0,0,0,0,0,0,0,0,0,0,0
54,0,625900,8.2,6.0,67532,42870,17025,11426,8972,0.061,1102,226
54,1,92270,8.3,6.0,70850,44248,17486,12205,3490,0.118,2977,422
54,2,130200,7.7,6.0,51735,35821,15778,11159,3641,0.106,1101,339
54,3,273945,8.3,6.0,59739,39618,14834,10171,6419,0.107,1318,340
54,4,129485,8.2,6.0,98803,61576,22880,14761,3722,0.129,3489,638
55,0,48405,6.9,5.0,91962,65686,23801,18083,1183,0.092,1670,332
55,1,9205,7.7,5.0,94846,62364,24681,18446,547,0.236,4822,708
55,2,12110,6.6,5.0,82157,63878,23726,18957,544,0.161,2210,586
55,3,21650,6.8,5.0,88749,62983,21960,16466,825,0.139,2480,508
55,4,5440,6.6,4.0,122425,86844,30057,22159,350,0.245,5699,1099
56,0,9765,13.5,6.0,218580,108214,63536,30006,533,0.909,14656,4868
56,1,1635,14.0,8.0,231577,118774,65426,34125,221,2.087,39099,13724
56,2,2340,13.7,6.0,183098,99011,60739,29464,276,1.754,21921,8519
56,3,3905,14.4,6.0,212780,98800,62338,26725,349,1.610,23238,8242
56,4,1885,11.2,6.0,265054,130873,68030,34458,194,1.604,39127,9195
57,0,26990,9.3,7.0,94550,65057,22673,16456,730,0.206,2333,437
57,1,6245,11.7,8.0,123176,83534,27946,20120,325,0.500,6350,1014
57,2,5095,7.5,6.0,70213,54264,19270,15735,280,0.324,2767,531
57,3,12510,8.8,6.0,82733,61812,19549,14950,543,0.297,2593,543
57,4,3140,9.3,6.0,123652,72660,30226,19150,233,0.611,9309,1993
58,0,384235,5.3,4.0,45508,28662,11049,7401,6396,0.049,730,133
58,1,62935,5.7,4.0,50296,31024,12234,8151,2050,0.088,1912,257
58,2,82590,5.1,4.0,34479,23802,10045,7118,2840,0.128,820,204
58,3,157325,5.3,4.0,40270,25777,9708,6524,4218,0.066,850,175
58,4,81385,4.9,3.0,64074,41367,13914,9351,3294,0.119,2543,471
59,0,41010,6.1,3.0,136591,89326,34041,23908,1630,0.123,4118,721
59,1,7635,6.6,3.0,154163,96609,35549,24059,782,0.264,12555,1796
59,2,9830,5.5,2.0,110830,78007,31915,23423,736,0.189,4347,1094
59,3,17465,6.0,2.0,126833,87479,31688,22566,1061,0.198,4934,1029
59,4,6080,6.6,3.0,184839,115911,42553,28708,613,0.389,14177,2404
60,0,20955,5.8,4.0,85527,57807,21895,15900,551,0.127,2009,426
60,1,4145,6.1,3.0,88175,54820,21831,15312,256,0.318,5311,975
60,2,5230,5.5,4.0,71049,53601,21101,16090,258,0.224,2596,739
60,3,8115,5.8,4.0,79502,55882,19748,14696,334,0.213,2922,647
60,4,3465,5.9,4.0,119863,77184,28588,20294,244,0.295,6978,1349
61,0,228565,7.9,5.0,118253,75386,29816,19577,3887,0.084,1999,427
61,1,44405,8.0,5.0,119724,73514,28846,19288,1982,0.162,5583,943
61,2,50865,7.6,5.0,99895,69207,29278,20511,2015,0.165,2884,794
61,3,87525,8.3,5.0,109898,72225,27611,18166,2154,0.139,2504,637
61,4,45770,7.5,4.0,154725,94830,35908,22351,1574,0.218,5878,1207
62,0,19060,5.1,4.0,84564,62192,20515,15686,700,0.112,2488,513
62,1,4075,5.4,4.0,81156,61211,19293,14995,303,0.232,4574,867
62,2,3490,5.3,4.0,64789,48256,19042,13929,249,0.234,3646,1293
62,3,7305,5.4,4.0,74020,56264,18658,14230,446,0.190,2429,707
62,4,4190,4.2,3.0,125574,100661,26625,21696,371,0.218,7541,1270
63,0,114795,7.3,5.0,98845,74801,22900,17980,2862,0.119,1962,315
63,1,14180,9.6,7.0,97957,69650,25083,18639,636,0.243,3378,648
63,2,20225,8.0,6.0,69575,53941,20091,15907,654,0.148,1613,418
63,3,37860,9.0,7.0,84476,59599,20022,15120,983,0.128,2067,382
63,4,42530,4.8,3.0,127350,103538,26259,21408,2528,0.154,4515,744
64,0,14860,24.8,21.0,310077,217695,94078,64130,1568,0.680,13677,4886
64,1,3825,26.4,21.0,352807,256583,97372,66060,837,1.820,30818,12289
64,2,4550,23.5,20.0,282076,202026,88810,60799,888,0.862,19610,6838
64,3,4870,24.8,21.0,296385,201882,94491,64487,886,1.138,23788,8050
64,4,1615,24.6,21.0,329024,220617,99846,68033,429,1.361,40150,13241
65,0,44755,12.2,7.0,122852,64689,33409,17094,1322,0.261,4024,1224
65,1,7650,14.3,8.0,151932,85068,39493,20361,565,0.650,10055,2876
65,2,10375,11.0,7.0,97761,51959,30187,15620,608,0.465,6899,2420
65,3,19105,11.9,8.0,110795,61858,29853,16050,947,0.420,6004,1923
65,4,7625,12.7,7.0,159079,80839,40853,19291,403,0.619,11666,3255
66,0,10520,8.5,6.0,127045,70840,32373,20002,348,0.235,5472,1025
66,1,1685,9.1,6.0,129149,72242,31970,20056,154,0.670,13068,2783
66,2,2255,8.1,5.0,102583,60259,31195,18667,145,0.440,6689,1857
66,3,4565,8.5,6.0,124621,69774,30410,17872,240,0.374,7782,1362
66,4,2015,8.3,6.0,161215,95844,39139,26537,136,0.487,18316,3102
67,0,51135,5.6,4.0,79308,54695,19690,14302,1846,0.097,2777,456
67,1,8310,6.4,4.0,74424,48601,19168,13037,585,0.246,3563,730
67,2,8595,5.9,4.0,57775,41219,17383,12809,628,0.212,2145,488
67,3,14365,6.6,4.0,63500,45410,16599,12080,609,0.167,1912,399
67,4,19865,4.4,3.0,105391,79553,23650,18625,1517,0.119,5843,924
68,0,0,4.4,4.0,74735,69485,15273,13619,0,0.535,18815,3596
68,1,0,0,0,0,0,0,0,0,0,0,0
68,2,0,0,0,0,0,0,0,0,0,0,0
68,3,0,0,0,0,0,0,0,0,0,0,0
68,4,0,0,0,0,0,0,0,0,0,0,0
69,0,16325,5.7,4.0,40284,29397,10453,8076,480,0.111,923,196
69,1,2150,6.2,5.0,42261,29744,11944,9093,141,0.297,2333,520
69,2,4220,5.7,4.0,35007,25973,10368,8076,234,0.176,1408,372
69,3,8190,5.6,4.0,39427,29728,9444,7549,375,0.170,1359,243
69,4,1765,5.8,4.0,54652,35816,13621,9645,120,0.335,3520,857
70,0,591350,5.0,4.0,41217,29506,10428,7887,6845,0.028,437,70
70,1,107140,5.4,4.0,44648,30613,11324,8548,2815,0.058,1299,175
70,2,142315,4.9,4.0,33167,25543,10010,7853,3162,0.075,509,110
70,3,248290,5.1,4.0,39610,29396,9522,7315,4810,0.038,603,104
70,4,93605,4.6,3.0,54042,36925,12520,8972,2408,0.055,1404,210
71,0,67425,12.1,9.0,93558,58771,23145,15522,1115,0.135,1930,402
71,1,11230,13.3,10.0,103907,66405,25455,18325,481,0.369,4249,783
71,2,14465,10.9,9.0,67533,48286,20508,14805,505,0.248,2150,758
71,3,30265,12.0,9.0,79682,54722,19403,14029,756,0.184,1894,428
71,4,11465,13.1,9.0,154644,82173,34486,20118,431,0.398,8667,1630
72,0,9845,11.7,9.0,128453,84304,31749,21616,292,0.267,3927,879
72,1,1320,13.1,9.0,118108,74315,29718,20174,122,0.834,9705,2029
72,2,1900,11.0,8.0,86093,60199,27097,19329,119,0.581,4752,1540
72,3,3225,11.6,9.0,102014,70336,25038,17894,154,0.537,5564,1361
72,4,3400,11.7,9.0,186675,140752,42552,30788,180,0.350,8105,1745
73,0,9855,13.3,9.0,129081,67778,32619,18626,320,0.437,7115,1497
73,1,1585,14.4,9.0,111059,65787,30665,19810,122,0.849,7816,2006
73,2,2220,11.3,8.0,81133,53676,25093,17355,169,0.533,5097,1765
73,3,3295,13.8,9.0,113357,60650,28070,15539,174,0.802,11596,2338
73,4,2755,13.5,8.0,204844,104229,46763,25908,170,1.034,19974,4221
74,0,102155,3.1,2.0,56335,41599,14347,10869,3703,0.070,1202,256
74,1,29560,2.7,2.0,49292,36648,12336,9897,1948,0.101,2139,451
74,2,18930,3.3,2.0,48602,37051,15160,11761,1497,0.152,1960,540
74,3,40725,3.2,2.0,59625,44855,14585,10940,2409,0.130,2004,404
74,4,12940,3.1,2.0,74923,50598,17387,11400,1366,0.205,3806,892
75,0,50325,13.0,9.0,128538,75843,34263,21238,879,0.211,2538,660
75,1,9585,13.0,9.0,130428,75166,33535,21177,397,0.423,6191,1237
75,2,12235,12.2,8.0,105403,67271,32311,21463,495,0.329,3487,1024
75,3,20090,13.7,9.0,128297,77275,32643,20528,522,0.358,3718,1031
75,4,8415,12.7,8.0,161943,88103,42216,23218,313,0.628,8659,2326
76,0,194930,5.2,4.0,41631,29287,10536,7816,2551,0.037,508,93
76,1,37020,5.7,4.0,44645,31047,11435,8432,1102,0.117,1425,242
76,2,45105,5.0,4.0,32405,24416,9882,7624,1178,0.072,665,158
76,3,75545,5.4,4.0,39748,28743,9530,7186,1691,0.053,693,138
76,4,37260,4.9,4.0,54307,38042,12610,9149,1022,0.065,1489,241
77,0,17770,5.9,4.0,52992,35566,13324,9212,395,0.125,1629,426
77,1,3440,5.9,4.0,50922,33491,12165,9247,166,0.244,2929,470
77,2,3415,5.7,4.0,39447,28220,11950,8554,176,0.200,1618,441
77,3,6230,6.3,4.0,49460,34303,12400,8396,221,0.261,2737,914
77,4,4685,5.5,4.0,70046,46410,16613,10951,221,0.223,4180,915
78,0,234655,8.5,6.0,88314,60193,23749,17231,3435,0.053,990,198
78,1,47085,8.8,6.0,90459,59091,24139,17182,1604,0.132,2836,464
78,2,57930,8.3,6.0,76477,55137,23876,17678,1771,0.089,1360,375
78,3,95785,8.8,6.0,89113,60218,22420,16101,2116,0.089,1513,314
78,4,33855,7.9,6.0,103886,73266,26935,19701,1270,0.124,2740,495
79,0,580,4.8,4.0,60829,43871,15953,11773,54,0.351,7369,1874
79,1,75,5.0,4.0,47104,29450,15182,13033,19,0.791,9198,2802
79,2,110,3.8,3.0,34514,35299,12217,9518,23,0.527,4053,1535
79,3,245,5.0,4.0,52529,35000,13159,9614,37,0.593,9625,1876
79,4,150,5.0,4.0,99395,63273,23424,13440,26,0.761,21269,6011
80,0,177565,3.0,2.0,41329,33089,10685,8745,2595,0.028,460,97
80,1,36675,2.7,2.0,35978,27942,9366,7682,1242,0.050,973,173
80,2,31685,3.3,2.0,34680,29258,11306,9344,859,0.081,551,164
80,3,65315,3.2,2.0,42643,34555,10128,8387,1581,0.042,637,127
80,4,43890,2.8,2.0,49019,39645,12272,9859,1398,0.059,1351,295
81,0,5585,4.4,3.0,40978,29965,10125,7689,180,0.126,1348,281
81,1,1095,4.8,3.0,43795,27769,10852,7689,77,0.296,3350,625
81,2,1155,4.5,3.0,34133,28591,10324,8549,77,0.237,1681,437
81,3,2430,4.3,3.0,40249,30578,8951,6873,124,0.191,2003,380
81,4,905,4.2,3.0,48526,32996,12254,8729,70,0.342,4419,1033
82,0,11235,5.8,4.0,53707,38134,13745,10299,382,0.127,1324,283
82,1,2240,5.8,4.0,52292,37424,14141,10715,162,0.310,2931,658
82,2,2580,5.6,4.0,43103,31453,12911,9620,198,0.252,1962,545
82,3,3990,5.9,5.0,51348,37333,12351,9488,217,0.189,2001,456
82,4,2425,5.6,4.0,71213,52284,16762,12618,183,0.309,3897,708
83,0,32285,7.4,6.0,65250,44316,16824,11748,716,0.101,1728,418
83,1,6170,8.0,6.0,76740,51361,19347,13318,341,0.246,4426,983
83,2,7365,7.0,6.0,51340,37455,15338,11394,346,0.182,1757,539
83,3,13050,7.5,6.0,59226,42157,14786,10678,450,0.154,1682,472
83,4,5700,7.1,5.0,85263,54003,20859,13786,273,0.271,7086,1669
84,0,300245,4.3,3.0,52611,40454,13327,10813,3468,0.027,517,88
84,1,53685,4.4,3.0,50310,36364,12966,10279,1390,0.055,1292,199
84,2,62205,4.4,3.0,44947,35756,13878,11417,1462,0.071,792,169
84,3,129555,4.5,3.0,54239,42152,12600,10365,2390,0.038,773,117
84,4,54800,3.7,3.0,59942,46537,14872,11777,1499,0.059,1532,294
85,0,26675,5.8,3.0,60266,34615,16056,9239,425,0.225,2074,645
85,1,6250,5.3,3.0,54535,29820,14557,8460,217,0.442,4092,1408
85,2,5485,6.1,3.0,52645,31357,17214,9756,177,0.517,3487,1468
85,3,10140,6.0,3.0,59323,35394,14677,8769,267,0.368,2803,779
85,4,4800,5.7,3.0,79076,43916,19798,10649,176,0.529,7440,2022
86,0,118145,5.0,3.0,63353,43728,16431,11881,2058,0.062,924,201
86,1,21695,5.0,4.0,59038,39773,15122,11200,804,0.132,2371,398
86,2,26805,5.1,4.0,55783,39182,17085,12266,893,0.108,1562,430
86,3,45175,5.4,4.0,63910,43919,15842,11386,1133,0.096,1381,312
86,4,24470,4.1,3.0,75272,52975,18123,13240,1227,0.147,2593,546
87,0,11525,5.1,3.0,66633,44101,16673,11710,411,0.153,2207,466
87,1,1810,5.7,3.0,61173,35270,15972,10586,118,0.371,5170,937
87,2,1920,5.3,4.0,50073,36515,15375,11866,114,0.257,2468,652
87,3,3075,5.6,3.0,60915,40295,14990,10456,147,0.332,4028,915
87,4,4720,4.6,3.0,81247,59367,18890,13742,347,0.228,4363,908
88,0,186460,6.6,5.0,52417,33216,13471,9060,3087,0.048,851,172
88,1,35435,7.3,5.0,61733,37872,15611,10288,1347,0.133,2773,537
88,2,41480,6.3,5.0,42557,28536,12706,8746,1564,0.099,1280,318
88,3,73335,6.5,5.0,47195,30784,11745,8077,2002,0.076,1073,241
88,4,36210,6.3,5.0,65935,41656,15909,10539,1120,0.091,2160,396
89,0,10500,8.8,5.0,104039,57086,26775,15208,312,0.292,4271,904
89,1,1840,9.3,6.0,110715,57337,26495,15487,136,0.629,11204,1646
89,2,2450,7.7,5.0,79992,47839,23724,15200,154,0.518,7120,1688
89,3,4085,9.0,6.0,93247,55151,24352,14184,197,0.480,4765,1133
89,4,2125,9.0,5.0,148455,72912,35606,17777,128,0.751,13997,3140
90,0,69570,8.4,6.0,86862,57356,22067,15501,1183,0.084,1739,320
90,1,11045,9.4,7.0,86632,53893,22201,15546,441,0.212,4620,645
90,2,13115,8.8,7.0,67839,50143,21458,16278,344,0.148,1535,414
90,3,21640,9.6,7.0,82870,55428,20590,14390,496,0.149,1835,375
90,4,23770,6.6,4.0,102049,66839,23816,16065,918,0.128,4183,804
91,0,20045,5.1,4.0,40799,27161,10641,7150,601,0.089,1155,335
91,1,2795,5.8,4.0,44675,28722,12551,7846,211,0.305,3372,1364
91,2,4655,5.2,4.0,33935,23901,10094,6977,244,0.187,1530,511
91,3,8530,5.0,4.0,36107,24408,9201,6437,454,0.127,1468,394
91,4,4065,4.5,3.0,57714,39313,13282,9199,226,0.179,3669,876
92,0,3785,7.3,5.0,70319,37925,17216,10098,172,0.379,4941,1019
92,1,675,8.0,5.0,77308,38086,16706,10633,70,1.280,15056,2504
92,2,865,6.2,5.0,43094,29719,12880,9576,85,0.529,3827,1154
92,3,1380,7.4,4.0,60310,33418,15574,8781,111,0.642,5747,1556
92,4,865,7.7,5.0,109537,58382,24889,13899,73,0.640,14565,2825
93,0,118320,5.8,4.0,51880,33958,13306,9162,1631,0.050,754,152
93,1,20740,6.3,4.0,59796,37795,15034,10485,631,0.106,1962,323
93,2,28570,5.5,4.0,43208,30342,12877,9148,874,0.088,1011,295
93,3,48930,5.8,4.0,49234,33102,12002,8322,1039,0.076,1137,232
93,4,20080,5.7,4.0,62691,39431,15389,10245,646,0.155,2356,426
94,0,119965,5.5,2.0,74738,46988,19693,12869,3380,0.123,1523,338
94,1,25735,5.1,2.0,68653,37643,18525,11550,1536,0.257,4369,848
94,2,26475,5.4,3.0,63901,45286,19478,13748,1521,0.207,1872,583
94,3,46780,5.9,2.0,77906,49436,19309,12522,2237,0.239,2274,522
94,4,20975,5.1,2.0,89505,56457,22438,14500,1322,0.237,4003,856
95,0,88165,5.0,4.0,41452,29113,10582,7948,1288,0.046,585,105
95,1,17645,5.3,4.0,44677,30758,11514,8763,560,0.093,1490,231
95,2,21285,4.8,4.0,34032,25440,10153,7816,624,0.118,777,200
95,3,34110,5.0,4.0,39458,28368,9528,7192,848,0.068,833,147
95,4,15125,4.6,3.0,53191,37160,12591,9142,484,0.100,1914,316
96,0,124245,7.2,5.0,70777,42549,18665,11949,2258,0.072,1169,263
96,1,23460,7.6,5.0,73119,41155,19003,11807,873,0.191,3368,765
96,2,28735,6.9,5.0,57575,37456,17870,11929,1491,0.120,1628,494
96,3,47095,7.3,5.0,65475,41283,16546,10878,1246,0.115,1488,335
96,4,24955,7.2,5.0,95380,58324,23627,15031,752,0.167,3360,691
97,0,21625,7.3,5.0,71473,47762,17936,12391,513,0.179,1772,385
97,1,4195,7.8,5.0,74939,49607,18625,12908,233,0.451,3787,915
97,2,4400,7.1,5.0,56784,38178,16721,11677,234,0.342,2973,817
97,3,7765,7.9,6.0,66488,44443,16375,11254,292,0.350,2596,549
97,4,5265,6.3,4.0,89262,61049,20864,14565,262,0.228,4553,901
98,0,118420,5.8,4.0,57385,41424,14609,11110,2241,0.048,877,159
98,1,24475,6.1,5.0,57304,40504,15134,11501,1062,0.096,2003,385
98,2,25505,5.7,4.0,46019,33592,13652,10173,1188,0.105,1128,299
98,3,39910,6.1,4.0,54120,40104,13349,10287,1199,0.085,1112,194
98,4,28530,5.4,4.0,73620,54434,16997,13149,1022,0.103,2531,420
99,0,89035,9.8,6.0,111331,66406,29371,18586,2800,0.129,2482,499
99,1,17145,10.0,6.0,121296,72475,29414,19370,1388,0.344,7375,1222
99,2,19975,9.5,6.0,96139,61382,28695,18779,1423,0.248,3281,944
99,3,34220,10.1,6.0,102238,61376,27212,17171,1736,0.203,2962,662
99,4,17695,9.2,6.0,137733,80382,34567,20845,935,0.287,7066,1440
100,0,22190,5.8,4.0,50140,36351,12546,9512,535,0.113,1138,229
100,1,4290,6.7,5.0,51715,34009,13231,9406,203,0.370,2586,539
100,2,5340,6.2,5.0,38494,29240,11759,9021,300,0.220,1290,363
100,3,7045,6.0,5.0,47084,35945,11260,9066,260,0.150,1547,276
100,4,5515,4.5,3.0,65211,45401,14582,10902,296,0.183,3327,670
101,0,73250,4.3,3.0,44861,31618,11241,8293,1281,0.050,659,119
101,1,16750,4.6,3.0,46079,30689,11733,8488,599,0.123,1551,261
101,2,17555,4.1,3.0,36180,27138,10881,8230,545,0.101,782,205
101,3,28920,4.3,3.0,45426,33340,10464,7921,847,0.072,931,156
101,4,10025,3.9,2.0,56474,38318,13359,9503,518,0.127,2680,473
102,0,76060,4.0,3.0,40227,29385,10328,7883,1202,0.040,582,117
102,1,15905,4.1,3.0,40678,27454,10660,7686,529,0.106,1381,332
102,2,18140,3.7,3.0,31790,24899,9645,7636,576,0.076,660,174
102,3,29545,4.2,3.0,39717,30183,9574,7462,764,0.062,702,136
102,4,12470,3.7,3.0,53973,39539,12874,9954,500,0.084,2321,387
103,0,37455,6.4,4.0,66874,47484,16945,12793,852,0.093,1217,229
103,1,8460,7.3,5.0,77195,52787,18645,13954,412,0.222,3029,505
103,2,8750,5.7,4.0,54098,43503,16069,12911,444,0.145,1503,356
103,3,13565,6.2,4.0,60977,45177,15266,11700,504,0.153,1598,351
103,4,6680,6.2,4.0,83135,55306,19469,13844,326,0.224,3887,691
104,0,60160,4.3,3.0,63752,48353,17084,13641,1915,0.061,1247,261
104,1,13085,4.2,3.0,65294,46328,16578,13123,855,0.129,3215,587
104,2,14315,4.3,3.0,58373,46996,17440,14225,948,0.100,1799,481
104,3,24500,4.5,3.0,63313,48112,16510,12928,1300,0.108,1953,421
104,4,8260,4.1,3.0,72183,55800,19064,15564,592,0.151,3584,704
105,0,14835,6.7,5.0,204675,178665,57982,49719,1286,0.241,7013,2338
105,1,3170,6.3,5.0,207437,179057,50726,43942,527,0.251,12354,3273
105,2,3745,6.9,5.0,210387,180745,60428,53967,618,0.482,13286,3346
105,3,6140,6.9,5.0,197518,171225,57599,49664,900,0.452,12070,4599
105,4,1780,6.3,5.0,212456,189605,67093,54416,429,0.541,19474,5743
106,0,3900,1.8,1.0,39339,32265,9681,8416,199,0.067,1565,265
106,1,665,1.4,1.0,27947,22092,7535,7035,77,0.078,2424,362
106,2,510,2.5,2.0,37406,28724,11630,10288,57,0.290,2758,675
106,3,1160,2.0,2.0,33532,29016,8555,7572,118,0.116,2437,417
106,4,1565,1.7,1.0,50067,45001,10944,9741,129,0.100,2750,467
107,0,6275,3.2,2.0,40622,33137,10112,8881,258,0.094,991,183
107,1,810,3.3,2.0,29853,22596,9501,8014,81,0.260,1669,511
107,2,1210,2.9,2.0,32118,26826,10044,8587,87,0.222,1575,450
107,3,2885,3.3,2.0,42775,36493,9741,8773,179,0.127,1462,237
107,4,1370,3.0,2.0,50191,41083,11360,9739,141,0.222,2613,475
108,0,62385,5.3,4.0,35528,24090,9377,7009,3659,0.125,1334,209
108,1,10310,5.5,4.0,34602,23252,10014,7708,1353,0.173,2301,444
108,2,13045,5.7,4.0,28384,21496,8450,6685,1351,0.490,1307,312
108,3,25655,5.0,4.0,30772,22136,7894,6125,2927,0.112,1792,183
108,4,13375,5.1,4.0,56465,37665,13451,9679,1078,0.133,3503,479
109,0,10280,5.0,3.0,50658,34175,13403,9593,351,0.195,2286,609
109,1,2195,4.5,3.0,52559,33270,14514,10151,168,0.351,7110,1962
109,2,2300,5.0,4.0,40051,29929,11782,8961,164,0.265,1877,580
109,3,3870,5.8,4.0,52262,34049,13225,8821,193,0.414,3980,1037
109,4,1915,3.9,2.0,58317,42984,14483,11767,175,0.310,3303,630
110,0,21765,7.8,6.0,65037,42712,17096,11719,652,0.117,1603,376
110,1,3920,7.9,6.0,71692,46665,17499,12817,259,0.290,3669,714
110,2,5135,7.4,6.0,55947,37732,16641,11549,309,0.214,2587,815
110,3,9110,8.4,6.0,62891,41528,16602,10982,455,0.185,2403,595
110,4,3600,6.9,5.0,76176,49315,18582,12849,235,0.297,4976,972
111,0,43095,4.8,3.0,36084,23433,9111,6436,865,0.078,669,136
111,1,9005,5.3,4.0,40913,25358,10199,7169,359,0.169,1726,318
111,2,9415,4.7,3.0,27652,19400,8380,6026,400,0.218,810,213
111,3,14150,5.1,3.0,34377,21735,8425,5944,434,0.122,1060,234
111,4,10525,4.2,3.0,42333,29377,9823,7088,520,0.119,1682,329
112,0,39720,6.6,5.0,80908,56310,21731,16026,1324,0.107,1929,403
112,1,7960,6.9,5.0,85070,54554,22414,16020,564,0.223,4274,1004
112,2,9785,6.3,5.0,70901,53950,21451,16474,760,0.227,2903,781
112,3,14490,6.8,5.0,77237,55020,20116,14966,803,0.171,2916,588
112,4,7485,6.0,4.0,97256,65065,24641,17347,462,0.249,6206,1059
113,0,23840,4.0,2.0,40617,28619,10042,7397,638,0.090,865,156
113,1,6325,4.0,2.0,38285,24429,10019,6984,412,0.217,1785,353
113,2,4880,4.0,2.0,33125,25860,9972,7855,233,0.166,1134,275
113,3,8665,4.5,2.0,43749,31348,9804,7150,360,0.144,1350,239
113,4,3970,3.0,2.0,47111,33730,10737,7975,230,0.155,2828,417
114,0,54695,2.0,1.0,47253,40601,12910,11701,2298,0.038,977,183
114,1,11420,2.0,1.0,46213,37559,12361,10947,951,0.081,2142,443
114,2,14830,2.0,1.0,44374,39179,13720,12791,1069,0.078,1322,301
114,3,21535,2.0,1.0,48562,42700,12187,10941,1671,0.060,1865,276
114,4,6910,2.1,1.0,51022,44016,14389,13075,663,0.090,2458,462
115,0,887645,2.7,2.0,7282,3766,2049,1157,19238,0.021,163,38
115,1,160290,2.9,2.0,10598,5595,2728,1591,7766,0.035,516,92
115,2,282410,2.7,2.0,6887,3861,2200,1283,9454,0.044,236,67
115,3,363390,2.7,2.0,5944,3214,1614,887,13739,0.032,218,55
115,4,81555,2.4,2.0,8074,4203,2120,1187,5625,0.045,558,117
116,0,1435,7.3,6.0,57766,42563,14606,11435,89,0.351,3668,718
116,1,370,6.6,6.0,51395,44598,13811,11435,43,0.506,4946,1148
116,2,335,7.4,6.0,49645,41118,14836,11695,42,0.574,4323,1169
116,3,550,7.5,6.0,58934,38947,14333,10859,57,0.709,5996,1353
116,4,180,7.7,6.0,82901,49984,16793,13889,32,0.915,17389,2100
117,0,9655,6.1,4.0,52706,30188,13136,8088,242,0.197,2654,520
117,1,1495,6.0,4.0,49391,27229,12665,8175,90,0.495,5478,960
117,2,2190,5.8,4.0,42876,26499,12790,8060,110,0.311,2970,826
117,3,4290,6.4,4.0,53955,31403,12706,7607,169,0.345,4567,909
117,4,1680,5.6,4.0,65930,37538,15230,9194,100,0.380,7611,1269
118,0,12535,4.4,3.0,50566,34670,12731,8918,325,0.137,1442,322
118,1,2575,4.5,2.0,49721,32411,13075,8322,149,0.435,3446,943
118,2,2250,4.3,3.0,39523,28616,12149,9008,115,0.287,1977,604
118,3,5095,4.7,3.0,50695,35478,12087,8557,218,0.187,2282,438
118,4,2615,3.8,2.0,61091,41806,14244,10469,151,0.228,3622,728
119,0,51380,3.6,3.0,52257,39998,12969,10218,1387,0.051,1046,214
119,1,6540,4.0,3.0,50969,37604,13405,10137,414,0.128,2111,680
119,2,9470,3.8,3.0,44055,34829,13040,10345,488,0.107,1737,474
119,3,16170,3.9,3.0,45297,34840,11508,8886,807,0.095,1273,268
119,4,19200,3.0,2.0,63195,51230,14089,11498,930,0.069,2228,409
120,0,12455,2.8,2.0,39692,31987,9893,8392,330,0.059,815,165
120,1,2445,2.5,2.0,34030,27295,8900,7574,138,0.131,1444,316
120,2,1850,2.9,2.0,33097,26760,10148,8879,110,0.170,1454,352
120,3,3680,2.9,2.0,39377,31402,9320,8028,175,0.108,1420,255
120,4,4480,2.8,2.0,46119,37939,10875,9024,217,0.091,1684,350
121,0,31220,2.9,3.0,31667,27508,7511,6376,1903,0.052,1116,266
121,1,0,3.2,3.0,23159,19919,7976,7480,0,0.391,1227,1089
121,2,1440,2.2,2.0,17534,16211,7001,5704,154,0.055,682,341
121,3,2510,2.5,2.0,19509,16863,5425,4971,302,0.102,938,226
121,4,25820,3.0,3.0,34411,30016,7742,6547,1776,0.054,1318,314
122,0,8090,1.7,1.0,31760,27299,7912,7048,236,0.047,634,122
122,1,1860,1.5,1.0,29360,24051,7431,6252,127,0.081,1750,352
122,2,1330,2.0,2.0,27544,25426,8271,7598,90,0.204,860,239
122,3,3730,1.8,2.0,33095,28903,7670,6923,159,0.051,863,144
122,4,1170,1.4,1.0,36078,32036,9093,7849,81,0.079,1485,307
123,0,10050,2.3,2.0,46982,39296,10954,9444,522,0.054,1596,293
123,1,840,2.2,2.0,30439,26229,9305,8014,161,0.170,1645,941
123,2,700,2.9,2.0,32170,27788,9959,8392,66,0.325,1694,580
123,3,1345,2.8,2.0,38788,30725,9611,7721,88,0.204,2662,609
123,4,7165,2.1,2.0,52512,45364,11567,10135,484,0.050,2224,396
124,0,184950,2.6,2.0,38618,30459,10394,8545,3496,0.028,550,108
124,1,38550,2.6,2.0,38896,28833,10159,8281,1626,0.054,1625,256
124,2,43080,2.6,2.0,35096,29237,11042,9329,1456,0.070,771,228
124,3,78980,2.7,2.0,37909,30438,9600,7921,2434,0.040,790,155
124,4,24340,2.7,2.0,46706,36268,12261,9775,1239,0.063,1462,275
125,0,21555,2.6,2.0,35915,29993,9077,7801,768,0.039,756,130
125,1,5445,2.4,2.0,34422,29455,8712,7421,410,0.057,1417,270
125,2,3145,3.0,2.0,33637,28665,9782,8498,203,0.166,1098,270
125,3,8745,2.5,2.0,34793,29303,8534,7384,553,0.049,1239,177
125,4,4220,2.7,2.0,42405,34020,10279,8800,273,0.080,1984,350
126,0,700,4.2,2.0,47359,25350,12638,6635,75,0.609,6504,1666
126,1,135,3.1,2.0,40167,32943,8757,7580,31,0.547,7647,1250
126,2,150,0,0,43768,21327,13850,7989,42,0,12465,3754
126,3,215,4.5,2.0,40282,22463,11423,5859,40,1.161,10457,3088
126,4,200,3.9,2.0,64576,29889,16122,7156,36,1.061,17443,3603
127,0,17240,2.3,2.0,26825,19723,6742,5230,417,0.057,630,144
127,1,2395,2.5,2.0,30143,22326,7509,5716,145,0.166,1734,393
127,2,3505,2.2,2.0,22084,17415,6779,5366,185,0.110,828,235
127,3,6725,2.3,2.0,25284,19200,5815,4767,271,0.096,897,159
127,4,4615,2.3,2.0,31273,22508,7761,5692,214,0.108,1643,415
128,0,5885,3.6,2.0,40523,29164,9905,7414,193,0.145,1625,335
128,1,1145,4.2,2.0,44309,28967,10333,7745,90,0.359,3143,606
128,2,1235,3.8,3.0,32116,25285,9699,7437,88,0.328,1801,583
128,3,2200,3.4,2.0,36389,29141,8701,6941,115,0.215,1452,330
128,4,1305,3.1,2.0,52407,34182,11851,8260,91,0.319,6248,1215
129,0,9165,1.6,1.0,33339,27722,8272,7364,320,0.036,801,149
129,1,1615,1.4,1.0,27814,20639,7383,6651,136,0.127,2179,441
129,2,1635,1.7,1.0,26954,22805,8504,7787,131,0.082,1147,295
129,3,2760,1.7,1.0,32213,26328,7586,6672,162,0.068,1301,229
129,4,3155,1.6,1.0,40671,36720,9248,8366,202,0.037,1458,263
130,0,5490,6.2,4.0,54240,33607,13706,9128,221,0.346,2667,626
130,1,1080,8.3,4.0,64139,38897,15392,9923,88,1.415,6642,1276
130,2,1090,5.3,4.0,39598,30450,11986,8664,90,0.320,2476,700
130,3,2085,6.0,4.0,45592,30026,11685,8607,154,0.281,2140,443
130,4,1235,5.6,3.0,74755,39711,17478,9680,96,0.734,9981,2530
131,0,5065,4.1,2.0,33707,21587,9064,5962,273,0.278,2110,768
131,1,775,4.5,2.0,33017,19194,10455,5476,67,1.070,6229,2942
131,2,795,4.1,3.0,25214,20004,7932,6056,70,0.472,1745,596
131,3,1520,3.8,2.0,28382,19168,6901,5057,106,0.384,2522,419
131,4,1975,4.1,2.0,43587,28883,11072,7028,233,0.455,4688,1650
132,0,27175,3.7,2.0,45089,30698,11959,8289,644,0.081,1062,284
132,1,4300,3.9,2.0,46310,29778,12488,7838,244,0.259,3112,1080
132,2,6160,3.7,2.0,38604,28813,11936,8814,315,0.174,1752,502
132,3,10810,3.9,2.0,42083,28982,10870,7511,422,0.117,1391,369
132,4,5905,3.3,2.0,57129,38604,13714,9842,278,0.156,2931,578
133,0,122130,2.3,2.0,14471,12585,3575,3221,4012,0.015,279,45
133,1,20360,2.5,2.0,17678,16009,4369,4133,1887,0.024,878,106
133,2,25670,2.3,2.0,11394,10349,3571,3275,1379,0.040,259,63
133,3,48210,2.2,2.0,12943,11613,3061,2782,2547,0.024,264,56
133,4,27890,2.1,2.0,17678,15600,3900,3457,2036,0.027,718,111
134,0,1142690,3.4,3.0,22727,19085,6150,5253,21935,0.020,276,54
134,1,197825,3.8,3.0,26529,22742,7083,6118,8141,0.035,832,152
134,2,241750,3.5,3.0,19995,17429,6445,5595,7869,0.053,361,89
134,3,515770,3.3,3.0,20980,17858,5300,4603,17134,0.031,418,76
134,4,187345,3.4,3.0,27227,22876,7182,5991,7706,0.042,630,145
135,0,112545,2.5,2.0,15385,12704,4198,3619,2665,0.019,262,52
135,1,16700,2.6,2.0,17846,15831,4737,4249,1074,0.030,735,146
135,2,26445,2.5,2.0,12432,11181,4152,3715,1272,0.041,287,68
135,3,44225,2.4,2.0,13250,11609,3476,3091,1658,0.021,255,62
135,4,25175,2.5,2.0,20787,16223,5198,4285,1257,0.058,817,146
136,0,111350,2.3,2.0,16350,12394,4070,3352,4305,0.029,761,98
136,1,10285,2.3,2.0,14107,12445,4192,3859,920,0.026,654,175
136,2,25585,2.3,2.0,10810,9292,3569,3200,1881,0.101,460,73
136,3,26345,2.2,2.0,12335,10962,3022,2666,1676,0.027,357,68
136,4,49135,2.3,2.0,22273,17076,4931,3935,3367,0.037,1517,190
137,0,1442235,2.3,2.0,13226,10945,3649,3141,28530,0.015,173,36
137,1,232450,2.4,2.0,16070,13976,4197,3685,12099,0.016,589,111
137,2,312859,2.3,2.0,11455,10063,3695,3298,12153,0.060,230,52
137,3,608245,2.3,2.0,12027,10359,3198,2801,19859,0.014,230,51
137,4,288680,2.1,2.0,15519,12110,4147,3352,11201,0.023,467,97
138,0,980,4.3,3.0,24943,16562,6657,4842,92,0.419,2033,434
138,1,175,3.9,3.0,25928,21968,7184,5009,36,0.587,3324,1018
138,2,320,5.2,3.0,24964,16529,7271,5232,60,1.034,3469,821
138,3,270,3.7,2.0,19057,11537,5030,3878,45,0.609,3181,677
138,4,215,4.1,3.0,31824,27279,7498,6315,40,0.730,5821,1041
139,0,88005,2.9,2.0,21809,15804,5243,3796,6001,0.059,1101,267
139,1,11150,2.7,2.0,16377,10895,4804,3476,1138,0.119,1112,270
139,2,8410,2.9,2.0,11816,8766,3556,2732,1073,0.171,780,158
139,3,11860,3.5,2.0,12121,8509,3543,2535,1276,0.163,699,191
139,4,56585,2.8,2.0,26984,21280,6024,4513,5652,0.076,1628,413
140,0,709490,2.2,2.0,13740,11645,3783,3311,17210,0.019,228,52
140,1,116250,2.4,2.0,15182,13488,4494,4120,7384,0.018,680,159
140,2,162200,2.3,2.0,10926,9974,3496,3207,7075,0.075,198,56
140,3,210900,2.2,2.0,11747,10502,3115,2808,9845,0.018,204,56
140,4,220140,2.1,2.0,17333,14611,4317,3661,9730,0.017,550,116
141,0,14490,2.7,2.0,19923,13738,5345,3776,544,0.123,901,269
141,1,2160,2.1,2.0,16423,13693,4985,3944,236,0.122,1438,496
141,2,2775,2.8,2.0,15022,10619,4533,3477,189,0.394,1760,358
141,3,4115,2.8,2.0,16683,11314,4369,3122,242,0.220,1149,237
141,4,5440,2.8,2.0,27514,19985,6900,4840,382,0.192,2039,704
142,0,58120,7.6,5.0,92357,59747,22974,15672,1389,0.107,2408,434
142,1,9600,8.6,6.0,85578,55844,21097,14557,479,0.242,4397,680
142,2,10500,7.9,6.0,66438,45787,19812,13761,488,0.229,2087,611
142,3,20025,8.3,6.0,73655,50521,18894,13081,720,0.178,1941,473
142,4,17995,6.2,4.0,135326,101297,31018,23230,971,0.175,6046,1064
143,0,1090,3.5,3.0,47852,36596,12582,10553,89,0.213,2664,515
143,1,240,3.8,3.0,47201,38072,12679,11544,50,0.560,6388,1120
143,2,265,4.0,3.0,38013,35644,11366,9755,41,0.435,2859,737
143,3,325,3.6,3.0,47301,34786,11660,8806,46,0.371,4516,1019
143,4,260,2.4,2.0,61079,44994,15313,13047,40,0.313,6993,1073
144,0,19145,4.4,3.0,73127,49020,18455,12815,857,0.112,2235,442
144,1,3885,4.1,3.0,69672,44963,15861,11334,345,0.196,5364,794
144,2,3415,4.3,3.0,62659,43222,18552,12855,261,0.205,3217,892
144,3,7910,4.6,3.0,74888,51079,18606,13192,628,0.192,3686,692
144,4,3935,4.2,3.0,81932,54599,20680,13611,390,0.278,5500,1279
145,0,40830,3.7,3.0,59273,41704,14872,11109,995,0.056,1361,256
145,1,7510,3.6,2.0,51267,34865,12714,9665,383,0.128,2684,431
145,2,8090,3.6,3.0,47316,36137,13996,11248,320,0.090,1564,362
145,3,16855,4.0,3.0,62121,44479,14861,10905,777,0.104,2388,476
145,4,8375,3.4,2.0,72583,50306,17777,13359,371,0.096,3423,588
146,0,257365,5.5,4.0,63763,49287,16978,13890,3009,0.030,736,145
146,1,47500,5.8,5.0,62560,47761,17103,14033,1325,0.070,1813,267
146,2,60190,5.2,4.0,52799,42946,16478,14001,1344,0.055,911,194
146,3,105880,5.7,5.0,65520,50646,16173,13160,2048,0.049,1281,273
146,4,43795,5.0,4.0,76288,59316,19604,15768,1138,0.080,1853,359
147,0,154370,4.5,3.0,62766,44593,16335,12311,2999,0.050,1140,215
147,1,30080,4.8,3.0,59909,40088,15332,11285,1204,0.116,3054,400
147,2,34135,4.1,3.0,50127,38156,15132,11927,1117,0.070,1248,298
147,3,61295,4.8,3.0,64785,46727,16030,12053,2216,0.089,1819,384
147,4,28860,4.1,3.0,76725,54869,19582,14672,1177,0.113,2968,557
148,0,84325,4.5,3.0,69441,47005,17691,12634,2020,0.071,1546,329
148,1,14445,4.4,3.0,63773,40518,15645,11228,706,0.127,3383,459
148,2,16870,4.5,3.0,58848,42035,17466,13056,745,0.117,1999,478
148,3,34490,4.8,3.0,70626,49023,17352,12476,1530,0.131,2215,550
148,4,18520,4.0,2.0,81707,54115,20259,14167,830,0.155,4629,916
149,0,1970,3.7,2.0,62326,49140,16294,14034,114,0.210,2863,579
149,1,345,3.1,2.0,52091,43093,13314,11841,53,0.350,5695,1033
149,2,320,4.0,2.0,46338,36621,15126,12716,44,0.601,4337,1469
149,3,610,4.1,2.0,60035,45569,15043,11847,62,0.438,5147,981
149,4,695,3.5,2.0,78540,64897,19924,18291,67,0.309,5532,1079
150,0,2760,3.2,3.0,57980,42430,15038,12143,222,0.170,3251,821
150,1,400,3.0,2.0,42577,25578,13736,8841,61,0.488,9390,3803
150,2,445,3.2,2.0,34985,28956,10383,8411,55,0.592,2703,811
150,3,655,3.3,2.0,40080,31637,11577,8727,69,0.283,3207,963
150,4,1260,3.3,3.0,81512,73269,19103,17349,195,0.223,5263,898
151,0,2225,4.0,3.0,51415,37297,12909,10370,113,0.208,2507,509
151,1,330,5.0,4.0,52189,37359,13075,11738,42,0.783,6816,1153
151,2,505,4.0,3.0,41886,31834,12338,9950,53,0.321,3547,983
151,3,800,4.4,3.0,46154,32605,11581,8840,66,0.382,4024,853
151,4,590,2.8,2.0,66873,54303,15226,12622,61,0.251,5312,1025
152,0,723086,2.9,3.0,57578,49527,16292,14516,14960,0.017,645,132
152,1,126475,3.1,3.0,53121,44682,15885,13986,7768,0.042,1733,437
152,2,199075,2.8,3.0,49103,43789,16177,14324,6749,0.028,823,209
152,3,268206,3.0,3.0,60404,52781,15635,14109,9366,0.030,1013,190
152,4,129330,2.7,3.0,69894,60478,18401,16361,5495,0.028,2036,314
153,0,505170,3.5,3.0,61673,52649,17223,15299,10705,0.025,694,157
153,1,99345,3.6,3.0,58022,48278,17077,15077,6946,0.069,1870,472
153,2,130465,3.3,3.0,51723,46149,16669,14917,4262,0.042,827,204
153,3,179430,3.7,3.0,64173,55456,16623,14697,5649,0.049,1067,275
153,4,95930,3.1,3.0,75080,65782,19406,17419,4033,0.044,1992,302
154,0,94710,2.2,2.0,64689,56684,18086,16545,2520,0.025,884,188
154,1,14480,2.3,2.0,60317,52321,17912,16743,1144,0.050,2270,410
154,2,26875,2.2,2.0,53628,49312,17146,15796,1408,0.044,1191,294
154,3,35660,2.3,2.0,69733,62454,17868,16399,1453,0.043,1299,333
154,4,17695,2.1,2.0,75184,64119,20186,18009,973,0.059,2614,467
155,0,40825,5.9,4.0,41350,26100,10852,7476,704,0.075,769,150
155,1,9155,6.1,4.0,42858,26981,11078,7799,353,0.156,1844,316
155,2,10400,5.4,4.0,31552,21866,9602,6955,366,0.130,929,221
155,3,13100,6.2,5.0,39563,25287,10130,7003,395,0.152,1226,257
155,4,8170,5.6,4.0,55737,34717,13493,8914,284,0.155,2190,428
156,0,7205,6.8,5.0,45305,29665,12115,8457,239,0.212,1588,343
156,1,1530,6.5,5.0,44230,30922,11837,8491,104,0.311,2594,566
156,2,1970,6.1,5.0,34501,25144,10807,7983,114,0.310,1778,552
156,3,2210,7.5,5.0,42712,29069,11275,7595,148,0.391,2876,644
156,4,1495,7.3,5.0,65387,42978,15531,10474,107,0.664,5150,999
157,0,119245,9.6,7.0,80960,52423,20841,14434,1689,0.079,1215,237
157,1,22340,11.0,8.0,97407,62528,24247,16758,668,0.211,3670,635
157,2,26430,8.8,7.0,66566,46442,19881,14447,706,0.137,1479,344
157,3,54595,9.6,7.0,77003,50681,19113,13250,1269,0.122,1759,359
157,4,15880,8.8,6.0,95772,59879,23744,15860,546,0.196,3557,683
158,0,414611,3.7,3.0,109807,83075,28954,22836,9840,0.038,1721,376
158,1,71370,3.8,3.0,100832,73491,26796,21239,4600,0.084,4733,976
158,2,97245,3.7,3.0,93084,74482,27639,22520,4095,0.065,2527,622
158,3,179761,3.6,3.0,110011,85539,28263,22054,6711,0.063,2383,592
158,4,66235,3.8,3.0,143694,107300,35175,27914,3722,0.094,5571,957
159,0,29490,8.8,6.0,75097,51173,19050,13702,620,0.136,1675,349
159,1,5905,9.7,7.0,87268,57629,21103,14806,298,0.355,5474,958
159,2,6275,8.4,6.0,60610,43403,18078,13340,290,0.266,2755,768
159,3,11180,9.2,7.0,67888,48418,17112,12599,384,0.205,1876,442
159,4,6130,7.7,5.0,92213,66228,21778,15686,253,0.291,3766,844
160,0,126015,6.6,4.0,66257,40128,16899,10878,1953,0.067,1130,215
160,1,22890,6.9,5.0,69133,40427,16857,10701,840,0.155,2894,444
160,2,26915,6.1,4.0,52433,34067,15746,10632,841,0.127,1489,391
160,3,47425,6.9,5.0,60939,38371,15379,9998,1159,0.109,1404,337
160,4,28785,6.1,4.0,86445,53602,20697,13384,1029,0.158,3382,571
161,0,55610,5.4,4.0,75466,54424,19639,14890,1412,0.078,1507,297
161,1,8110,5.7,4.0,73187,53023,20174,16518,639,0.234,3258,570
161,2,13470,5.2,4.0,60106,45843,18250,14174,694,0.127,1742,541
161,3,23075,5.6,4.0,72847,54321,17943,13653,870,0.128,2277,476
161,4,10955,5.0,3.0,102598,72575,24760,18113,590,0.176,4990,814
162,0,69740,5.8,4.0,73153,51217,19196,14255,1464,0.069,1255,252
162,1,11845,6.4,4.0,73677,49471,19450,14016,701,0.176,2890,646
162,2,16360,5.4,4.0,58515,44322,17987,13941,748,0.116,1728,411
162,3,26070,6.2,4.0,70192,50250,18025,13309,834,0.114,1674,382
162,4,15465,5.2,3.0,93954,65762,22385,16404,630,0.158,3824,678
163,0,16190,6.5,4.0,54121,32790,13803,9286,446,0.159,2132,392
163,1,3090,6.3,5.0,42249,28066,11280,8154,194,0.316,2465,549
163,2,4925,6.5,5.0,34374,26128,10619,8110,262,0.249,1240,339
163,3,4655,7.4,5.0,44699,30661,11497,7886,206,0.337,1664,402
163,4,3520,5.4,4.0,109806,94207,24550,20860,225,0.348,7385,1288
164,0,25520,5.5,3.0,71201,46723,19021,12976,826,0.139,1861,449
164,1,4535,5.6,2.0,73880,47281,18823,12629,391,0.390,5184,897
164,2,5360,5.7,3.0,59393,38199,19197,12570,376,0.343,3632,1265
164,3,10055,5.9,3.0,67034,45120,17477,11804,489,0.190,2317,556
164,4,5570,4.7,2.0,89400,60912,22096,15296,386,0.272,4833,1115
165,0,3895,6.9,5.0,54298,36707,13941,10090,141,0.236,2353,545
165,1,815,6.9,5.0,55180,36634,14702,10297,66,0.575,4865,1214
165,2,935,6.1,5.0,39346,31482,11718,9003,66,0.388,2538,644
165,3,1520,7.5,5.0,52669,36692,13298,9460,87,0.386,3283,743
165,4,625,6.7,5.0,79904,53640,17911,12709,59,0.597,9526,2185
166,0,4390,3.9,2.0,46400,31523,11603,8405,182,0.191,2949,538
166,1,965,3.3,2.0,48416,30340,11666,8416,102,0.380,10535,1310
166,2,730,4.2,3.0,36771,27992,10894,8358,68,0.381,2822,736
166,3,1950,4.3,3.0,45385,31523,11342,8126,116,0.343,3223,879
166,4,745,3.3,2.0,56675,39304,13024,9321,69,0.249,5435,1066
167,0,36140,2.3,2.0,54482,43224,14806,12145,1169,0.037,1198,295
167,1,10975,2.2,2.0,54325,43101,14001,11502,775,0.061,2546,578
167,2,7510,2.3,2.0,47320,39845,14948,12608,467,0.088,1592,478
167,3,13080,2.4,2.0,56517,45086,15118,12199,683,0.067,2090,557
167,4,4575,2.0,2.0,60844,45896,15648,12569,288,0.085,2814,573
168,0,164800,4.7,3.0,33027,22421,8591,6305,2096,0.037,405,84
168,1,30255,4.8,4.0,34847,22362,9003,6274,863,0.087,1135,225
168,2,34230,4.3,3.0,25519,18397,7937,5995,891,0.073,542,129
168,3,73205,4.7,4.0,31450,22099,7753,5895,1408,0.052,510,106
168,4,27110,5.0,3.0,45134,31280,11359,8187,934,0.116,1421,292
169,0,146265,7.6,5.0,60756,35068,15955,9787,2203,0.073,1301,301
169,1,26315,8.5,6.0,68133,38231,16735,10785,906,0.198,3698,483
169,2,34500,7.1,5.0,47868,29592,14952,9479,970,0.127,1826,688
169,3,59685,7.5,5.0,55470,33458,14085,8897,1503,0.117,1833,417
169,4,25765,7.7,5.0,83706,46934,21133,12176,911,0.161,4093,997
170,0,14555,5.5,4.0,51715,33850,13265,9205,399,0.135,1470,318
170,1,2730,6.0,4.0,59271,34977,14529,9569,180,0.322,4512,786
170,2,2825,5.6,3.0,42192,29700,13468,8936,171,0.298,2253,886
170,3,5740,5.7,4.0,48534,33184,11932,8613,257,0.227,2339,475
170,4,3260,4.8,3.0,59531,41116,14477,10447,177,0.260,2689,540
171,0,76215,3.7,3.0,37100,26477,9260,7121,1636,0.048,713,127
171,1,13795,4.1,3.0,34733,24826,8999,6986,653,0.165,1459,235
171,2,16930,3.8,3.0,29173,22260,8550,6745,654,0.095,739,195
171,3,28335,3.8,3.0,34979,25403,8304,6397,1079,0.069,1123,224
171,4,17155,3.4,3.0,50653,36578,11827,9335,812,0.080,1999,307
172,0,35580,10.6,7.0,120046,61179,29120,15331,2583,0.422,4825,1218
172,1,5865,11.2,7.0,128553,70619,27659,16294,513,0.518,11601,1830
172,2,6080,9.9,7.0,88633,47902,26740,14627,468,0.517,5922,1975
172,3,14960,10.1,6.0,105361,56129,24588,13452,2384,0.822,7372,1561
172,4,8675,11.6,7.0,162241,82687,39825,20608,711,0.645,13016,2995
173,0,19050,7.6,5.0,56042,33703,15053,9285,645,0.154,1781,461
173,1,4040,7.5,5.0,58525,37091,15060,10060,278,0.291,3230,755
173,2,4590,7.1,5.0,45965,28718,13442,8617,344,0.271,3134,634
173,3,6995,8.0,6.0,50874,31668,14199,8432,424,0.284,2360,946
173,4,3425,7.7,5.0,78365,45225,19171,11846,202,0.375,6423,1131
174,0,92020,7.7,5.0,55960,35010,14441,9715,1396,0.106,958,217
174,1,18225,8.1,5.0,60640,36573,15023,9800,649,0.223,2651,548
174,2,23100,7.5,5.0,41458,30012,12615,9506,781,0.210,1011,265
174,3,36295,7.3,5.0,52612,34104,13245,9035,826,0.121,1265,308
174,4,14400,8.4,5.0,82383,48494,19832,12111,486,0.417,3377,795
175,0,38645,3.1,2.0,66212,51686,17433,14198,1337,0.057,1720,344
175,1,8440,2.8,2.0,60381,46348,15962,12627,630,0.152,3362,821
175,2,7015,3.2,2.0,55858,45966,16575,13809,501,0.111,2382,590
175,3,13690,3.2,2.0,60753,49303,16304,13470,876,0.080,2095,483
175,4,9500,3.1,2.0,88548,68634,21296,17405,610,0.123,4872,782
176,0,9695,26.8,15.0,549133,382447,155228,109063,1063,1.074,24767,6807
176,1,1740,31.8,19.0,691033,484167,158480,111589,409,2.325,51186,13204
176,2,2585,24.1,14.0,497659,378562,146657,110199,537,1.472,33086,8438
176,3,4305,25.5,13.0,488103,349412,147734,101406,771,1.705,34699,11348
176,4,1065,30.6,16.0,692227,453677,201541,131618,285,3.229,83944,21936
177,0,71015,4.3,3.0,36175,25039,9239,6854,6941,0.090,2071,272
177,1,41895,4.5,3.0,41623,29178,9838,7305,5564,0.122,2889,337
177,2,0,3.8,3.0,27073,21555,8214,6417,0,0.194,1303,610
177,3,15025,4.2,3.0,23181,17939,7365,5797,3411,0.143,1653,250
177,4,9175,4.0,3.0,37586,26263,10213,7317,1779,0.301,3762,1001
178,0,39620,4.5,3.0,39112,28016,9810,7453,3070,0.082,1689,269
178,1,15180,4.8,4.0,46675,34273,10468,7990,2108,0.134,3140,458
178,2,5520,4.0,3.0,28547,22084,8363,6456,956,0.141,1550,338
178,3,10700,4.2,3.0,27850,22317,7896,6440,1572,0.136,1656,286
178,4,8220,4.6,3.0,47889,33801,12341,9440,1263,0.183,3086,654
179,0,53935,3.9,3.0,32324,23848,8360,6472,5010,0.061,1519,228
179,1,26110,4.0,3.0,35081,26101,8530,6664,3601,0.075,2472,248
179,2,3075,3.3,2.0,21205,17407,7397,5898,897,0.145,1562,522
179,3,11195,3.9,3.0,23479,19106,6778,5455,2280,0.111,1571,208
179,4,13555,3.8,3.0,37298,27734,9681,7475,2475,0.155,2574,697
180,0,10700,4.2,3.0,36855,24517,9494,6750,1169,0.111,1987,341
180,1,5045,4.3,3.0,38417,28123,9298,7094,746,0.179,2945,358
180,2,635,3.9,3.0,23139,16640,8212,6224,168,0.373,2598,785
180,3,1700,3.7,3.0,18694,15241,6124,4941,387,0.204,1943,264
180,4,3320,4.2,3.0,47663,29720,12069,8128,794,0.190,4392,803
181,0,2310,5.4,4.0,43183,32700,10338,7909,127,0.243,2018,410
181,1,285,6.0,4.0,47804,34040,11512,7597,46,0.941,5755,1420
181,2,465,5.5,4.0,35306,27584,10541,8048,52,0.625,2758,883
181,3,1200,5.5,4.0,40578,31472,9130,7405,92,0.306,2347,382
181,4,360,4.5,3.0,58152,41807,13221,8856,53,0.401,7760,1562
182,0,65,0,0,41515,19985,11357,8178,18,0,11629,2625
182,1,0,0,0,0,0,0,0,0,0,0,0
182,2,0,0,0,0,0,0,0,0,0,0,0
182,3,0,0,0,0,0,0,0,0,0,0,0
182,4,0,0,0,0,0,0,0,0,0,0,0
183,0,0,4.0,3.0,20453,15968,6883,5523,0,0.238,2193,568
183,1,0,4.8,3.0,31617,22330,9331,6628,0,0.579,4696,824
183,2,0,2.9,2.0,11346,8107,6068,4437,0,0.422,1628,1040
183,3,0,3.7,3.0,16685,15080,6289,5521,0,0.073,916,241
183,4,0,4.2,3.0,21826,16153,5709,3824,0,0.693,4767,1597
184,0,8725,3.9,3.0,80653,65249,17575,14435,776,0.126,3312,667
184,1,95,5.2,4.0,60186,52149,0,0,28,1.073,13084,0
184,2,145,3.7,3.0,39405,28262,11303,9608,38,0.419,5341,1395
184,3,205,6.4,3.0,76840,41289,18413,10893,34,1.228,13466,3415
184,4,8280,3.9,3.0,81816,66214,17700,14721,774,0.127,3485,699
185,0,1830,6.3,4.0,41436,26577,11866,7731,174,0.494,3496,1005
185,1,450,5.9,4.0,41705,24646,12002,7586,77,0.680,6806,1864
185,2,225,6.1,4.0,35602,21915,12259,7731,62,1.138,7519,3293
185,3,730,6.3,4.0,29505,21486,9158,6747,110,0.923,3555,1217
185,4,425,6.7,4.0,67003,56324,16621,11701,92,1.077,7879,2195
186,0,210,4.9,3.0,0,0,0,0,33,1.400,0,0
186,1,75,2.7,2.0,21711,15096,6138,5244,20,0.598,6078,1739
186,2,0,0,0,0,0,0,0,0,0,0,0
186,3,0,0,0,0,0,0,0,0,0,0,0
186,4,55,0,0,0,0,0,0,16,0,0,0
187,0,745,5.1,3.0,46440,28922,10886,7804,65,0.532,4832,947
187,1,120,6.8,3.0,49352,33165,12452,7741,27,1.857,10594,2722
187,2,130,4.5,3.0,31307,23748,9707,7738,27,0.988,4295,1380
187,3,300,5.0,3.0,44086,24050,9506,6665,41,0.924,8878,1630
187,4,195,4.7,4.0,58594,42790,12902,10305,34,0.621,9344,1630
188,0,35000,5.2,4.0,87123,59158,20656,14807,2014,0.093,3150,707
188,1,8105,4.6,3.0,73197,49891,16082,11380,1333,0.189,6232,1211
188,2,7600,4.9,4.0,67111,50522,19049,14855,641,0.156,3486,891
188,3,12895,5.4,4.0,78285,59145,18540,14181,1188,0.135,3879,774
188,4,6400,5.8,4.0,153346,100743,34125,24390,676,0.234,9804,1833
189,0,9790,5.3,4.0,86361,56466,19840,13894,383,0.123,5280,909
189,1,1010,6.1,4.0,73195,50288,16920,13359,99,0.464,6084,1022
189,2,1815,5.6,4.0,57050,44203,16180,12388,122,0.248,2768,729
189,3,3895,5.5,4.0,63272,48238,15676,11663,266,0.188,2356,572
189,4,3070,4.8,3.0,144738,103953,29518,21385,227,0.229,14936,2546
190,0,10135,6.0,5.0,73102,54072,17611,13411,320,0.137,1936,405
190,1,2070,6.5,5.0,73165,50792,17291,12436,169,0.345,4456,848
190,2,2005,5.6,5.0,57596,43595,16953,12739,141,0.327,3137,942
190,3,3695,6.4,5.0,67550,48748,16517,12410,171,0.225,2978,679
190,4,2365,5.4,4.0,95539,75829,20299,17171,157,0.236,4462,796
191,0,24450,5.3,4.0,63690,41075,15455,10682,890,0.103,1977,380
191,1,3870,5.1,4.0,57870,40490,13988,9984,353,0.215,3992,754
191,2,5115,5.0,4.0,40481,27693,11957,8832,466,0.282,2363,557
191,3,8540,5.5,4.0,50015,35982,12840,9595,513,0.133,1743,395
191,4,6925,5.4,3.0,104662,72087,22753,16310,432,0.217,4891,929
192,0,5845,5.0,3.0,40821,25092,10790,6846,732,0.335,2950,893
192,1,1440,5.2,4.0,45060,32647,11129,7982,310,0.351,3809,792
192,2,890,5.7,3.0,42184,24796,0,0,253,1.569,9690,0
192,3,2000,5.1,3.0,27040,19806,7742,6026,535,0.445,2209,439
192,4,1515,4.2,3.0,55779,33285,13111,7436,299,0.454,7547,1881
193,0,276830,4.7,4.0,39734,27085,10255,7713,11674,0.042,1085,161
193,1,61220,4.9,4.0,41665,28170,10879,8279,4494,0.083,2043,269
193,2,57190,4.5,4.0,30227,23442,9310,7421,6368,0.077,830,251
193,3,108640,4.9,4.0,35257,25388,9089,6958,7363,0.072,1114,200
193,4,49780,4.5,3.0,58808,39382,13250,9643,4616,0.084,4049,527
194,0,2140,4.7,3.0,50735,36113,11998,8815,271,0.278,4116,801
194,1,420,4.5,3.0,33429,24934,9297,7161,91,0.491,4951,955
194,2,120,3.9,3.0,29246,26254,8537,6734,34,0.528,6349,2243
194,3,355,5.2,3.0,35885,23151,9505,7349,98,0.713,5457,1111
194,4,1245,4.7,4.0,64198,46444,14167,10514,233,0.401,5778,1223
195,0,6425,4.7,3.0,36429,25069,9336,6495,919,0.204,2192,454
195,1,3055,4.7,4.0,36383,28178,8857,6795,617,0.253,2440,396
195,2,0,4.3,3.0,23883,16993,8505,5792,0,0.339,1396,1072
195,3,0,4.9,4.0,23210,17005,7123,5237,0,0.280,2373,705
195,4,1415,4.7,3.0,57856,34417,13403,8142,362,0.652,6777,1706
196,0,12275,4.1,3.0,29770,20965,8159,6036,1456,0.096,1408,328
196,1,4840,4.4,3.0,31874,21519,8995,6406,835,0.157,2358,436
196,2,0,3.8,3.0,22880,17187,7588,5676,0,0.196,1111,545
196,3,2605,4.0,3.0,19713,16043,6064,5037,645,0.189,1198,350
196,4,3440,3.8,3.0,39035,29250,8955,6920,805,0.192,3893,949
197,0,22110,4.7,3.0,36444,24098,9387,6627,2202,0.177,1612,339
197,1,7575,4.9,3.0,33275,22359,9072,6490,1101,0.301,2226,469
197,2,0,4.5,3.0,23272,17707,7433,5509,0,0.267,921,557
197,3,4875,4.8,4.0,23956,17565,7202,5491,1059,0.210,1102,327
197,4,7330,4.6,3.0,54492,36883,12135,8338,1402,0.387,4444,1014
198,0,71145,4.5,3.0,42441,29575,11011,7897,4754,0.078,1792,369
198,1,27090,4.5,3.0,44229,33077,10745,8195,2895,0.120,2342,411
198,2,10180,4.2,3.0,33056,25343,9472,7312,1649,0.165,1873,516
198,3,21440,4.6,3.0,33726,24969,9450,6946,2809,0.154,1742,430
198,4,12435,4.7,3.0,61875,39518,15714,10229,1899,0.185,6557,1280
199,0,34825,4.9,3.0,38145,26238,9877,7142,1954,0.105,1111,224
199,1,8560,5.0,3.0,39577,28465,10258,7799,983,0.189,2076,332
199,2,7620,5.1,4.0,30722,22967,9029,6878,1248,0.236,1283,389
199,3,12580,4.9,3.0,31603,23072,8629,6307,1016,0.193,1181,238
199,4,6065,4.7,3.0,58698,38416,12988,8715,510,0.188,3656,886
200,0,2005,5.9,4.0,31692,23757,8045,6612,376,0.504,2760,381
200,1,0,5.8,5.0,43005,34185,8107,6182,0,0.585,8403,1069
200,2,0,4.7,4.0,24406,18652,7305,6161,0,0.479,2387,493
200,3,955,6.9,5.0,31822,24042,8095,6780,274,0.901,4615,641
200,4,0,4.4,3.0,35948,25622,9554,7128,0,0.333,4584,758
201,0,23240,2.9,2.0,34279,26248,8039,6638,1481,0.049,1639,149
201,1,7675,2.9,2.0,31608,25447,7710,6522,897,0.077,1479,196
201,2,3470,3.0,2.0,27632,22968,8038,6783,680,0.126,1686,335
201,3,5470,2.9,2.0,28159,23004,6953,6026,580,0.099,1166,188
201,4,6625,2.8,2.0,48274,36531,9588,7792,768,0.098,5101,388
202,0,22935,3.7,3.0,25951,18067,7441,5491,4232,0.172,2062,327
202,1,15875,3.7,3.0,28312,20282,7791,5775,3979,0.224,2598,373
202,2,625,3.7,3.0,17633,14451,7849,6207,156,0.269,1689,722
202,3,3945,4.2,3.0,17705,13954,5625,4607,1008,0.416,1138,310
202,4,0,3.3,2.0,26036,15200,7997,5522,0,0.204,4075,1336
203,0,20480,3.3,3.0,27381,18254,6939,5369,4666,0.144,3959,503
203,1,14690,3.4,3.0,29576,21351,7324,5890,4171,0.154,5045,533
203,2,0,2.9,3.0,10070,7774,8549,7725,0,0.388,2280,786
203,3,0,3.6,3.0,22806,15129,6987,5964,0,0.329,6758,821
203,4,0,2.7,2.0,22597,15106,5513,3427,0,0.192,1913,869
204,0,3095,9.0,7.0,97488,62293,24714,16515,284,0.338,5577,1321
204,1,455,9.2,8.0,106758,71583,24151,17322,71,0.839,15473,2832
204,2,735,9.5,7.0,84200,58810,23497,18303,216,0.521,9326,1926
204,3,1275,8.9,7.0,79978,53544,21343,13458,138,0.580,7632,2062
204,4,630,8.6,7.0,144509,95260,33931,23441,99,0.719,15540,3593
205,0,12510,5.1,4.0,35488,23968,10555,7915,2170,0.206,3926,624
205,1,0,5.5,4.0,40460,24943,11622,8449,0,0.572,8782,1380
205,2,3400,4.5,4.0,29503,22113,9402,7197,989,0.210,2910,527
205,3,0,5.5,4.0,28078,20556,9771,7456,0,0.356,3591,1133
205,4,0,4.6,4.0,54896,40316,12852,10381,0,0.239,13911,1515
206,0,0,5.5,3.0,16185,12752,6097,4820,0,0.903,1713,1040
206,1,115,5.2,3.0,32869,26485,10613,8041,28,1.009,6905,2281
206,2,0,0,0,0,0,0,0,0,0,0,0
206,3,0,5.7,4.0,14803,12562,5798,4695,0,1.117,1416,1074
206,4,0,4.5,3.0,37551,23610,9333,7256,0,1.057,9412,2111
207,0,860,6.7,5.0,54037,34983,13700,9711,101,0.481,7242,2053
207,1,315,6.3,6.0,46770,44522,12088,10544,64,0.466,4744,1134
207,2,0,5.2,5.0,32000,29901,10315,9214,0,0.485,4831,1921
207,3,205,6.2,6.0,28628,23923,8399,7597,47,0.394,4092,666
207,4,285,7.9,5.0,91904,54710,21442,13537,57,1.277,21692,6420
208,0,4005,4.2,3.0,36938,26123,8919,7051,403,0.122,2164,358
208,1,1200,4.3,3.0,41192,31023,9295,7092,292,0.241,2636,543
208,2,375,4.3,3.0,25840,20553,8181,7379,96,0.432,2715,536
208,3,1190,4.2,3.0,27777,19562,7168,6005,201,0.204,3237,304
208,4,1240,4.1,3.0,49174,36369,11385,8751,166,0.219,5036,1038
209,0,9740,3.5,3.0,38514,29154,9133,7404,797,0.093,1775,292
209,1,1920,3.9,3.0,36563,28045,9227,7465,344,0.214,2523,510
209,2,765,3.4,2.0,22272,18243,7158,5840,223,0.415,2431,597
209,3,1555,3.4,3.0,23793,18266,6970,6018,218,0.174,1915,351
209,4,5500,3.3,3.0,48736,38127,10363,8240,648,0.123,2557,439
210,0,1215,6.0,4.0,47719,36900,12472,9290,174,0.647,3924,981
210,1,350,6.6,6.0,50382,41453,12939,10387,97,0.751,5762,1601
210,2,0,4.3,4.0,32195,24581,11093,7482,0,0.470,6650,2862
210,3,390,6.8,4.0,47557,36026,11811,8149,106,1.616,5989,1473
210,4,265,5.4,4.0,60569,43790,14565,10910,62,0.488,10902,1978
211,0,27875,7.0,5.0,57786,41282,15746,11844,1376,0.137,1809,537
211,1,7110,7.5,5.0,74379,50906,18895,13641,639,0.256,5546,1549
211,2,7095,6.8,5.0,50607,40408,15058,12014,842,0.332,2594,637
211,3,9825,7.3,5.0,47004,34522,13487,10574,826,0.206,1879,884
211,4,3845,6.2,4.0,68582,48949,17052,13290,306,0.247,4293,897
212,0,8045,9.9,7.0,54698,39219,13967,10268,1635,0.748,5319,1141
212,1,0,10.9,8.0,56515,41610,13640,10482,0,0.876,9489,1017
212,2,560,6.7,5.0,29530,20433,9502,6790,142,0.889,3584,1122
212,3,0,9.9,8.0,35381,27036,10941,8372,0,1.372,4493,872
212,4,3005,9.7,7.0,68018,55522,16764,12895,842,1.454,8386,2704
213,0,129065,11.5,10.0,50360,37148,13406,10221,8443,0.259,1955,404
213,1,40375,12.3,11.0,60190,44153,15841,11754,4878,0.468,3961,990
213,2,24465,11.0,9.0,38677,30833,12169,9759,2861,0.371,1878,547
213,3,49800,11.6,10.0,42491,33061,11247,9071,5631,0.391,2149,446
213,4,14425,9.9,8.0,70243,53832,16219,12602,2756,0.936,6546,793
214,0,29275,4.8,3.0,39938,23702,10400,6822,1009,0.101,1277,277
214,1,6725,5.1,3.0,36160,22455,9526,6745,601,0.231,2070,444
214,2,5500,4.3,3.0,25096,17498,7872,5908,297,0.152,1019,306
214,3,8825,4.9,3.0,30886,19698,8300,5574,525,0.187,1755,363
214,4,8225,4.8,3.0,64252,40788,15392,10022,541,0.203,3229,719
215,0,48105,12.0,10.0,58381,41324,14974,11222,4467,0.437,3317,724
215,1,8060,11.7,9.0,52536,34680,14461,10800,1336,0.627,6467,1541
215,2,8285,10.7,9.0,31980,25029,10155,8003,2264,1.230,2806,991
215,3,9845,10.6,9.0,37424,29465,10644,8688,1911,0.683,2591,522
215,4,21915,13.2,11.0,80877,65336,19104,15064,3064,0.771,4399,1095
216,0,1031810,9.6,6.0,99148,52593,25314,14310,12444,0.083,1498,343
216,1,196275,9.6,6.0,97217,50723,24717,14294,5371,0.164,3770,709
216,2,215200,9.1,5.0,78487,44747,23676,13724,6035,0.207,2101,741
216,3,420520,9.8,6.0,89699,49600,22561,13062,8173,0.135,2017,510
216,4,199815,9.7,5.0,146504,78294,34142,18972,4775,0.172,4794,946
217,0,83940,4.3,3.0,28195,18302,7771,5589,7112,0.132,1224,251
217,1,39095,4.0,3.0,30684,19396,7892,5645,4579,0.180,2055,420
217,2,10960,5.0,3.0,24644,17267,8082,5852,2561,0.538,2466,498
217,3,25595,4.6,3.0,22033,16092,6853,5231,4570,0.166,1033,314
217,4,8290,4.5,3.0,41764,25864,9873,6574,1469,0.331,3828,688
218,0,137725,11.7,7.0,34941,19437,10266,5964,14415,0.538,2637,725
218,1,70540,13.8,9.0,42333,24326,12493,7704,9677,0.505,4055,881
218,2,9900,13.9,10.0,39714,26323,12089,8002,1901,0.936,4030,1322
218,3,31655,9.3,6.0,21337,12762,6678,3562,8436,1.004,2235,1326
218,4,25630,8.0,5.0,29052,17655,7635,4287,6276,0.771,3665,1209
219,0,264735,5.4,4.0,18129,11642,5409,3680,15021,0.168,557,130
219,1,104495,5.9,4.0,19344,11726,6020,4135,12061,0.259,1152,256
219,2,64430,4.8,3.0,15545,10765,4888,3258,5862,0.323,716,229
219,3,65750,4.7,4.0,15342,10865,4265,3175,5778,0.118,741,148
219,4,30060,6.7,4.0,25783,17380,6952,4819,3522,0.833,1586,364
220,0,202385,2.5,2.0,8194,3975,2098,1058,17426,0.045,414,111
220,1,64340,2.7,2.0,10596,6575,2863,1788,11410,0.061,653,171
220,2,5815,3.1,2.0,10507,3709,0,0,1208,0.408,3003,0
220,3,81180,2.5,2.0,5785,2841,1390,697,10509,0.084,543,112
220,4,51050,2.2,2.0,8831,4298,2049,1001,7847,0.066,843,171
221,0,52600,4.7,4.0,29869,19270,8491,5917,1385,0.053,571,128
221,1,13055,4.7,4.0,30228,20677,8917,6574,655,0.087,1152,232
221,2,9720,4.7,3.0,24149,16773,8215,5792,644,0.128,864,291
221,3,19780,4.8,4.0,26994,17701,7263,5147,883,0.094,846,186
221,4,10045,4.7,3.0,42130,25610,10945,7320,542,0.124,1791,343
222,0,660770,5.3,4.0,46196,28793,11626,7956,10061,0.028,726,136
222,1,115655,5.5,4.0,46485,29461,11923,8561,4188,0.067,1748,286
222,2,111425,5.0,4.0,32567,22590,10503,7600,4109,0.069,815,237
222,3,275500,5.4,4.0,38729,25221,9666,6811,6547,0.041,667,121
222,4,158190,5.3,4.0,70800,46920,16039,10909,4893,0.063,2060,413
223,0,104045,11.5,8.0,80282,45155,21749,12830,3392,0.196,2169,533
223,1,23505,10.2,7.0,71632,43540,19103,12159,1539,0.294,3256,751
223,2,21255,11.5,7.0,64991,39252,20358,12150,1551,0.472,3361,1167
223,3,33085,11.5,8.0,63010,36718,17840,10788,1836,0.306,2473,789
223,4,26200,12.8,9.0,127176,74490,31204,19039,1832,0.487,7174,1440
224,0,146845,6.2,4.0,61267,33454,17235,9823,7893,0.098,1959,543
224,1,28900,6.2,4.0,64330,38157,15677,9386,2860,0.184,3875,694
224,2,31525,6.1,4.0,55424,30579,17180,9848,2986,0.209,2858,800
224,3,57360,6.2,4.0,53766,28995,16074,8954,6236,0.166,2614,1045
224,4,29060,6.4,4.0,80362,44440,21375,12067,2512,0.225,6524,1498
225,0,103385,4.2,3.0,38881,23168,9964,6427,1870,0.040,687,130
225,1,19630,4.2,3.0,38942,23552,9861,6721,829,0.092,1959,288
225,2,27535,4.0,3.0,29292,19971,8914,6169,1018,0.068,653,187
225,3,41285,4.3,3.0,37463,22711,9168,5879,1232,0.065,962,193
225,4,14935,4.1,3.0,61115,33561,14419,8485,506,0.117,2563,465
226,0,68310,3.9,3.0,43284,28046,10293,7149,2778,0.080,1427,284
226,1,7950,4.8,3.0,41339,26676,10409,7447,1247,0.224,2716,441
226,2,6110,5.0,4.0,34231,26180,10557,7989,349,0.181,1131,452
226,3,11845,5.6,4.0,39154,26163,10058,7066,974,0.213,1885,425
226,4,42405,3.1,2.0,46178,29914,10300,6865,2256,0.093,2124,433
227,0,119420,4.1,3.0,35592,22988,9405,6488,7460,0.095,1584,389
227,1,37380,4.0,3.0,40072,27158,9918,6837,3496,0.121,2905,848
227,2,28550,3.9,3.0,28576,20363,8627,6391,4748,0.179,2696,657
227,3,34315,4.3,3.0,30982,21682,8501,6149,3752,0.109,1420,341
227,4,19175,4.1,3.0,45694,23232,11226,6708,2608,0.397,5874,1304
228,0,1060305,2.7,2.0,10154,4055,2569,1147,35430,0.029,324,61
228,1,222285,2.9,2.0,11588,6662,2878,1679,13176,0.035,588,93
228,2,142535,2.8,2.0,7174,3638,2192,1117,10197,0.157,366,95
228,3,402130,2.7,2.0,7659,3075,2111,864,23073,0.031,274,76
228,4,293355,2.6,2.0,14379,4799,3216,1189,21104,0.048,977,174
229,0,9410,3.9,2.0,37117,21981,9518,5850,293,0.191,1380,310
229,1,1820,4.1,2.0,34411,19106,8892,5409,122,0.705,3228,660
229,2,1690,4.1,2.0,29552,19448,8710,5875,114,0.347,2113,526
229,3,3320,4.1,2.0,37142,22221,9054,5551,166,0.274,2391,515
229,4,2580,3.5,2.0,44365,26373,11193,6719,175,0.245,2966,712
230,0,0,0,0,0,0,0,0,0,0,0,0
230,2,0,0,0,0,0,0,0,0,0,0,0
230,3,0,0,0,0,0,0,0,0,0,0,0
230,4,0,0,0,0,0,0,0,0,0,0,0
231,0,631880,5.5,3.0,45032,22358,11871,6515,26262,0.071,1224,268
231,1,219640,5.1,3.0,38894,21585,10711,6537,20789,0.117,1906,347
231,2,82105,6.0,3.0,43667,23114,13006,7217,8309,0.259,1747,501
231,3,167950,6.5,4.0,43299,20164,11610,6186,11534,0.171,1749,509
231,4,162185,4.5,3.0,56242,26457,13273,6567,7445,0.105,3118,664
