DXCCSID,Region,Discharges,DischargesStdErr,MeanCharges,MeanLOS,MedianLOS,MedianCharges,MeanCost,MedianCost,MeanLOSStdErr,MeanChargesStdErr,MeanCostStdErr
0,0,35358818,291302,41633,4.6,3,22343,10885,6278,0.02,510,100
1,0,5065,238,100618,15.6,9,52065,25111,13546,0.896,5975,1341
1,1,945,80,141188,17.7,10,69726,32608,19208,1.365,18252,2895
1,2,605,75,64588,11.7,7,33784,21467,10094,1.367,9107,3009
1,3,1970,142,66670,13.4,8,37942,17026,10354,1.406,5805,1452
1,4,1545,156,134037,18.6,12,83188,32488,21053,1.988,12099,3093
2,0,1514085,18685,70649,7.5,5,38584,18031,10758,0.039,919,168
2,1,270625,7959,72302,8.2,6,39264,18819,11509,0.093,2380,356
2,2,326905,7884,54495,7,5,32148,16475,10278,0.072,1076,279
2,3,555501,11600,66473,7.8,5,36417,16505,9810,0.07,1405,300
2,4,361055,9437,92360,6.9,5,50042,21531,12512,0.072,2436,375
3,0,7110,250,57824,6.7,4,25795,16220,7759,0.218,2717,801
3,1,1110,81,69405,7.6,5,32767,17978,8532,0.591,7206,1689
3,2,1535,113,53754,6.7,4,24166,18156,9181,0.434,5654,2066
3,3,2580,145,46139,6.6,4,22816,12343,6166,0.336,2947,855
3,4,1885,149,71019,6.2,4,33053,19111,8980,0.456,7370,2029
4,0,23530,533,81600,8.6,5,37377,21200,9839,0.198,2965,938
4,1,3765,160,81516,8.5,5,37807,19926,10237,0.425,7304,1444
4,2,5265,232,59770,7.4,5,28274,17483,8774,0.282,3788,995
4,3,10000,411,72891,8.7,6,35610,19086,8930,0.357,4843,1856
4,4,4500,191,127898,9.9,6,59665,31654,14088,0.455,8496,2216
5,0,35390,1182,80058,9.5,6,42453,20029,11318,0.208,2223,422
5,1,7315,631,90949,10.3,6,46238,22234,12446,0.446,7778,1121
5,2,4515,347,59254,7.7,5,34055,17244,10170,0.284,3606,760
5,3,17895,856,70200,9.3,6,39199,17576,10423,0.2,2068,428
5,4,5665,382,114259,10.5,6,57606,27338,14286,0.931,5909,1538
6,0,46395,1141,53901,5.3,4,25256,13662,6778,0.094,2600,630
6,1,8340,523,65657,6,4,30241,15850,8089,0.229,5766,1143
6,2,7570,449,41390,5.1,3,20271,12066,6284,0.174,3149,849
6,3,19980,788,44756,5.2,4,23166,11506,5970,0.122,2237,620
6,4,10505,454,71790,5.2,3,32075,17357,7774,0.258,9258,2286
7,0,61945,1437,27618,3.6,3,16570,7434,4718,0.046,718,186
7,1,15060,733,29807,3.5,2,18111,7741,4922,0.093,1663,467
7,2,13840,675,23254,3.6,3,14856,7468,4847,0.091,1011,348
7,3,22640,898,24259,3.6,3,14874,6388,4159,0.075,831,248
7,4,10405,515,37881,3.7,2,21826,9315,5797,0.121,2695,498
8,0,16670,409,41985,4.9,3,22975,11267,6825,0.099,1573,368
8,1,5770,260,45154,4.9,3,22816,11637,7116,0.186,3504,650
8,2,3320,169,32743,4.6,3,20349,10125,6617,0.184,1859,487
8,3,5820,240,36214,4.9,4,22431,9579,6357,0.135,1596,391
8,4,1760,115,68969,5.6,4,33778,18085,8823,0.439,6638,2256
9,0,3700,160,42405,5.6,4,26129,10791,7412,0.287,1981,420
9,1,755,71,47658,5.9,4,25919,11775,7555,0.447,5551,951
9,2,715,66,29043,4.8,3,20219,9459,7045,0.391,2343,668
9,3,1375,99,39153,6,4,25122,9751,6920,0.587,2773,688
9,4,855,79,53939,5.3,3,32415,12733,8367,0.615,4690,973
10,0,0,0,26787,0,0,15044,7248,4214,0,6269,1376
10,1,200,37,37197,5.1,4,20893,8710,6135,0.823,6722,1116
10,2,0,0,34568,0,0,22805,8792,5929,0,6628,1202
10,3,795,180,11063,3.6,3,647,3010,141,0.546,3215,845
10,4,305,46,30112,0,0,18749,0,0,0,5587,0
11,0,30265,1508,91640,7.5,5,60290,24952,17000,0.136,3000,562
11,1,6195,724,101124,8.2,5,62200,25521,17026,0.367,7455,1090
11,2,7005,741,80336,7,6,56049,24171,17612,0.204,4258,1099
11,3,11740,990,83541,7.6,5,55635,23113,15814,0.234,4308,897
11,4,5325,472,115043,7,5,73682,29746,20080,0.308,9061,1656
12,0,11885,385,94395,8.9,7,53241,24798,13968,0.22,3376,813
12,1,2560,191,111176,9.9,7,58984,27909,16269,0.68,9012,2186
12,2,2815,197,79876,8.1,6,43474,24209,13198,0.364,6131,1758
12,3,4470,228,81942,9.1,7,50646,21698,12965,0.315,3590,1001
12,4,2040,145,123799,8.5,6,67895,28987,15908,0.436,11032,2029
13,0,21800,643,91191,9,7,60277,23830,16613,0.128,2312,532
13,1,4885,371,99031,9.6,7,66990,26296,19255,0.27,4880,1304
13,2,4490,284,74869,8.3,7,53544,22366,15472,0.248,3239,1014
13,3,7860,372,82033,9.1,7,53369,21093,14681,0.227,3290,705
13,4,4565,237,116709,8.7,7,76440,27682,19030,0.274,7166,1325
14,0,90135,1259,74856,7.6,6,54541,19709,15380,0.055,931,171
14,1,17815,616,76762,7.9,6,53521,19936,15485,0.141,2664,382
14,2,20155,553,61493,7.5,6,47389,19528,15549,0.116,1256,327
14,3,35135,802,71066,7.6,6,52381,17838,14137,0.084,1208,235
14,4,17030,507,98526,7.1,5,74081,23957,18606,0.117,2725,512
15,0,40160,912,80789,7.6,6,59444,21128,16693,0.098,1807,314
15,1,7720,461,84593,8.1,6,58433,21722,16176,0.323,5095,772
15,2,8680,412,66593,7.4,6,53078,20566,16959,0.152,1940,542
15,3,15825,581,73366,7.5,6,56771,19010,15366,0.118,1701,390
15,4,7935,335,109608,7.3,5,78183,25768,20303,0.256,6463,1009
16,0,21775,744,74618,6.2,5,42722,19473,11728,0.107,3172,737
16,1,4600,430,79363,6.4,5,50099,19671,13131,0.274,5493,1075
16,2,4025,281,59754,5.9,5,35545,17474,10408,0.192,4362,1162
16,3,8410,409,60475,6.1,5,38239,16397,10359,0.15,2645,871
16,4,4740,349,109999,6.3,4,55748,26937,14223,0.278,11127,2485
17,0,35465,968,75981,7.5,6,48599,19395,13223,0.097,1961,383
17,1,7935,515,80996,7.6,6,53630,19477,14071,0.21,4909,767
17,2,7700,472,60505,7.2,5,40528,17817,12291,0.187,2605,711
17,3,13290,561,70493,7.7,6,46417,17944,12183,0.163,2460,550
17,4,6540,367,100748,7.4,5,60199,24421,15302,0.231,6172,1189
18,0,20370,682,89229,8.5,6,59957,23118,16542,0.138,2512,523
18,1,4480,357,99314,9.2,7,65908,25193,17178,0.287,5298,1356
18,2,4195,292,70524,8.3,6,53142,21481,16542,0.273,3324,799
18,3,7535,426,80472,8.7,7,55543,20828,15102,0.246,3403,727
18,4,4160,265,115220,7.8,6,73096,27016,19050,0.272,7776,1328
19,0,125670,2241,67817,6.5,5,49430,17530,13937,0.052,1027,212
19,1,26005,1277,72105,6.6,5,50251,18772,14740,0.124,2862,577
19,2,29670,1042,56461,6.2,5,45300,16699,13844,0.099,1461,412
19,3,51535,1370,63317,6.6,5,46793,15840,12722,0.082,1370,276
19,4,18460,655,94018,6.4,5,68256,22125,17441,0.133,3127,513
20,0,1955,152,96512,7.7,6,59869,24797,14646,0.44,9928,2477
20,1,525,106,127951,8.4,5,59629,32697,15556,1.155,29778,6840
20,2,355,46,71920,7.1,6,55055,19656,14533,0.636,7904,1904
20,3,705,80,84930,8,7,60049,20546,13744,0.612,9540,2695
20,4,370,58,97324,6.8,5,74264,26763,16706,0.846,10577,3607
21,0,14595,891,96064,7.3,5,55075,26911,16133,0.175,3734,880
21,1,2925,439,106019,7.2,5,60272,27897,16514,0.354,9438,2331
21,2,2975,337,79179,6.8,5,47916,24919,15532,0.284,4134,1425
21,3,5585,619,84435,7.7,5,51443,25239,15137,0.312,3520,1338
21,4,3110,324,125435,7,5,75148,31142,18631,0.388,12260,2145
22,0,2570,153,42815,3.9,3,32822,12003,9862,0.203,1767,439
22,1,470,71,45401,4.3,3,34172,12979,9862,0.504,4476,1140
22,2,510,64,39047,3.5,3,31573,11520,9562,0.301,2918,868
22,3,980,100,38420,4,3,29225,10465,8772,0.252,2645,508
22,4,610,65,51689,3.7,2,42234,14294,11118,0.598,4370,1180
23,0,5780,297,72542,5.8,4,45659,19375,12088,0.26,3672,866
23,1,1195,135,69478,5.7,4,40243,17561,10888,0.504,7850,1284
23,2,1015,111,58025,5.5,3,39783,17970,11838,0.692,4996,2190
23,3,2315,208,66128,5.8,4,42034,17597,10862,0.382,5097,1068
23,4,1255,119,100356,6.3,3,58290,25845,14530,0.625,10806,2703
24,0,57310,1569,57278,2.7,2,45000,15130,12360,0.041,1310,280
24,1,15370,952,54860,2.6,2,43531,14320,11684,0.073,2334,554
24,2,10385,537,46189,2.8,2,38454,14418,12196,0.111,1520,430
24,3,19665,933,55502,3,2,43438,14826,11918,0.078,1926,516
24,4,11890,629,74096,2.5,2,58056,17457,14624,0.067,4041,626
25,0,27760,997,58023,4.1,3,44032,14880,11926,0.086,1516,306
25,1,6215,430,60907,4.5,3,41819,15139,11022,0.237,3905,776
25,2,6230,430,47107,3.9,3,41836,14014,12035,0.141,1420,437
25,3,9270,679,52584,4.4,3,40644,13903,11242,0.153,1985,509
25,4,6045,402,75523,3.6,2,60047,17124,13995,0.149,4084,669
26,0,10810,416,51534,4,2,37180,13231,9954,0.122,1677,398
26,1,1980,148,52758,4.2,2,35936,13817,9853,0.348,4973,1139
26,2,2085,167,44710,3.8,2,36229,13277,10824,0.202,2193,619
26,3,4370,316,46233,4,2,33028,11858,8918,0.172,2110,602
26,4,2375,153,66545,4,2,47953,15281,11495,0.306,4675,961
27,0,22910,745,66167,6.1,5,48282,17293,13357,0.093,1633,371
27,1,4570,345,65725,6,5,49304,17164,13143,0.183,3412,1007
27,2,4990,312,56554,6.2,5,45928,16840,13641,0.191,2062,636
27,3,8315,500,56870,6.2,4,42879,15022,11945,0.169,1962,431
27,4,5035,298,93443,6.1,5,63941,21968,17017,0.19,5341,1046
28,0,5840,274,55427,4.9,3,35772,14406,9968,0.201,2702,523
28,1,1200,115,67439,5.7,3,39926,16240,10533,0.602,9109,1312
28,2,1440,131,47937,4.7,3,33021,14019,9968,0.433,4208,1086
28,3,2260,185,46600,4.5,3,31990,12224,8678,0.261,3025,694
28,4,940,104,73663,4.8,3,56250,18077,14014,0.383,6651,1323
29,0,65090,2414,49472,2.2,1,41508,13092,11744,0.044,1019,180
29,1,12560,960,45936,2.4,1,37209,12248,10855,0.1,1973,416
29,2,16230,1088,43319,2.3,1,38234,13358,12508,0.102,1251,297
29,3,23330,1682,47919,2.3,1,41459,11932,10758,0.074,1778,225
29,4,12970,946,64535,2.1,1,56367,15913,14205,0.077,2831,464
30,0,1675,145,85744,8.1,5,57156,23356,15744,0.478,5701,1470
30,1,235,68,100217,9.1,8,75525,28302,23943,0.868,10292,3963
30,2,365,90,67287,8.1,4,48476,20183,14700,1.385,5320,1697
30,3,620,69,71022,7.5,5,52974,20131,13720,0.597,6481,1955
30,4,455,61,114070,8.5,5,62304,27891,17401,0.984,17672,3746
31,0,935,87,49230,4.2,3,39882,13383,10756,0.322,3564,766
31,1,195,35,45623,4.3,3,45600,13021,8908,0.58,4955,1443
31,2,180,34,45211,3.8,2,31467,14339,10205,0.697,5551,1810
31,3,345,61,46898,4.4,3,38371,12252,11176,0.402,4913,972
31,4,215,39,60866,4,2,43336,14930,11105,0.964,12027,2253
32,0,28160,848,77302,7,6,56376,20362,15614,0.1,1935,471
32,1,6570,400,77786,7.2,6,53037,20381,15046,0.207,3375,953
32,2,6495,429,69292,6.9,6,55395,20468,16991,0.207,3420,868
32,3,10135,524,72083,7,5,52513,18351,14144,0.169,2637,622
32,4,4960,316,99734,6.6,5,72494,24702,19494,0.224,6945,1584
33,0,47270,1307,62975,4.4,3,48285,16442,13433,0.054,1287,269
33,1,9210,606,62626,4.3,3,45772,16012,13187,0.137,3087,592
33,2,10635,569,54519,4.5,3,45178,16373,13972,0.104,1732,467
33,3,18365,867,58573,4.6,3,46158,14950,12292,0.088,1542,346
33,4,9060,515,83836,4.2,3,66477,20320,16683,0.107,4157,845
34,0,3345,156,68454,5.7,4,50542,19288,15030,0.283,3087,903
34,1,815,78,65457,5.5,4,51188,18440,14802,0.374,4236,1436
34,2,745,80,62137,5.9,4,50380,19764,15663,0.497,4778,1461
34,3,1185,89,65985,5.9,4,49400,18170,13490,0.622,5166,1830
34,4,600,65,86689,5.1,4,60264,22307,17896,0.587,11510,2278
35,0,35555,1495,99517,6.7,4,69952,26544,19841,0.136,2738,641
35,1,7230,730,108656,7.3,5,71507,27012,19316,0.342,7256,1656
35,2,7735,637,80961,6.3,4,63268,24684,19186,0.276,3463,1133
35,3,13005,863,85552,6.5,5,62237,23269,18081,0.176,3042,894
35,4,7585,744,135804,6.6,4,98039,34089,25848,0.355,6603,1519
36,0,15270,633,43919,2.7,2,31751,11544,8754,0.092,1589,339
36,1,3905,401,41510,2.5,1,27912,10658,7679,0.234,3584,718
36,2,2340,201,40823,3,2,30609,12566,9543,0.218,2458,685
36,3,4690,306,38862,2.8,2,30421,10313,8205,0.126,1649,393
36,4,4335,324,54434,2.5,2,38150,13340,9992,0.168,4049,842
37,0,4375,221,123333,10.8,7,73355,34454,19500,0.443,7064,2338
37,1,940,109,117095,10.1,7,80103,30924,20639,0.799,10027,3619
37,2,940,104,110793,10.5,6,60453,33741,17797,0.818,13163,4737
37,3,1665,135,105295,10.9,7,65383,30807,17907,0.757,8370,3432
37,4,830,89,182863,11.6,7,104575,47028,24494,1.192,25172,7467
38,0,36770,1183,118319,10.5,7,70011,31632,18981,0.201,3836,1107
38,1,7760,620,133508,11.7,8,78091,34491,20742,0.491,7359,2585
38,2,8425,584,99780,9.9,7,59052,30631,18304,0.402,6422,2103
38,3,13225,702,107465,10.5,7,64912,28873,17420,0.309,4966,1712
38,4,7360,427,144269,9.9,7,83788,34902,21079,0.455,12621,2807
39,0,40800,1797,193607,16.2,9,91848,53995,25673,0.454,10113,2858
39,1,7750,761,216508,17.6,10,116236,55264,28278,1.009,19592,5180
39,2,8915,773,163229,15.4,8,74643,50591,23484,0.846,12120,3942
39,3,15430,1231,158485,15.1,8,75817,46738,21794,0.681,9797,3836
39,4,8705,734,270622,17.5,10,124090,70121,33566,1.222,36203,9713
40,0,17375,879,113108,11.4,9,82319,30294,21981,0.287,4320,1270
40,1,4065,459,130340,12.3,11,96970,33345,24496,0.53,7322,2848
40,2,4135,427,96401,10.7,10,79476,27984,22923,0.52,6551,1778
40,3,6450,542,98284,11.2,9,68209,27258,19352,0.548,5983,2119
40,4,2725,295,148421,11.3,9,99041,36559,25429,0.693,16779,3867
41,0,7185,391,89476,7.3,5,52533,26176,15715,0.236,3861,1348
41,1,1385,229,86482,6.8,4,54533,25489,17045,0.428,5779,3113
41,2,1715,179,70569,6.5,4,42544,23235,13587,0.414,6987,2464
41,3,2660,232,78209,7.3,5,50693,22607,14805,0.369,3985,1689
41,4,1425,123,139653,8.6,5,81044,37897,22273,0.662,13774,4214
42,0,193695,5875,65913,6.4,5,43112,17163,11908,0.05,1257,289
42,1,44085,3775,71800,6.8,5,47847,18160,12726,0.143,3034,774
42,2,42740,2420,52339,5.9,4,37111,15642,11396,0.085,1572,447
42,3,70925,3409,59108,6.5,5,39340,15430,10876,0.085,1373,378
42,4,35945,1671,89858,6.2,4,57602,21475,14354,0.096,3945,703
43,0,8660,278,68640,7,5,43156,17777,12192,0.169,3337,642
43,1,1775,155,79007,7.6,6,50155,18886,14477,0.39,7404,1194
43,2,2000,139,52567,6.5,5,38752,16188,11460,0.286,3089,910
43,3,3235,143,57737,6.9,5,38107,15272,10632,0.257,2807,749
43,4,1650,116,100255,7.1,5,56163,23818,15256,0.489,14033,2528
44,0,42455,974,69947,5.5,3,39182,19124,10784,0.119,2114,653
44,1,8230,413,75687,6.2,4,39164,20352,10835,0.369,5869,2018
44,2,9640,564,62173,5.4,3,37298,19107,11343,0.24,3544,1168
44,3,15800,539,59465,5.3,3,35796,15862,9649,0.144,2223,720
44,4,8785,414,93474,5.4,3,50503,24235,13020,0.261,6461,1730
45,0,153125,8224,57050,5.7,4,32289,15988,9535,0.086,1840,429
45,1,28295,2947,57962,5.4,4,35551,14442,9003,0.139,4121,779
45,2,31830,3043,51190,5.6,4,29394,15978,9581,0.169,2786,892
45,3,59230,6436,49722,5.6,4,28090,14501,8566,0.16,2350,688
45,4,33770,2876,75801,6.2,4,42953,20177,11724,0.182,5393,1129
46,0,104720,2189,36304,2.4,2,30277,9235,8016,0.026,516,94
46,1,21970,1066,33938,2.3,2,28124,8754,7553,0.033,1262,212
46,2,18310,728,31937,2.6,2,28106,9751,8539,0.105,726,239
46,3,41360,1502,34176,2.5,2,28638,8491,7369,0.038,733,129
46,4,23080,933,46246,2.2,2,39977,10716,9431,0.031,1272,225
47,0,122120,2960,67470,4.6,3,46389,17655,12820,0.039,1531,285
47,1,24190,1392,67722,4.5,3,44237,16854,12151,0.093,4241,653
47,2,26390,1395,57612,4.5,3,41740,17450,12947,0.082,2047,565
47,3,45030,1745,61718,4.7,3,44401,16129,12060,0.065,1688,346
47,4,26510,1356,88493,4.4,3,60839,21518,15173,0.08,4289,811
48,0,28495,662,35682,3.2,2,25953,8975,6893,0.098,830,162
48,1,6635,419,36976,3.1,2,24393,8848,6572,0.155,2444,407
48,2,5570,243,30660,3.3,2,23378,9190,7155,0.146,1169,342
48,3,10460,354,33012,3.4,2,24678,8221,6423,0.095,1081,245
48,4,5830,279,44092,3,2,33647,10360,8197,0.387,1774,333
49,0,16175,598,16098,2.5,2,11093,4560,3331,0.072,658,183
49,1,2910,251,18446,2.6,2,12984,4768,3715,0.123,1088,210
49,2,4140,313,15894,2.7,2,10091,5376,3530,0.201,2142,622
49,3,6410,358,13176,2.3,2,9731,3580,2848,0.077,524,124
49,4,2715,262,21085,2.5,2,15379,5489,3934,0.196,1399,326
50,0,538330,5459,38572,4.7,3,22719,9850,6299,0.029,487,86
50,1,95815,2337,44795,5.3,4,25919,11326,7198,0.068,1506,232
50,2,113130,2242,29802,4.3,3,18721,9096,6013,0.071,585,148
50,3,230095,3716,35367,4.7,3,21098,8768,5602,0.044,629,122
50,4,99290,2346,50433,4.4,3,30645,11894,7655,0.062,1449,239
51,0,55810,865,36542,4.7,3,24415,9535,6833,0.047,626,137
51,1,11970,536,40650,5,4,25451,10460,7425,0.124,1766,371
51,2,12795,368,28934,4.5,3,20950,9084,6689,0.085,786,269
51,3,19925,465,34070,4.9,4,23214,8518,6029,0.075,803,188
51,4,11120,331,45796,4.3,3,30512,10973,7847,0.103,1668,303
52,0,11230,362,47355,7.7,5,29814,13324,8519,0.254,1653,468
52,1,2185,191,56712,8.3,6,37048,14612,10151,0.48,3512,780
52,2,2595,161,39981,7.2,5,25059,12899,8009,0.539,3413,1196
52,3,4165,210,40185,7.7,5,25572,11164,7370,0.432,2321,676
52,4,2285,158,60773,7.9,5,40030,16768,10706,0.584,4304,1120
53,0,985,133,41438,6,3,25602,11443,7016,1.274,4104,1149
53,1,115,22,0,6,3,0,0,0,1.69,0,0
53,2,250,61,33962,4.8,3,19905,10052,6703,0.729,7230,1155
53,3,415,108,42411,0,0,26634,11588,7011,0,5011,1824
53,4,205,42,39063,4,3,31733,10426,6269,0.64,7095,1603
54,0,15795,344,25114,3.9,3,18051,6706,5111,0.065,577,121
54,1,4185,202,29402,4.2,3,20328,7501,5797,0.13,1330,279
54,2,3830,164,20642,3.8,3,14915,6243,4632,0.169,1305,261
54,3,5270,189,22681,3.9,3,17054,6025,4606,0.095,731,167
54,4,2510,121,29886,3.5,3,22569,7530,6042,0.12,1163,263
55,0,386445,4129,24779,3.4,3,16257,6539,4680,0.025,287,57
55,1,70975,1857,28198,3.7,3,17389,7398,5130,0.048,886,173
55,2,86275,2043,19308,3.4,3,13619,6269,4657,0.076,392,110
55,3,159605,2616,23098,3.5,3,15524,5833,4178,0.034,373,79
55,4,69590,1607,32110,3.1,2,22205,7660,5595,0.04,799,125
56,0,12920,1139,92257,10.1,9,61317,27457,19139,0.222,5648,1194
56,1,2585,535,89057,10.1,8,57793,23736,17923,0.675,14927,2139
56,2,3230,531,76443,9.7,8,53045,25872,17106,0.341,4632,1841
56,3,4390,673,80973,9.9,9,53940,25272,16673,0.378,5886,1518
56,4,2715,525,132876,10.9,10,85588,36554,27796,0.399,19193,4027
57,0,1945,130,135377,10.2,4,37452,40165,11332,1.456,28628,8528
57,1,395,59,0,0,0,0,0,0,0,0,0
57,2,375,55,100300,8.7,4,40095,0,0,1.703,26161,0
57,3,800,88,82979,7.8,3,31381,24771,9372,1.475,18645,5906
57,4,375,51,0,0,0,0,0,0,0,0,0
58,0,216540,6025,46572,3,2,37237,12173,10198,0.058,905,188
58,1,55190,2886,42631,3,2,33083,11450,9534,0.103,1593,413
58,2,43045,2323,38769,3.2,2,32516,12187,10630,0.121,1142,345
58,3,79090,3756,47414,3,2,38883,11814,10065,0.105,1675,305
58,4,39215,2909,60085,2.9,2,47970,14097,11400,0.128,2385,463
59,0,187560,2101,33602,3.8,3,20731,8788,5778,0.032,519,131
59,1,37840,1007,36743,4,3,22538,9394,6462,0.068,1196,238
59,2,37890,901,27663,3.8,3,18357,8804,6164,0.081,858,267
59,3,79870,1332,30604,3.7,3,19298,7797,5150,0.045,665,188
59,4,31960,903,44847,3.6,2,26821,10635,6440,0.089,1834,440
60,0,46045,765,30981,3.8,3,22075,8193,6380,0.048,486,94
60,1,9745,374,33538,4.1,3,22545,9190,6938,0.111,1312,212
60,2,11165,361,25330,3.7,3,19530,8014,6583,0.073,611,167
60,3,17985,490,29135,3.8,3,21171,7192,5644,0.092,612,125
60,4,7150,274,41035,3.3,2,28705,9675,7337,0.085,1702,314
61,0,91080,3415,31345,5.1,4,20596,8347,5593,0.072,796,211
61,1,19920,1796,37636,5.3,4,25100,9382,6497,0.161,1937,411
61,2,17655,1678,27991,5.1,4,19142,8594,5713,0.163,1410,571
61,3,46055,2277,26801,5,4,18170,7207,5091,0.099,862,191
61,4,7450,661,51854,5.4,4,32167,12408,7419,0.218,3927,1418
62,0,33190,617,66107,4.4,3,29896,17477,8330,0.077,2768,667
62,1,6750,260,73553,4.6,3,33263,17940,9276,0.18,7126,1171
62,2,7105,274,55432,4.2,3,24388,16433,7941,0.186,6034,1481
62,3,12605,402,60969,4.6,3,28626,16200,7773,0.109,3153,868
62,4,6730,276,80291,4.1,3,35513,20713,9017,0.168,7786,2149
63,0,61070,1875,43689,5.2,4,25455,12465,7473,0.066,1205,382
63,1,11815,977,49168,5.5,4,28662,13088,8296,0.157,2925,871
63,2,13890,694,34192,4.8,4,20853,11068,6978,0.127,1904,652
63,3,23595,1294,39918,5.3,4,23805,11556,6799,0.097,1647,631
63,4,11770,636,58131,5.2,4,33205,15575,9011,0.171,3575,951
64,0,4885,171,59020,5.5,4,34754,15711,9744,0.204,3669,908
64,1,910,74,59398,5.6,4,37027,15388,9772,0.328,5200,1223
64,2,1075,79,61677,5.8,4,30923,17598,9208,0.644,14347,3472
64,3,2055,116,52194,5.3,4,32341,13850,9046,0.258,2912,812
64,4,845,63,72506,5.5,4,50641,18327,12731,0.441,5663,1487
650,0,36465,1921,10733,3.6,3,7557,3247,2351,0.09,356,110
650,1,9075,864,13927,4.5,3,8902,4370,3333,0.142,1027,198
650,2,9545,833,8829,3.3,3,6884,2936,2224,0.128,399,143
650,3,13850,1398,9208,3.2,2,7078,2585,1917,0.167,497,189
650,4,3995,544,13382,3.3,2,8714,3746,2537,0.25,1010,307
651,0,39205,1394,17954,4.9,3,12178,5160,3660,0.137,518,144
651,1,9325,666,21660,6.1,4,13039,6850,4846,0.285,1604,408
651,2,10045,764,13443,4.3,3,9944,4428,3205,0.19,564,201
651,3,13945,875,16452,4.5,3,11686,4091,3084,0.276,759,157
651,4,5890,390,23456,4.8,3,17387,6295,4546,0.292,1003,316
652,0,11715,973,21668,7.9,6,14699,6461,4224,0.445,1302,409
652,1,3155,446,27769,9.7,7,19406,8044,5679,0.95,2741,732
652,2,3115,471,18583,6.8,5,13625,5670,4000,0.452,2042,573
652,3,4515,698,17446,7.2,5,13067,5101,3509,0.752,1192,463
652,4,930,197,32659,9.2,6,17269,10661,5525,1.272,7463,2660
653,0,110265,3047,32345,10,7,22121,9323,6566,0.162,698,178
653,1,23000,1155,39156,10.5,7,24430,11922,8248,0.348,2007,427
653,2,28595,1620,25160,9.1,7,19234,8333,6314,0.248,1009,287
653,3,45060,2139,27768,9.4,7,21114,7260,5586,0.234,779,178
653,4,13610,865,51920,12.9,6,33841,14092,8808,0.682,2545,722
654,0,1910,109,25730,7,3,15031,7809,4505,1.206,2046,823
654,1,385,48,36896,0,0,16589,12125,5786,0,7350,3180
654,2,445,49,18102,4.6,3,12337,5816,4261,0.716,1959,547
654,3,675,70,19885,5.3,3,14845,5767,4105,0.949,1633,791
654,4,405,47,33737,7.6,3,19803,9392,5125,1.888,5496,1848
655,0,4605,348,28318,8.8,6,16848,8246,4864,0.593,1991,608
655,1,1410,201,37838,12.1,7,20923,10563,5789,1.328,5010,1492
655,2,1355,209,25787,7.8,6,17689,8281,5098,0.915,3301,1200
655,3,1270,161,20876,7.3,5,14413,5706,3882,0.79,1826,479
655,4,570,105,27428,6.6,5,17040,8106,4978,0.668,3640,1002
656,0,9240,954,19439,8.1,5,12964,5670,3778,0.5,1014,325
656,1,2920,384,24308,9.4,6,15342,6386,4352,1.168,2519,460
656,2,3020,798,18699,8.2,5,13815,6222,4501,0.702,1422,691
656,3,2810,343,14394,6.8,5,11139,4109,2871,0.645,847,265
656,4,490,91,23964,7.4,3,12554,6995,3025,1.32,4354,1276
657,0,851074,26499,19141,6.7,5,12657,5412,3712,0.089,418,106
657,1,190650,10395,26840,8.4,6,16212,7664,5171,0.184,1304,288
657,2,241995,14639,15318,6.2,5,11325,4735,3510,0.123,510,141
657,3,311655,17630,15824,6,5,11506,4194,3082,0.148,481,139
657,4,106774,8308,23802,6.6,5,15696,6501,4410,0.249,1095,286
658,0,6215,564,18155,6.2,4,11448,5818,3646,0.295,918,333
658,1,1360,155,23436,7.3,5,14330,7837,4881,0.805,2536,945
658,2,2380,499,16139,5.9,4,11157,5620,3924,0.379,1046,508
658,3,1740,179,15226,5.6,4,10160,4211,2963,0.405,1229,341
658,4,735,114,21978,6.6,3,12007,6550,3443,1.165,3587,1107
659,0,388835,14156,29369,10.5,7,17786,8347,5054,0.214,849,231
659,1,90665,5451,44652,15.1,10,26333,13169,8173,0.45,2524,623
659,2,85875,5853,21563,9.4,7,15144,6834,4827,0.34,930,280
659,3,135805,8514,21453,8.4,6,15213,5553,3873,0.188,649,162
659,4,76489,7997,33962,9.8,6,19679,9266,5266,0.548,2173,610
660,0,344395,8260,29163,4.8,3,16266,7914,4821,0.069,600,139
660,1,97880,5997,27765,5.3,4,14694,7861,4935,0.137,1347,256
660,2,78610,3123,22520,4.3,3,13708,6903,4329,0.1,706,195
660,3,104335,3890,27698,4.6,3,15924,7115,4260,0.073,884,243
660,4,63570,2715,42308,5.1,3,25068,10641,6459,0.252,1788,443
661,0,217050,9020,21621,5,3,12193,6014,3631,0.154,625,163
661,1,64715,6982,21645,5.8,4,12578,6330,3997,0.263,1274,286
661,2,51080,4104,15699,4.6,3,9573,4950,2945,0.389,824,278
661,3,68735,3405,21425,4.5,3,12037,5688,3322,0.213,1118,346
661,4,32520,2043,31452,5.1,3,18710,7775,5033,0.39,1442,287
662,0,2665,173,15303,3.8,2,9984,4387,2978,0.242,773,217
662,1,290,42,25425,6.6,4,16668,7423,4372,1.442,3867,1204
662,2,635,69,10753,3.5,2,7726,3894,2875,0.334,883,315
662,3,1045,109,13750,3.5,2,9805,3397,2523,0.304,1008,199
662,4,695,107,17665,3.4,3,11712,5088,3365,0.417,1610,452
663,0,1215,92,60460,8.5,5,26759,16449,8961,0.666,6697,1590
663,1,180,31,74666,11.7,5,35829,19738,11416,2.162,17741,3430
663,2,390,57,40731,6,4,21749,13616,8662,0.71,6205,1897
663,3,415,56,58888,9.8,7,24096,15531,7406,1.271,11416,3417
663,4,230,34,85755,7.8,5,43934,20360,13045,1.284,21413,3509
670,0,50000,1217,23392,4.5,2,13726,6349,3952,0.228,1035,254
670,1,9715,693,30597,5.9,3,16742,7330,4575,0.757,3367,613
670,2,12235,487,17744,3.8,2,11911,5637,3751,0.222,861,334
670,3,18000,700,18930,4.3,2,12600,5218,3412,0.395,698,307
670,4,10050,523,31640,4.1,2,17677,8396,4801,0.291,3215,832
76,0,30810,613,40504,4.8,3,23358,10885,6680,0.077,1057,308
76,1,4890,213,42036,5,3,24654,11273,7000,0.169,2229,518
76,2,5880,227,31448,4.5,3,19045,10020,6287,0.148,1506,451
76,3,12270,412,37940,5,3,22275,10021,6141,0.124,1610,495
76,4,7770,331,50900,4.8,3,29370,12752,7644,0.178,2840,831
77,0,10930,302,107662,10.6,7,57236,28865,15628,0.327,3999,1083
77,1,1945,131,115543,10.5,6,58196,30010,15154,0.878,10565,2920
77,2,2240,117,81039,9.9,6,45777,24671,13695,0.563,5102,1594
77,3,4155,188,97040,10.7,7,54814,26500,15331,0.532,5759,1710
77,4,2590,158,143790,11.2,7,73779,35815,19513,0.703,10092,2491
78,0,9430,309,118893,11.4,8,72900,30955,20341,0.268,3597,905
78,1,1570,133,128844,11.8,8,74825,31156,20688,0.593,9884,2054
78,2,1970,134,101168,10.1,7,65003,30121,19589,0.541,6676,2250
78,3,3720,207,111040,12.3,8,70595,28586,19657,0.458,5004,1198
78,4,2170,132,142675,10.8,7,80453,35980,22558,0.543,8865,2207
79,0,12285,496,47006,3.8,3,31040,12014,8451,0.11,1815,362
79,1,2770,208,43689,4.2,3,29225,11278,8128,0.21,3669,809
79,2,2905,191,35600,3.7,3,22951,10496,7331,0.177,2563,560
79,3,4225,332,44654,3.7,3,31779,11319,8047,0.176,2885,634
79,4,2385,238,70077,3.5,2,47603,16176,13135,0.332,5099,861
80,0,23790,542,33162,4.4,4,24358,8553,6527,0.1,751,183
80,1,5355,225,38082,4.4,3,27265,9320,7263,0.122,1926,349
80,2,6015,353,26112,4.1,3,20209,7768,6013,0.139,1441,334
80,3,8875,304,29753,4.4,4,23696,7776,6084,0.093,842,280
80,4,3545,161,46397,5.1,3,32749,10725,7588,0.56,2409,661
81,0,42600,1184,54165,5.1,3,33902,14095,9244,0.13,1682,410
81,1,8785,529,63780,5.9,3,35591,15806,9468,0.433,5826,1438
81,2,9440,484,42310,4.7,3,29176,12977,9052,0.169,1654,566
81,3,15845,745,46770,5.1,3,32240,12185,8601,0.164,1566,397
81,4,8530,576,71545,4.9,3,41083,17226,10696,0.298,4507,1045
82,0,8535,395,54090,5.9,3,34049,16007,9352,1.109,2860,1375
82,1,1225,114,60374,5.3,3,41087,15617,9695,0.65,4951,1875
82,2,2105,295,48499,4.8,3,33232,15588,10077,0.576,7457,2767
82,3,3375,180,45571,4.6,3,30523,12482,7794,0.351,2658,898
82,4,1830,152,73187,0,0,42040,23749,10981,0,7777,5086
83,0,280255,6250,34146,3.6,2,20963,8816,5666,0.034,750,184
83,1,62815,3001,38140,3.7,2,21994,9463,5976,0.084,2367,615
83,2,61885,3003,27953,3.5,2,18234,8422,5649,0.08,1370,328
83,3,106005,3918,31419,3.7,2,20063,7974,5188,0.047,720,189
83,4,49550,2385,42758,3.4,2,26405,10334,6588,0.073,1791,346
84,0,64235,1975,25253,2.8,2,20240,6321,5278,0.133,647,144
84,1,12250,761,26647,2.7,2,20663,6522,5438,0.113,1277,190
84,2,16250,1545,23391,3.3,2,18429,6776,5550,0.469,2336,490
84,3,25385,845,23506,2.7,2,19194,5585,4830,0.039,489,80
84,4,10350,469,30938,2.4,2,25522,7220,6103,0.056,846,166
85,0,15040,318,44649,5.1,3,21562,11711,6380,0.219,1846,395
85,1,2530,118,50764,5.5,3,22054,13135,7046,0.457,5286,1069
85,2,3545,157,30498,4.1,3,18142,9776,6095,0.219,2353,596
85,3,5140,186,38952,5.6,3,19099,10425,5473,0.433,2710,675
85,4,3825,167,62782,5.3,3,33451,14514,7664,0.519,4709,887
86,0,145,27,36737,3.2,2,19006,11795,6370,0.83,7092,2214
86,1,0,0,0,0,0,0,0,0,0,0,0
86,2,0,0,0,0,0,0,0,0,0,0,0
86,3,0,0,0,0,0,0,0,0,0,0,0
86,4,0,0,0,0,0,0,0,0,0,0,0
87,0,3565,221,51911,4.8,2,24920,14269,6783,0.572,5976,1856
87,1,905,147,57161,4.6,2,28370,13532,7132,0.949,12132,2381
87,2,860,93,0,5.9,2,0,0,0,1.71,0,0
87,3,1130,96,38138,4,2,23727,9578,5998,0.573,4382,1130
87,4,670,97,69838,5.1,2,33110,19557,8373,1.383,16273,5188
88,0,600,65,27409,2.8,2,21822,7243,6275,0.333,2480,640
88,1,135,31,31874,2.8,2,21500,8753,6469,0.53,7502,1969
88,2,95,22,20874,0,0,16685,7661,5984,0,3109,1537
88,3,145,29,26014,2.7,2,21822,6569,5481,0.446,3719,774
88,4,225,45,28434,2.4,2,25174,6565,6275,0.298,4086,795
89,0,5615,180,24591,2.5,2,19977,6301,5382,0.076,658,139
89,1,1280,90,27667,2.8,2,21379,6910,5825,0.176,1744,301
89,2,1240,86,19515,2.2,2,17067,5737,5156,0.142,1045,244
89,3,2205,111,22790,2.4,2,19790,5760,4930,0.108,828,214
89,4,890,67,31787,2.5,2,26749,7584,6352,0.225,1824,382
90,0,13350,410,27744,4,3,18916,7383,5237,0.082,870,192
90,1,3020,219,31863,4.1,3,21447,8109,5990,0.209,2271,464
90,2,2915,175,20964,3.7,3,15343,6414,4780,0.162,1049,320
90,3,4940,261,25592,4.1,3,18059,6957,4893,0.125,1212,301
90,4,2475,146,35110,3.8,3,23486,8507,6019,0.177,2495,488
91,0,7475,295,36416,3.2,2,24975,9386,6416,0.11,2354,747
91,1,1755,167,35143,3.1,2,26566,8636,6643,0.171,1907,486
91,2,1460,109,34707,3,2,20259,0,0,0.156,9259,0
91,3,2830,182,34407,3.3,2,23122,8175,5795,0.228,3526,572
91,4,1430,119,44207,3.2,2,32008,10800,7781,0.223,2676,788
92,0,9555,344,27560,3.1,2,17076,7119,4648,0.091,1232,292
92,1,1785,128,29290,3.2,2,18122,6923,4648,0.256,3496,678
92,2,1930,144,21961,2.9,2,14365,7160,4894,0.195,2194,626
92,3,3815,229,25822,3.2,2,15985,6241,4060,0.138,1702,415
92,4,2025,170,34665,3,2,21516,8978,5654,0.176,2993,725
93,0,48775,928,23809,2.3,2,19414,5820,5037,0.024,329,52
93,1,12995,574,24134,2.5,2,19356,6129,5326,0.041,742,107
93,2,10610,368,18618,2.4,2,15608,5725,4932,0.073,468,113
93,3,17550,564,23929,2.3,2,20328,5242,4695,0.033,535,73
93,4,7620,281,30205,2.1,2,25134,6781,5729,0.046,815,149
94,0,6770,219,29410,3.1,2,18626,7776,5035,0.082,1124,296
94,1,1445,107,29770,2.9,2,20994,7394,5020,0.161,2136,606
94,2,1310,88,23406,3.1,3,15075,7296,4901,0.152,1645,467
94,3,2615,135,27473,3.4,3,17515,7151,4613,0.149,1789,475
94,4,1400,102,38532,2.8,2,21989,9881,5883,0.167,3225,804
95,0,260870,3878,44425,4.8,3,26933,11538,7251,0.042,716,142
95,1,49360,1839,48020,5,3,28305,12182,7832,0.076,2135,334
95,2,61315,2017,35740,4.7,3,22700,10928,7109,0.099,878,248
95,3,98375,2333,40830,4.7,3,25768,10402,6498,0.059,897,224
95,4,51820,1465,58546,4.7,3,34353,13902,8458,0.119,2059,372
96,0,129395,4819,169964,7.9,6,137482,42647,37622,0.076,3519,546
96,1,29675,2471,173006,8.4,6,134940,41630,36389,0.18,8608,1141
96,2,30935,2830,138777,7.6,6,122420,40679,36498,0.137,3594,669
96,3,43620,2477,158084,8,6,134667,38924,35684,0.117,4163,758
96,4,25165,1724,228746,7.7,6,182248,53439,46537,0.171,10773,1746
97,0,67255,1358,84457,6.6,4,39756,21644,10657,0.118,2655,647
97,1,14780,596,89575,6.5,4,40524,21473,11107,0.263,6450,1207
97,2,15430,837,71075,6.1,4,34767,21304,10588,0.253,4767,1517
97,3,24595,749,77851,7,4,38542,19897,9774,0.175,3564,1024
97,4,12450,475,109627,6.3,3,50948,26062,12379,0.318,8216,1626
98,0,48910,981,22993,2.5,2,17477,5928,4715,0.047,349,75
98,1,10955,526,24234,2.6,2,18241,6294,5081,0.108,889,183
98,2,11080,452,19133,2.7,2,14775,5974,4673,0.089,699,146
98,3,20090,629,22096,2.5,2,17293,5263,4289,0.076,433,85
98,4,6785,291,29982,2.4,2,23132,7286,5652,0.111,1132,286
99,0,255445,3934,48774,5,3,27499,12164,7102,0.043,1070,247
99,1,43940,1664,57489,5.6,4,32478,13636,8205,0.1,2661,436
99,2,53905,1906,41756,5,4,23766,12201,7209,0.105,1774,500
99,3,118855,2660,42896,4.8,3,25370,10596,6263,0.062,1305,358
99,4,38745,1415,67032,4.6,3,37238,15378,8620,0.092,4128,843
100,0,608795,9687,81197,4.5,3,57841,20246,15529,0.029,1033,157
100,1,111855,4148,78942,4.8,3,52637,19880,14708,0.075,3165,421
100,2,140300,4259,68245,4.3,3,52748,20144,16096,0.063,1343,271
100,3,246900,6758,78767,4.6,3,58159,18853,14770,0.042,1317,224
100,4,109740,3581,107041,4.2,3,73742,24198,17815,0.059,3112,434
101,0,397725,7732,85674,4.3,3,60913,20936,15529,0.039,1171,207
101,1,78270,3993,76331,4.1,3,51117,18600,13350,0.089,3216,459
101,2,87790,3368,76289,4.4,3,58282,22049,17432,0.077,1555,346
101,3,167965,5098,84326,4.5,3,62838,19785,15105,0.061,1542,316
101,4,63700,2549,115101,4.2,3,76666,25670,17633,0.086,3851,657
102,0,295820,5809,25449,2,2,20447,5895,5014,0.018,322,43
102,1,62100,3361,23619,2,2,17673,5804,4749,0.037,937,103
102,2,51950,1809,20698,2.1,2,17353,6140,5308,0.071,392,80
102,3,125890,3507,25856,2,2,21333,5576,4788,0.019,404,60
102,4,55880,2622,30966,1.7,1,25239,6507,5541,0.029,854,117
103,0,192235,2179,43588,5,4,27460,11564,7874,0.037,719,174
103,1,35400,972,49720,5.2,4,29974,12616,8588,0.087,2212,431
103,2,48480,1076,33690,4.7,4,23359,10467,7630,0.067,765,193
103,3,72640,1338,41656,5.3,4,26690,10801,7275,0.062,1045,301
103,4,35715,926,55457,4.6,3,35132,13686,9018,0.087,2052,495
104,0,10745,312,57720,4.2,3,33957,15068,9169,0.123,2346,592
104,1,2025,127,54092,4.3,3,31142,14258,9433,0.252,4451,996
104,2,2750,170,57784,4.3,3,32445,16671,9496,0.296,5949,1561
104,3,3655,180,53845,4.5,3,32728,13620,8037,0.216,3641,986
104,4,2315,142,67461,3.7,2,40427,16248,10184,0.186,4510,942
105,0,53610,879,70817,3.7,3,56104,17967,15429,0.038,997,199
105,1,12465,471,68739,3.8,3,53017,17878,15510,0.069,2273,370
105,2,12455,397,61204,3.7,3,48987,18055,15183,0.098,1907,551
105,3,18215,518,70757,3.8,3,57764,16990,14730,0.062,1402,269
105,4,10475,353,85790,3.2,2,69732,19833,17053,0.074,2729,448
106,0,665555,8329,40426,3.5,3,22912,10191,6211,0.018,566,98
106,1,139580,3853,43119,3.7,3,23946,10862,6702,0.033,1679,250
106,2,158370,3981,32116,3.4,3,19009,9681,6064,0.043,661,150
106,3,262725,5588,39178,3.6,3,22089,9394,5538,0.03,800,152
106,4,104880,2731,52933,3.2,2,31760,12164,7620,0.033,1576,261
107,0,22650,448,95429,5.4,3,48952,24366,13496,0.159,2365,518
107,1,4075,185,96582,6.6,3,43017,25010,13090,0.69,7484,1756
107,2,5170,203,82043,5.2,3,44188,24111,13382,0.221,3335,940
107,3,8715,291,83686,5,3,42029,20574,11312,0.176,3185,654
107,4,4690,201,133324,5.4,3,75633,31648,20309,0.255,6105,1102
108,0,901425,9638,44300,5.2,4,25200,11500,7191,0.034,777,162
108,1,178530,4346,50350,5.7,4,27471,12745,7994,0.077,2084,378
108,2,208545,4253,35341,5.1,4,21532,10930,7157,0.084,1159,292
108,3,370616,6680,40430,5.3,4,23622,10224,6343,0.048,978,233
108,4,143735,3360,60683,4.8,3,35359,14260,8743,0.068,2776,520
109,0,601640,8537,61826,5.6,4,34226,15378,9082,0.047,1200,224
109,1,108760,4021,68221,6,4,38143,16579,10128,0.11,3480,458
109,2,131835,3587,47391,5.1,3,28041,13988,8635,0.084,1393,353
109,3,246450,5685,55462,5.8,4,32200,13549,8142,0.075,1485,329
109,4,114595,3394,87823,5.5,3,45820,20126,11040,0.113,3858,711
110,0,99095,2000,42415,2.2,1,32741,10655,8773,0.025,609,106
110,1,15900,737,38894,2.3,1,28276,10089,8270,0.06,1678,234
110,2,24620,908,35993,2.1,1,29731,10634,8991,0.042,723,177
110,3,43810,1476,41773,2.2,1,32723,9966,8170,0.042,919,158
110,4,14765,674,59246,2.2,1,47135,13473,11137,0.053,1941,337
111,0,25440,1044,85614,3.7,2,61529,22382,17744,0.087,2993,625
111,1,5280,478,82909,3.8,2,51785,20279,15213,0.208,6925,1335
111,2,6075,463,72227,3.5,2,58402,21020,17855,0.158,3286,827
111,3,9290,651,77780,3.7,2,60608,21179,17707,0.153,2985,863
111,4,4795,472,122911,3.8,2,86079,29205,23625,0.184,9870,1890
112,0,132505,1954,27190,2.4,2,21933,6639,5691,0.023,330,52
112,1,27235,894,28181,2.7,2,22080,7211,6230,0.043,849,131
112,2,27140,791,20822,2.4,2,17867,6348,5567,0.071,375,86
112,3,57325,1355,26563,2.4,2,21904,6038,5254,0.028,483,72
112,4,20805,748,36007,2.2,2,29778,7964,6693,0.051,936,163
113,0,16570,472,37622,6.5,3,24642,10015,6586,0.516,1244,451
113,1,3295,193,47638,5.1,3,29062,10922,7105,0.272,4532,687
113,2,3745,206,30783,5.4,3,21810,9033,6294,0.359,1405,376
113,3,6600,301,30168,5.7,3,22381,8047,5885,0.449,1197,302
113,4,2930,227,52712,11.3,3,33085,15023,8637,2.606,2752,2222
114,0,138955,2187,65907,5.2,4,43567,16771,11777,0.048,965,185
114,1,27425,1122,63434,5.3,4,39637,16277,11282,0.124,2730,395
114,2,34015,1007,56156,5.1,4,39640,16757,12129,0.083,1153,279
114,3,55870,1434,65844,5.4,4,44569,15894,11366,0.081,1470,324
114,4,21645,675,85266,5,3,55517,19875,13494,0.103,2879,503
115,0,83085,2285,135422,5.6,3,96546,34656,26780,0.105,3417,600
115,1,15700,1033,132950,5.8,3,88137,32171,25242,0.237,9270,899
115,2,20300,1316,114638,5.4,3,89160,33335,26594,0.193,3732,934
115,3,32020,1323,128331,5.6,3,96849,33054,25815,0.19,3569,926
115,4,15065,822,184440,5.5,3,126541,43070,31455,0.207,12980,2095
116,0,29850,622,88896,6.5,5,63398,22967,17087,0.101,1685,397
116,1,5145,266,89354,7,5,60200,22475,15973,0.258,4743,765
116,2,7375,309,79028,6.1,5,61270,23048,17964,0.154,2437,617
116,3,12335,399,83977,6.5,5,59985,21332,15681,0.18,2526,718
116,4,4995,248,116238,6.4,5,81415,27676,20467,0.204,5096,1022
117,0,112250,1452,37260,4,3,22955,9606,6136,0.038,616,140
117,1,22670,656,40084,4.3,3,24243,10311,6728,0.085,1378,252
117,2,26060,743,29721,3.9,3,19771,8913,6087,0.086,924,247
117,3,46785,948,35123,4.1,3,22036,8740,5459,0.058,862,227
117,4,16735,476,51635,3.9,3,31508,12274,7588,0.083,2334,459
118,0,135530,1693,37952,4.6,4,22732,9552,6158,0.036,540,106
118,1,25680,719,43100,4.9,4,26957,10511,7109,0.096,1433,243
118,2,32205,893,30148,4.4,4,18562,9125,5899,0.081,807,199
118,3,56650,1080,34821,4.7,4,21216,8473,5450,0.051,705,146
118,4,20995,619,52178,4.4,3,31826,12005,7644,0.079,1812,347
119,0,1990,110,32704,4.8,4,20489,8903,6115,0.232,2149,541
119,1,535,55,40205,5.2,4,23560,10708,6217,0.528,5433,1607
119,2,480,56,26618,5.4,4,19240,9464,6747,0.515,3332,866
119,3,615,59,25187,4.4,4,16791,6486,5290,0.326,2331,413
119,4,360,50,43066,4.4,3,31375,9668,7069,0.477,6057,1032
120,0,29535,536,29205,3.3,3,21386,7036,5450,0.042,519,91
120,1,6120,257,30030,3.5,3,20151,7322,5515,0.097,1362,206
120,2,5780,229,22763,3.3,3,17804,6661,5392,0.105,654,157
120,3,12085,350,28386,3.4,3,21427,6479,5024,0.063,695,128
120,4,5550,215,36946,3.1,2,27734,8372,6311,0.088,1544,271
121,0,21895,470,47066,5.5,4,26570,12301,7426,0.113,1448,340
121,1,5295,260,49055,5.9,4,27283,12273,7542,0.236,3573,740
121,2,5000,247,39718,5.2,4,22865,11867,7210,0.253,3185,863
121,3,8210,266,44856,5.7,4,25090,11630,6868,0.183,1777,443
121,4,3390,149,60668,5.1,4,35356,14750,8842,0.236,3972,866
122,0,882735,8099,35746,4.9,4,21882,9793,6704,0.022,377,77
122,1,146240,3150,38203,5.2,4,22788,10266,7108,0.045,1107,178
122,2,215850,3616,27332,4.6,4,18125,9284,6693,0.051,441,122
122,3,373096,5719,34567,5.1,4,21788,9003,6160,0.033,556,127
122,4,147550,3144,48903,4.7,3,29166,12148,7882,0.051,1168,203
123,0,87680,1385,34382,4.3,3,18168,9150,5323,0.046,758,162
123,1,16075,667,35874,4.3,3,20092,9400,5885,0.091,1894,378
123,2,23960,700,26277,4.1,3,16125,8469,5442,0.086,917,286
123,3,34610,882,33646,4.5,3,17428,8296,4691,0.079,1291,258
123,4,13035,453,49587,4.5,3,23559,12438,6591,0.117,2388,473
124,0,23515,814,19197,2,2,14253,5157,3865,0.034,467,135
124,1,5080,401,19066,1.9,2,14340,4975,3742,0.076,1132,321
124,2,5150,311,15954,2.1,2,11594,5307,3999,0.083,845,337
124,3,8520,493,18472,2.1,2,13981,4504,3480,0.051,541,145
124,4,4765,402,24187,1.9,1,18023,6398,4938,0.072,1514,367
125,0,132330,4298,22091,3.2,2,13517,6099,3944,0.034,530,154
125,1,24850,1666,24704,3.2,2,15180,6327,4319,0.064,1212,276
125,2,27325,1904,19039,3.3,2,11501,6543,4050,0.095,1144,415
125,3,52900,2557,20550,3.3,2,12935,5330,3509,0.051,853,226
125,4,27255,2353,25757,3.1,2,16006,6975,4442,0.072,1162,319
126,0,59485,1921,23203,2.7,2,13530,6387,3844,0.042,694,204
126,1,12810,933,25377,2.7,2,14690,6407,3986,0.105,1776,477
126,2,12925,867,19313,2.8,2,11928,6417,3948,0.083,920,396
126,3,21640,1112,21350,2.9,2,12490,5769,3425,0.071,889,320
126,4,12110,912,28430,2.4,2,16627,7475,4440,0.082,2024,478
127,0,589535,6949,30015,4.2,3,20183,8005,5930,0.021,340,64
127,1,107200,2837,32561,4.6,4,21153,8676,6587,0.05,969,123
127,2,140255,3097,23365,4,3,16869,7738,5858,0.055,467,117
127,3,267896,5184,28770,4.3,3,19952,7230,5405,0.026,474,98
127,4,74185,1942,43476,4,3,29602,10401,7415,0.052,1132,198
128,0,339890,6503,24747,3.3,3,16646,6467,4740,0.034,352,67
128,1,82785,4198,27136,3.4,3,17672,6789,4953,0.071,1036,173
128,2,77975,2895,19934,3.3,3,14557,6267,4747,0.1,433,121
128,3,124110,3253,22981,3.4,3,15680,5808,4316,0.045,459,98
128,4,55020,2389,32061,3,2,21735,7811,5612,0.051,922,165
129,0,157395,2220,52311,6.8,5,32537,13642,9317,0.05,809,166
129,1,31830,1110,55564,7.3,6,33757,14432,10068,0.098,2105,320
129,2,35375,920,40129,6.4,5,26754,12808,8957,0.1,1127,370
129,3,61145,1437,48259,7,5,31111,12027,8425,0.084,991,205
129,4,29045,887,72712,6.3,5,44514,17320,11206,0.115,2639,510
130,0,106405,1329,53843,6.3,4,32287,13814,8911,0.05,795,162
130,1,19245,570,57591,6.6,5,32946,14799,9734,0.119,2328,392
130,2,24790,640,43046,6,4,27795,12985,8717,0.099,1085,247
130,3,42635,894,50028,6.4,5,30588,12318,7962,0.081,1085,248
130,4,19735,483,72944,6,4,45044,17330,11106,0.112,2396,492
131,0,413460,5624,68700,7,5,36351,17868,10343,0.072,1060,241
131,1,60310,1839,76330,7.7,5,38009,19796,11572,0.15,3383,608
131,2,103290,2742,51654,6.3,4,30371,15747,9622,0.107,1384,433
131,3,175300,3873,63886,7,5,35427,16364,9658,0.077,1467,368
131,4,74560,2392,99054,7.5,4,50109,23090,12601,0.303,3387,657
132,0,7040,233,64664,6,4,26499,15606,7657,0.29,7824,1488
132,1,1420,104,70992,6.4,4,27892,15516,8605,0.524,15854,1851
132,2,1740,116,50876,6.4,3,23664,14888,7774,0.854,9952,2547
132,3,2780,148,45979,5.5,4,24809,11680,6627,0.276,3165,805
132,4,1100,90,0,5.9,4,0,26870,10271,0.801,0,7795
133,0,102150,1443,45301,4.3,3,24689,11863,6860,0.061,1508,326
133,1,19980,675,52268,4.5,3,25749,12725,7412,0.174,5416,876
133,2,24310,756,36470,4.1,3,20886,11396,6863,0.123,2168,612
133,3,40360,901,41599,4.4,3,24209,10836,6272,0.093,1727,489
133,4,17500,494,58740,4,3,31655,14013,7929,0.111,3587,788
134,0,37465,949,39562,4.1,3,21371,10781,5995,0.159,1494,385
134,1,8225,416,41754,4.1,3,22728,11359,6137,0.256,3983,1098
134,2,9000,552,33103,3.8,3,18153,10358,5684,0.186,2529,829
134,3,12955,507,35390,4,3,20345,9298,5626,0.114,1523,410
134,4,7285,407,53146,4.6,2,28060,13453,7193,0.697,4605,874
135,0,212975,2640,29193,4.4,3,19672,7658,5573,0.031,367,67
135,1,45625,1302,31169,4.5,3,20129,8165,5912,0.056,931,156
135,2,47820,1149,22999,4.3,3,16769,7343,5500,0.062,393,105
135,3,82920,1738,27614,4.5,3,18896,6854,5039,0.055,571,102
135,4,36610,966,38733,4.3,3,26638,9342,6751,0.077,1063,194
136,0,26225,832,39824,2.8,2,25522,10676,6930,0.058,1185,281
136,1,5260,394,38128,2.6,2,26642,9864,6825,0.12,2295,594
136,2,5825,366,29034,2.7,2,19525,9654,6214,0.092,1388,498
136,3,9525,489,40322,3.1,2,24982,10435,6480,0.101,1974,474
136,4,5615,405,52477,2.6,2,36575,13073,9235,0.138,3131,671
137,0,19530,419,30111,3.8,3,19637,7923,5509,0.063,991,245
137,1,3860,193,36778,4,3,21468,9317,5928,0.164,3728,974
137,2,4530,194,24114,3.7,3,15938,7671,5373,0.126,1017,325
137,3,7355,263,27284,3.8,3,18308,6847,4845,0.1,1260,257
137,4,3785,177,35996,3.4,3,25832,8923,6721,0.131,1728,394
138,0,99795,1559,37033,3.8,3,24462,9524,6537,0.045,739,168
138,1,18885,695,36033,3.8,3,22198,9441,6548,0.095,1673,337
138,2,21830,735,32008,3.9,3,21742,9724,6732,0.093,983,272
138,3,38640,931,35786,4,3,24478,8750,6112,0.07,936,205
138,4,20440,736,46000,3.4,2,30024,10934,7322,0.109,2564,597
139,0,39730,549,50809,5.4,4,32194,13004,8580,0.059,839,172
139,1,6705,222,49819,5.4,4,31028,12799,8741,0.145,1986,394
139,2,9195,257,40576,5.2,4,26864,12681,8595,0.109,1161,317
139,3,16460,369,50055,5.5,4,32832,12129,8073,0.099,1162,242
139,4,7370,224,66757,5.1,4,41200,15701,9992,0.133,2857,532
140,0,82400,1322,31041,3.6,3,23509,7699,6238,0.04,403,66
140,1,15825,599,32283,3.7,3,23421,8115,6505,0.075,1140,166
140,2,17190,567,24864,3.6,3,19597,7634,6161,0.115,532,130
140,3,34925,894,30199,3.6,3,23724,7047,5917,0.062,595,81
140,4,14460,519,39008,3.3,3,29208,8938,6979,0.062,1098,226
141,0,79040,1215,39390,4.8,3,25155,10370,6888,0.047,657,167
141,1,14210,546,42066,4.9,3,25382,10871,7427,0.109,1795,382
141,2,17390,570,33793,4.8,3,22268,10259,6907,0.107,977,287
141,3,32885,812,36615,4.9,3,24343,9327,6298,0.072,860,243
141,4,14555,440,50173,4.5,3,31216,12477,7990,0.108,2077,522
142,0,196605,2997,40407,3,2,33024,10428,8690,0.025,422,87
142,1,39450,1352,35713,2.9,2,27712,9261,7611,0.05,977,177
142,2,33140,914,33430,3.3,2,28347,10942,9111,0.077,576,162
142,3,66610,1590,41136,3.2,2,33723,9856,8248,0.044,603,127
142,4,57405,1947,47126,2.8,2,40195,11673,9807,0.04,1046,212
143,0,172055,2347,56244,4.7,3,38862,14447,10677,0.037,789,134
143,1,34415,1134,52979,4.7,3,35349,13254,9965,0.086,2483,254
143,2,38535,1159,48293,4.8,3,34991,14836,11035,0.074,1096,279
143,3,64895,1408,56257,4.9,3,39089,13795,10167,0.067,1052,216
143,4,34210,948,69078,4.3,3,47963,16594,12115,0.071,1951,339
144,0,99370,1955,40952,5.3,4,26175,10891,7132,0.054,813,179
144,1,21425,1002,43042,5.4,4,27163,11102,7454,0.13,1907,429
144,2,24250,1161,33845,5.1,4,22168,10471,7114,0.104,1444,344
144,3,37515,1043,38168,5.3,4,25095,9825,6489,0.082,913,237
144,4,16180,617,56191,5.3,4,34979,13929,8754,0.145,2953,547
145,0,340895,3285,41235,5.5,4,23086,10944,6368,0.029,496,91
145,1,62200,1525,42380,5.6,4,23686,11167,6755,0.063,1310,210
145,2,81065,1516,32717,5.4,4,18870,10572,6290,0.06,566,149
145,3,127655,2041,40077,5.7,4,22622,10047,5751,0.049,679,139
145,4,69975,1416,52939,5,3,29516,12968,7449,0.062,1569,258
146,0,293895,3411,38605,4.6,3,23933,10169,6470,0.023,420,106
146,1,63485,1763,39090,4.7,4,24995,10321,6881,0.05,1125,167
146,2,65970,1494,31253,4.5,3,19497,10223,6359,0.055,627,365
146,3,115845,2169,37446,4.7,3,23555,9147,5811,0.036,572,109
146,4,48595,1260,51599,4.4,3,31789,12532,7964,0.045,1205,211
147,0,45825,693,37089,3.9,3,25675,9444,6834,0.05,617,125
147,1,8465,306,37486,4.1,3,24363,9545,6738,0.128,1637,286
147,2,9245,323,30236,3.9,3,22333,9285,6823,0.113,913,249
147,3,18405,427,34590,4,3,24953,8438,6375,0.073,770,164
147,4,9710,318,48571,3.7,3,33147,11544,8142,0.109,1851,365
148,0,28590,588,53719,6.8,5,32970,14299,9303,0.097,1146,250
148,1,4645,210,57575,7.3,5,33865,15252,10267,0.32,3413,636
148,2,6385,291,44386,6.4,5,29703,13667,9134,0.186,1929,557
148,3,11275,402,51120,7,5,30886,13200,8487,0.139,1536,329
148,4,6285,236,65709,6.4,5,40216,16340,10384,0.202,3058,641
149,0,384890,4210,46836,3.9,3,36378,11764,9747,0.021,456,70
149,1,71780,1789,43873,4.1,3,31901,11412,9180,0.039,1118,158
149,2,75105,1691,37910,3.9,3,31132,11776,9896,0.063,598,130
149,3,148175,2571,47180,4,3,37087,11038,9256,0.031,673,95
149,4,89830,2247,56595,3.5,3,45641,13335,11086,0.035,1241,204
151,0,137315,2206,52940,5.6,4,27267,13913,7340,0.075,1579,471
151,1,23365,890,58059,6.2,4,29432,14757,8402,0.157,3599,726
151,2,27880,1149,44913,5.4,4,23303,13349,7262,0.133,2577,706
151,3,56690,1419,46748,5.5,4,25310,12154,6518,0.093,1892,564
151,4,29380,860,69273,5.5,3,34417,17372,8538,0.241,5286,1749
152,0,303610,3104,36851,4.7,3,22412,9727,6321,0.031,465,94
152,1,51060,1224,37558,4.8,3,22438,9996,6574,0.068,1341,217
152,2,68885,1431,29587,4.5,3,18861,9221,6203,0.065,749,173
152,3,122895,2052,35676,4.9,3,22011,9023,5864,0.051,611,144
152,4,60770,1370,47443,4.5,3,29009,11625,7421,0.065,1357,259
153,0,369235,3730,37014,4.2,3,24944,9637,6962,0.022,375,67
153,1,68785,1647,39881,4.5,3,25839,10555,7672,0.047,1040,157
153,2,84725,1760,30162,4.2,3,21044,9364,6883,0.06,553,136
153,3,145935,2377,35177,4.3,3,24328,8688,6315,0.032,520,98
153,4,69790,1567,46756,3.7,3,32075,11131,7973,0.042,1075,165
154,0,119245,1670,24578,3.2,3,18377,6282,5014,0.024,296,53
154,1,22625,750,25568,3.3,3,18464,6680,5356,0.053,779,128
154,2,23290,618,19142,3.3,3,14810,6418,5112,0.067,411,115
154,3,53550,1207,24004,3.2,3,18475,5662,4615,0.033,427,72
154,4,19780,622,31520,3,2,23610,7396,5805,0.049,843,150
155,0,198335,2858,44054,5.1,4,27304,11564,7567,0.04,625,125
155,1,39065,1254,46978,5.4,4,28552,12151,8048,0.082,1790,262
155,2,46880,1570,36304,5,4,23842,11329,7524,0.089,874,280
155,3,76730,1749,42102,5.2,4,26597,10513,6917,0.066,806,179
155,4,35660,1035,55818,4.8,3,33726,13627,8739,0.081,1963,342
156,0,11690,454,49260,6,4,27141,13472,7799,0.163,1726,460
156,1,2190,173,53900,6.2,4,29101,13386,7911,0.427,4426,835
156,2,2325,190,40712,6,4,24185,13034,7541,0.313,2285,782
156,3,4710,313,45076,6.1,4,24443,12449,7059,0.282,2602,756
156,4,2465,204,61394,5.7,4,35425,16001,9513,0.285,4461,1234
157,0,504570,5786,36322,5.2,4,22892,9240,6294,0.028,417,70
157,1,88115,2305,42803,5.8,4,25326,10892,7186,0.075,1293,208
157,2,116495,2611,28677,5,4,19813,8609,6184,0.073,460,96
157,3,218280,4132,33063,5.2,4,21534,8153,5631,0.035,546,96
157,4,81680,2068,49495,4.8,3,31886,11376,7708,0.06,1346,208
158,0,20955,1839,49225,4.3,3,20817,13660,6074,0.312,4261,1218
158,1,2890,188,60310,5.1,4,29508,16580,8904,0.245,4992,1146
158,2,4140,482,46850,4.5,3,20157,14211,6605,0.502,6755,1897
158,3,8625,969,38436,3.9,3,16823,10142,4731,0.432,4092,1220
158,4,5300,1475,62815,4.3,2,25958,17447,6612,0.891,16588,4662
159,0,514460,5219,25535,4,3,18230,6702,5176,0.022,280,55
159,1,94520,2333,29591,4.4,3,20135,7653,5832,0.052,879,128
159,2,110595,2113,19275,3.8,3,14980,6350,5085,0.062,282,63
159,3,223330,3607,24120,4,3,17700,6030,4685,0.029,359,95
159,4,86015,2079,32886,3.6,3,23907,7891,6076,0.046,849,129
160,0,133095,2177,31922,2.4,2,24811,8028,6586,0.021,410,134
160,1,29230,1005,30340,2.5,2,22161,7666,6223,0.047,992,146
160,2,31075,994,25953,2.3,2,21054,8241,6516,0.042,761,521
160,3,49605,1382,33045,2.6,2,26190,7568,6394,0.032,547,101
160,4,23185,911,39622,2.4,2,32122,9238,7766,0.048,1112,185
161,0,40975,877,43139,3.7,3,32194,11541,9282,0.047,756,161
161,1,7475,370,44530,3.9,3,30968,11735,9010,0.126,2044,421
161,2,9395,466,36868,3.6,3,29575,11372,9394,0.09,1115,286
161,3,16340,523,41546,3.8,3,31143,10738,8700,0.078,997,229
161,4,7765,375,53480,3.3,2,40437,13405,11018,0.091,2374,443
162,0,19415,450,53301,5.3,4,34202,13983,9612,0.092,1312,284
162,1,3675,199,50150,5.1,4,32942,13280,9663,0.198,2698,482
162,2,4485,230,44365,5.3,4,31354,13606,9504,0.189,1772,538
162,3,7365,258,51490,5.5,4,32959,12927,8634,0.15,1904,437
162,4,3890,209,70738,5.2,4,45993,17250,11700,0.219,4338,849
163,0,30515,481,29271,3.8,3,19860,7543,5413,0.057,587,123
163,1,7055,250,33214,4.2,3,21142,8558,5961,0.147,1450,314
163,2,6945,236,22958,3.7,3,16100,7121,5360,0.105,792,211
163,3,11320,285,27248,3.7,3,19555,6649,4851,0.075,746,174
163,4,5195,180,37263,3.7,3,25373,8774,6383,0.165,2091,342
164,0,29150,668,34163,3.2,2,25278,8458,6576,0.051,643,114
164,1,7175,414,32259,3.3,2,22040,8345,6290,0.134,1335,250
164,2,5280,220,27833,3.3,2,21890,8347,6667,0.109,983,231
164,3,10055,358,33691,3.4,2,25481,7769,6222,0.074,885,148
164,4,6640,314,42620,2.7,2,32472,9832,7717,0.088,1771,297
165,0,24515,356,27966,4,3,19347,7088,5310,0.05,545,103
165,1,4515,145,28646,4.1,3,20565,7402,5674,0.109,998,200
165,2,4885,143,22524,4,3,16244,7138,5410,0.113,852,239
165,3,10690,243,26155,4,3,18384,6293,4768,0.077,658,127
165,4,4425,161,37909,3.9,3,25513,8700,6366,0.117,2189,350
166,0,9165,240,43348,4,2,27060,11185,6910,0.138,1804,376
166,1,2010,110,41501,3.3,2,21949,9740,6171,0.301,6154,712
166,2,1665,97,39652,4.1,2,25023,11840,6868,0.318,3142,874
166,3,3650,154,41949,4.4,2,27141,11028,6771,0.227,1924,622
166,4,1840,112,52055,3.6,2,34269,12599,8513,0.268,3434,862
167,0,18385,405,34233,3.2,3,23176,8826,6089,0.049,842,205
167,1,3675,169,31670,3,2,22136,8115,5962,0.106,1563,359
167,2,3455,165,26502,3.1,3,18352,8014,5790,0.125,1586,372
167,3,7910,284,32891,3.3,3,23120,8472,5759,0.077,1041,324
167,4,3345,166,48985,2.9,2,31439,11438,7922,0.1,3020,604
168,0,29075,467,31420,3.7,3,21921,8356,6087,0.053,590,187
168,1,5075,189,31394,3.7,3,22147,8139,6246,0.118,1491,265
168,2,5880,197,25182,3.6,3,17630,8084,5756,0.14,968,291
168,3,12550,321,30316,3.8,3,21445,7817,5626,0.072,881,352
168,4,5570,201,41132,3.7,3,28592,10202,7357,0.131,1550,386
169,0,18320,490,38424,2.6,2,29995,9890,8450,0.048,914,154
169,1,3260,217,38966,2.6,2,28774,9582,8001,0.138,3242,442
169,2,4100,202,30923,2.5,2,26186,9722,8695,0.1,936,235
169,3,6695,314,36393,2.7,2,29179,9129,7801,0.079,1155,221
169,4,4265,231,48516,2.4,2,38999,11532,9919,0.081,2153,379
170,0,38475,1103,37481,1.7,1,30826,9713,8479,0.023,686,124
170,1,7845,565,31913,1.6,1,25757,8649,7561,0.044,1432,245
170,2,8430,513,32051,1.8,1,27862,10222,9333,0.059,1078,257
170,3,12320,593,36822,1.8,1,30537,8960,7702,0.04,1066,180
170,4,9880,531,47808,1.6,1,40402,11153,9864,0.04,1629,286
171,0,42780,918,31165,2.1,2,25190,8337,7274,0.025,447,85
171,1,5535,267,28808,2,2,21002,7963,6818,0.062,1354,239
171,2,9135,385,26515,2.1,2,22255,8915,8034,0.076,656,170
171,3,18745,639,30775,2.2,2,25257,7625,6696,0.034,662,119
171,4,9365,463,37980,1.9,2,31904,9463,8356,0.038,1144,226
172,0,21480,447,32504,2.4,2,26592,8210,7189,0.039,528,104
172,1,4105,194,30393,2.2,2,24538,7729,6536,0.073,1222,254
172,2,4190,186,27281,2.6,2,23735,8417,7555,0.124,754,176
172,3,8210,288,31153,2.4,2,25868,7592,6707,0.057,750,147
172,4,4975,211,41029,2.2,2,34762,9505,8258,0.071,1416,277
173,0,5955,205,36420,2.6,2,28393,9211,7739,0.082,1001,213
173,1,965,80,36239,2.9,2,24567,8732,7213,0.26,3082,571
173,2,1390,100,32001,2.7,2,25405,9912,8237,0.164,1633,418
173,3,2420,131,34869,2.7,2,27846,8434,7269,0.132,1403,316
173,4,1180,92,45055,2.1,2,37719,10412,8543,0.108,2547,504
174,0,60,17,24023,1.7,2,24903,4640,4157,0.31,3138,517
174,1,0,0,0,0,0,0,0,0,0,0,0
174,2,0,0,0,0,0,0,0,0,0,0,0
174,3,0,0,0,0,0,0,0,0,0,0,0
174,4,0,0,0,0,0,0,0,0,0,0,0
175,0,33535,676,38295,3.1,2,29094,10031,7917,0.053,718,137
175,1,5815,294,36156,3,2,24714,9721,7653,0.117,2090,299
175,2,6890,279,33433,3.2,2,26786,10514,8634,0.129,905,267
175,3,13475,419,37149,3.2,2,28495,9281,7312,0.086,1135,206
175,4,7355,342,46955,2.7,2,38073,11264,8991,0.097,1736,376
176,0,350,44,26079,1.3,1,23235,7125,5876,0.134,2045,567
176,1,0,0,0,0,0,0,0,0,0,0,0
176,2,55,16,19963,1.5,1,21252,5700,5781,0.396,3067,945
176,3,125,26,26964,1.6,1,23635,7154,6410,0.281,2883,686
176,4,125,26,32407,1,1,29439,8749,7252,0.132,3985,1282
177,0,8220,255,19529,1.5,1,15652,4665,3809,0.043,412,99
177,1,790,87,21270,1.4,1,17321,4705,3667,0.126,1504,287
177,2,1250,86,16820,1.7,1,13106,4958,4092,0.17,1116,269
177,3,3755,171,18706,1.6,1,15096,4297,3414,0.061,585,147
177,4,2425,144,21663,1.2,1,18459,5096,4452,0.047,728,179
178,0,3225,178,23376,1.8,1,16803,5945,4388,0.1,1204,313
178,1,525,76,26574,1.8,1,18805,5917,4479,0.141,2694,509
178,2,590,77,18795,1.7,1,14956,6137,5023,0.148,1337,403
178,3,1030,106,21175,2,1,15977,5218,3716,0.207,1779,485
178,4,1080,95,26543,1.7,1,17194,6593,4663,0.197,2773,750
179,0,1750,98,26311,2.7,2,17187,6932,4631,0.164,1713,436
179,1,495,54,23483,2.4,2,15929,6290,4529,0.212,3072,646
179,2,370,45,22753,2.8,2,14246,6541,4516,0.255,2337,618
179,3,505,52,30183,3.2,2,16645,7970,4425,0.467,4223,1193
179,4,380,45,28385,2.4,2,22014,6743,5473,0.189,2761,551
180,0,13810,336,31043,1.7,1,26915,7601,6940,0.047,539,108
180,1,2780,162,27239,1.6,1,22217,7031,5995,0.119,1450,308
180,2,1970,109,26292,2,2,24639,8010,7353,0.233,790,265
180,3,5440,209,30496,1.8,2,27298,7098,6676,0.049,737,136
180,4,3620,177,37463,1.6,1,34040,8611,8007,0.051,1183,225
181,0,530015,9236,15661,2.4,2,11730,4154,3269,0.017,204,40
181,1,78980,3292,17933,2.5,2,14116,4684,3822,0.028,648,117
181,2,110105,3510,12949,2.4,2,10304,4087,3342,0.069,257,62
181,3,223495,6614,14518,2.4,2,11144,3673,2918,0.017,268,54
181,4,117435,4289,19102,2.2,2,13924,4834,3653,0.022,565,106
182,0,47140,1042,24841,4.1,3,16807,6680,4684,0.075,551,141
182,1,8750,477,28182,4.4,3,18683,7733,5300,0.185,1253,340
182,2,9450,403,20467,4.1,3,15059,6225,4766,0.148,674,186
182,3,16925,641,20972,4,3,15006,5591,4065,0.117,634,184
182,4,12015,533,31834,4.1,3,20460,7900,5232,0.169,1616,394
183,0,264250,5242,22293,3.6,3,17092,5990,4794,0.026,315,67
183,1,38745,2043,26763,3.9,3,20506,7213,5703,0.058,1038,223
183,2,56110,2110,18863,3.6,3,15321,5851,4858,0.07,441,99
183,3,117985,3846,19921,3.5,3,15892,5125,4232,0.037,388,82
183,4,51410,2014,28623,3.5,3,21740,7325,5800,0.046,938,195
184,0,159530,3264,17286,3.1,2,12435,4542,3403,0.039,273,60
184,1,23075,1056,19962,3,2,14486,5293,4006,0.084,862,165
184,2,32185,1230,13911,3,2,10889,4291,3415,0.083,306,79
184,3,65850,2188,15528,3.2,2,11613,3926,3019,0.064,370,75
184,4,38420,1799,21758,3,2,15116,5412,3861,0.082,662,160
185,0,329070,7499,15970,2.5,2,13170,4414,3756,0.02,250,50
185,1,71230,4159,17919,2.7,3,15810,4816,4268,0.023,574,117
185,2,67775,2652,12939,2.6,2,11212,4306,3688,0.082,234,69
185,3,101755,4321,13681,2.5,2,11680,3764,3276,0.016,357,70
185,4,88310,3638,19691,2.3,2,15741,4976,4069,0.024,632,122
186,0,112675,2386,16556,2.7,2,13335,4491,3763,0.028,263,57
186,1,16575,836,18845,2.9,3,15994,5034,4340,0.046,696,130
186,2,24665,920,13659,2.7,2,11557,4376,3705,0.067,265,73
186,3,41755,1641,14392,2.7,2,12027,3805,3283,0.059,295,68
186,4,29680,1206,21083,2.4,2,16814,5315,4324,0.032,737,165
187,0,132355,2573,20942,3.1,3,17875,5682,4967,0.021,303,59
187,1,23395,1120,22034,3.4,3,19036,6166,5602,0.045,779,157
187,2,28565,1141,17592,3.1,3,16051,5724,5134,0.053,352,87
187,3,47705,1618,18539,3,3,16340,4744,4335,0.033,357,66
187,4,32690,1203,26958,3.1,3,22863,6739,5688,0.038,844,162
188,0,50635,1222,19397,2.9,3,16468,5269,4591,0.02,294,66
188,1,5700,342,19450,3.2,3,16539,5734,5160,0.051,756,186
188,2,10230,408,15451,2.9,3,13789,5311,4730,0.041,303,95
188,3,22340,929,17693,2.8,3,15619,4468,4059,0.031,370,81
188,4,12365,589,26079,2.9,3,22430,6548,5654,0.043,827,189
189,0,498345,9472,19464,2.7,3,16893,5157,4645,0.014,258,47
189,1,77115,3305,21343,3,3,19042,5672,5273,0.021,692,116
189,2,99460,3270,15956,2.7,3,14774,5272,4873,0.042,262,67
189,3,206445,6901,17477,2.5,2,15697,4396,4084,0.021,339,63
189,4,115325,4525,25098,2.7,3,21672,6142,5428,0.029,719,138
190,0,143615,2939,19574,2.9,3,16387,5290,4575,0.019,291,58
190,1,24600,1316,20928,3.1,3,17622,5636,5005,0.04,847,140
190,2,29650,1136,15762,2.9,3,13959,5350,4724,0.052,321,84
190,3,53690,1844,17534,2.8,3,15259,4487,4091,0.03,338,69
190,4,35675,1489,25314,2.8,3,21165,6298,5278,0.034,751,171
191,0,236580,5634,19900,3.4,3,15232,5388,4290,0.03,334,73
191,1,51870,2920,22261,3.4,3,18478,6006,4959,0.046,728,170
191,2,44920,1974,16905,3.5,3,13566,5283,4258,0.092,450,107
191,3,83995,3423,17280,3.4,3,13398,4538,3690,0.049,460,84
191,4,55795,2756,24775,3.2,2,18083,6321,4766,0.057,945,211
192,0,151920,3039,12913,2.1,2,10723,3432,2998,0.018,177,35
192,1,21765,1137,14673,2.3,2,12259,3996,3520,0.038,572,102
192,2,33700,1215,10862,2.2,2,9317,3517,3097,0.058,257,59
192,3,57250,1942,11833,2.1,2,10237,2986,2644,0.021,212,45
192,4,39205,1642,15348,1.9,2,12882,3713,3210,0.025,448,83
193,0,599155,14245,12426,2.1,2,10827,3476,3115,0.015,171,44
193,1,91605,6126,14318,2.3,2,12886,4234,3845,0.014,545,172
193,2,146080,6831,10520,2.2,2,9675,3422,3175,0.052,216,49
193,3,209285,8905,11274,2.1,2,10200,2976,2717,0.018,181,46
193,4,152185,6279,14868,1.9,2,12830,3781,3314,0.017,477,98
194,0,9270,543,13643,2.2,2,11950,3529,3105,0.024,419,96
194,1,605,74,12923,2.2,2,11251,3702,3540,0.054,857,167
194,2,1345,134,10909,2.2,2,9961,4009,3563,0.054,579,176
194,3,5155,433,12831,2.2,2,11236,3196,2869,0.03,574,95
194,4,2165,289,17541,2.1,2,15919,3983,3403,0.063,894,310
195,0,633465,11984,18492,2.8,2,14246,4932,3946,0.021,255,54
195,1,101540,4518,21093,3,3,16970,5604,4584,0.031,728,149
195,2,131445,4665,15140,2.8,2,12261,4785,3891,0.061,294,69
195,3,242450,8256,16692,2.8,2,13152,4304,3515,0.032,331,68
195,4,158030,5770,22636,2.6,2,17505,5637,4352,0.037,653,150
196,0,191730,4081,12868,2.1,2,10554,3325,2811,0.019,171,33
196,1,20710,1047,15477,2.4,2,12836,4088,3518,0.07,629,109
196,2,36350,1286,10745,2.2,2,8885,3534,2987,0.064,257,58
196,3,85920,2952,12009,2.1,2,10388,2883,2512,0.021,217,40
196,4,48750,2278,14889,1.9,2,12064,3634,3019,0.027,446,86
197,0,586530,5895,26015,4.1,3,17739,6823,5074,0.02,267,45
197,1,117775,2724,27750,4.2,3,18171,7101,5241,0.044,805,115
197,2,128730,2413,19275,3.9,3,14184,6329,4857,0.051,280,70
197,3,234025,3714,25063,4.2,3,17362,6220,4645,0.029,354,66
197,4,106000,2778,34550,4.1,3,24565,8503,6337,0.047,762,124
198,0,11570,368,45734,5.5,4,20012,12197,5560,0.169,3012,737
198,1,2280,125,51059,5.5,3,22997,12154,5996,0.348,6207,1067
198,2,2620,213,37451,5.5,4,17098,11891,5499,0.427,4897,1489
198,3,4545,245,41844,5.6,4,18541,10765,4950,0.263,5343,1275
198,4,2125,120,59036,5.4,4,27112,15895,7124,0.339,7382,2017
199,0,44050,743,51603,7.9,5,31394,13039,8648,0.144,1185,228
199,1,7750,273,55001,8,5,32947,13695,9148,0.321,3566,559
199,2,9605,292,36698,6.8,5,24737,11538,8067,0.272,1485,423
199,3,18690,525,50333,8.2,6,31893,12109,8155,0.234,1660,343
199,4,8005,342,69465,8.6,5,41329,16477,10669,0.354,3386,614
200,0,12325,424,41995,4.4,3,23831,10675,6499,0.173,2103,459
200,1,2470,193,50938,4.4,2,24705,11638,7015,0.496,7086,1149
200,2,2420,152,29892,4,3,18546,9139,5730,0.203,2651,690
200,3,5215,285,38545,4.7,3,24233,9630,6157,0.279,2307,531
200,4,2220,195,53441,4.1,2,27778,13833,8099,0.382,5863,1573
201,0,79710,1137,57564,7.4,5,37588,15177,10668,0.083,1019,203
201,1,13880,419,63880,8,6,39122,16067,11174,0.198,3317,479
201,2,17785,503,43743,6.4,5,31975,13747,10249,0.114,1066,284
201,3,32105,783,54385,7.6,6,36719,13972,9937,0.128,1199,295
201,4,15940,501,74685,7.7,5,47890,18617,12579,0.24,3154,641
202,0,11620,297,45756,4.1,3,32449,12537,9545,0.1,1321,325
202,1,2225,130,44230,4.3,3,32304,12375,9528,0.18,2377,704
202,2,2855,151,37958,3.8,3,29225,12214,9925,0.147,1892,518
202,3,4100,182,45072,4.4,3,31693,11925,8536,0.204,2032,578
202,4,2440,124,57917,3.9,3,40675,14176,11126,0.23,4277,819
203,0,1070461,22744,56342,2.7,3,49554,15897,14555,0.015,645,137
203,1,193970,13215,50905,2.9,3,44247,15427,14032,0.036,1664,466
203,2,287925,9913,47175,2.7,3,43557,15548,14202,0.028,786,197
203,3,369941,12931,58121,2.8,3,52314,15127,14043,0.029,970,200
203,4,218625,8786,71252,2.5,2,63363,18271,16724,0.028,1948,307
204,0,41435,919,41785,3,2,32563,11613,9154,0.048,776,207
204,1,7935,363,33798,3.1,3,25022,10004,7144,0.077,1232,371
204,2,10330,417,35119,2.9,3,28028,11509,9159,0.06,1530,449
204,3,14270,634,44061,3,2,35900,11455,9666,0.091,1175,367
204,4,8900,369,54053,2.9,2,41940,13617,11057,0.138,2180,456
205,0,539471,10567,74370,3.1,2,54394,18978,14553,0.021,1069,204
205,1,100890,5246,63204,3.2,2,44731,16607,12499,0.047,2575,518
205,2,120495,4499,60378,3.1,2,45586,17795,13852,0.043,1690,370
205,3,209201,6547,75919,3.1,2,57300,18896,14490,0.037,1494,325
205,4,108885,4585,98234,3,2,71858,22830,17806,0.039,3001,440
206,0,270,42,54753,3.3,3,30860,12254,6499,0.28,11188,2274
206,1,0,0,0,0,0,0,0,0,0,0,0
206,2,90,25,30861,3.9,3,20781,9288,6224,0.431,5999,1463
206,3,90,25,0,2.7,2,0,0,0,0.427,0,0
206,4,0,0,0,0,0,0,0,0,0,0,0
207,0,57715,1111,61706,5.7,4,42827,16452,12256,0.059,1044,253
207,1,11455,491,66258,6.3,5,42922,17716,12115,0.147,2890,768
207,2,15325,572,48893,5.4,4,36833,14965,11856,0.094,1427,403
207,3,19650,662,62323,5.9,5,44668,15722,11904,0.105,1521,378
207,4,11285,476,74329,5.4,4,50620,18635,13647,0.126,2887,525
208,0,4475,245,52454,2.8,2,41460,14520,12321,0.1,1910,397
208,1,940,133,45700,2.6,2,38030,12218,10696,0.173,2722,757
208,2,1000,96,44768,2.9,2,39587,14153,12440,0.19,2043,686
208,3,1330,122,53607,3.2,2,39336,14628,11581,0.236,3905,798
208,4,1205,135,63609,2.5,2,48681,16681,14751,0.158,4982,817
209,0,60770,1731,111928,3.7,3,86827,30213,24841,0.047,2388,469
209,1,9840,787,96193,3.9,3,72001,26807,22279,0.105,5503,1195
209,2,14290,777,91678,3.7,3,77464,27931,23978,0.096,2584,643
209,3,22600,1043,110076,3.6,3,88509,29584,24081,0.071,2886,738
209,4,14040,828,147847,3.8,3,114860,36165,29779,0.115,7260,1130
210,0,16805,542,63333,6.7,4,32606,16138,8850,0.214,3046,711
210,1,3405,250,80127,7.1,4,36123,17225,9207,0.493,12010,1314
210,2,3130,235,52058,6.5,4,27868,15757,8858,0.345,4410,1216
210,3,6690,308,52640,6.8,4,30967,14549,8156,0.394,2081,1380
210,4,3580,285,77584,6.2,4,38931,18529,9890,0.371,6129,1381
211,0,137655,1515,36407,4.2,3,23440,9710,6631,0.037,531,111
211,1,28265,705,37193,4.5,3,23742,9853,6853,0.078,1236,206
211,2,31715,773,29834,3.9,3,20538,9415,6723,0.067,749,201
211,3,51410,904,34942,4.3,3,22501,8856,5972,0.059,870,201
211,4,26265,620,46750,4.1,3,29988,11680,7813,0.099,1442,278
212,0,78160,1788,84918,3.5,3,54972,23795,15345,0.038,2067,646
212,1,14205,903,75317,3.7,3,46794,20751,13642,0.104,4600,1464
212,2,16615,719,73159,3.6,3,49943,22954,15435,0.082,2659,933
212,3,31700,1141,84564,3.5,3,56479,23882,15067,0.053,3172,1191
212,4,15640,751,107922,3.4,3,67954,27474,17976,0.09,6187,1325
213,0,39205,2975,211057,11.3,5,112835,63460,34307,0.45,9453,3050
213,1,7365,1475,163129,9.2,4,89176,48641,27437,1.143,17303,7744
213,2,8635,1232,180622,12.2,5,106062,62584,34490,0.76,9771,4581
213,3,13585,1731,217346,12.6,5,117612,65608,34438,0.894,15312,5838
213,4,9620,1471,267340,10.3,5,145684,72878,41367,0.729,24264,5901
214,0,17820,1108,84239,8.1,3,31889,25187,9461,0.348,5397,1562
214,1,2955,436,91879,8.9,3,33061,25641,9275,1.094,10531,4175
214,2,4220,529,66305,7.6,3,27665,23197,9205,0.695,7666,2743
214,3,6640,696,71470,8,3,29552,21486,8290,0.513,6270,1966
214,4,4005,523,120707,8.4,3,43243,33634,12482,0.673,18286,4324
215,0,9370,505,65740,4.5,2,35222,18463,10614,0.265,4421,1162
215,1,1960,253,71143,4.8,3,34695,19029,10944,0.543,10829,3067
215,2,2110,249,55829,4.4,2,31389,18628,10060,0.686,6526,2553
215,3,3135,270,61994,4.8,3,33501,16901,9680,0.47,8628,1848
215,4,2165,239,76655,3.6,2,49203,20245,12756,0.355,7793,1902
216,0,7980,667,73992,5.4,3,47571,21945,14772,0.236,3667,948
216,1,1390,228,83486,5.7,3,52586,21799,15039,0.465,7764,1542
216,2,1935,307,67703,5.6,3,47960,22972,15486,0.507,5875,2113
216,3,2885,474,70186,5.5,3,42643,21173,13749,0.429,6730,1651
216,4,1770,273,80071,4.5,2,54178,22283,16237,0.432,8386,2016
217,0,52340,2848,90854,5.1,3,56116,26821,17140,0.199,2736,859
217,1,7935,1156,71265,4.6,3,46196,21337,14662,0.385,4077,2255
217,2,12105,1258,84091,5.5,3,52220,28679,17367,0.518,5838,2298
217,3,19460,1632,88827,4.9,3,60520,25277,17639,0.333,3516,1133
217,4,12840,1590,113360,5.4,3,59773,31067,18032,0.313,7908,1544
218,0,3814965,66290,13911,3.5,2,3578,3602,1042,0.034,357,82
218,1,616980,26876,18404,3.7,2,5831,4763,1594,0.07,1038,245
218,2,812219,25674,11047,3.4,2,3534,3338,1168,0.08,536,147
218,3,1461411,45253,12287,3.6,2,2948,3087,782,0.059,526,118
218,4,924355,31065,16114,3.1,2,3995,3884,1052,0.059,859,186
219,0,19190,2129,208827,29.8,17,87176,66229,28974,1.043,9874,3504
219,1,2220,507,189371,26.5,16,62685,61220,24534,2.47,32310,10820
219,2,6925,1791,195849,31.5,18,92582,74270,34549,2.06,12796,5297
219,3,6375,844,195408,31.6,18,72367,57246,22864,1.793,18255,6514
219,4,3670,597,276862,25.8,16,133560,70205,33920,1.551,26528,6714
220,0,2250,225,153003,13.1,10,105239,46112,31987,0.67,11826,3273
220,1,365,76,149085,13.1,9,115304,39976,30607,1.291,23468,6094
220,2,515,100,114064,13.6,9,87559,40703,27573,1.623,13370,5109
220,3,720,134,125751,12.9,10,93671,40643,28111,1.086,11442,4747
220,4,650,130,222458,13.1,10,164642,61416,45600,1.314,31033,7868
221,0,8300,756,230573,28.9,15,98918,66851,30430,1.337,16212,4897
221,1,755,132,233441,25.1,11,82816,62326,28178,2.729,34948,8208
221,2,2095,304,155940,23.7,13,88775,48818,28916,1.705,12827,4523
221,3,4000,612,241722,32.3,17,98235,73537,30255,2.111,25323,8409
221,4,1450,296,306518,28.8,17,138028,76756,38514,3.119,45000,10684
222,0,37680,1235,9472,1.9,1,5011,2639,1483,0.043,495,139
222,1,6685,421,9549,1.7,1,5813,2528,1680,0.074,958,155
222,2,7105,476,8966,2,1,3698,2970,1322,0.18,2050,598
222,3,11325,624,7259,1.9,2,3739,2035,1077,0.053,440,148
222,4,12565,856,11850,1.8,1,7310,3082,1914,0.051,612,174
223,0,770,81,60159,6.5,3,36289,19571,11093,0.792,6052,2339
223,1,155,40,62918,5.1,3,45454,17858,11899,1.179,12418,3471
223,2,205,39,49735,6.2,3,26232,18070,10753,0.911,6648,2608
223,3,245,44,54104,7,4,36211,17271,9836,1.311,10978,4039
223,4,165,39,78695,0,0,46315,26299,11857,0,17202,7567
224,0,64895,3942,68259,8.2,3,19573,20607,5838,0.314,3893,1361
224,1,8905,1140,80444,8.6,3,20190,20824,5682,0.898,15290,3546
224,2,14595,1945,56480,7.8,3,18648,19337,6418,0.436,4894,1836
224,3,25860,2530,65544,8.8,3,17908,20354,5068,0.519,5153,2359
224,4,15535,2013,77025,7.5,3,23624,22142,6527,0.68,9375,3148
225,0,25700,646,57664,3.2,2,44289,15251,12633,0.077,1127,240
225,1,5080,367,52360,3.3,3,37014,14139,11227,0.161,2999,709
225,2,5275,267,47672,3.1,2,39513,14835,12361,0.115,1724,449
225,3,9175,352,57196,3.4,2,45319,14270,12365,0.162,1651,320
225,4,6170,295,71661,3,2,56814,18101,15085,0.126,2632,530
226,0,309615,3618,60896,5.5,5,49264,16133,13941,0.026,616,113
226,1,55690,1542,58493,5.8,5,46089,16295,14019,0.063,1443,226
226,2,69500,1524,48463,5.2,4,42057,15581,13884,0.048,659,143
226,3,123815,2456,60875,5.6,5,49988,14987,13049,0.044,1005,205
226,4,60610,1536,78368,5.1,4,64486,19154,16431,0.052,1756,275
227,0,12965,515,192744,11.7,7,117324,48103,31998,0.326,6926,1283
227,1,2270,196,189419,11.6,7,101676,44439,29351,0.695,14334,2407
227,2,2950,211,142815,10.1,7,99003,42574,30092,0.489,7306,2195
227,3,4875,362,187554,13.2,9,127347,47071,33108,0.591,8902,1777
227,4,2870,227,257598,10.9,7,145001,58835,39689,0.707,22802,3830
228,0,45960,1584,53206,3.5,2,34642,13325,9043,0.061,1411,287
228,1,9280,599,48705,3.4,2,31402,11586,7935,0.127,3051,532
228,2,8790,533,42450,3.4,2,28274,12429,8357,0.11,1730,449
228,3,16960,1113,53374,3.7,2,35340,13270,9035,0.103,2143,402
228,4,10930,792,65509,3.3,2,42856,15654,10584,0.137,3947,867
229,0,127125,2501,52415,3.5,3,37305,13211,10043,0.038,927,166
229,1,23590,933,46791,3.6,3,32580,11724,8836,0.079,1996,259
229,2,25055,813,42498,3.5,3,32504,12781,10108,0.062,1054,246
229,3,49105,1838,54866,3.8,3,39864,13075,10037,0.073,1513,300
229,4,29375,1161,61596,3.1,2,43683,15094,11260,0.07,2490,433
230,0,228805,4070,64965,4.8,3,44814,16796,12444,0.048,1183,222
230,1,42460,1587,61173,5,3,39597,15468,11263,0.114,3149,394
230,2,50390,1541,52032,4.4,3,38435,15637,12092,0.065,1357,295
230,3,89135,3008,66564,5,3,46660,16497,12191,0.089,1985,427
230,4,46820,1620,79735,4.4,3,55878,19955,14804,0.093,2777,510
231,0,214535,4308,55589,5,4,30532,14149,8137,0.047,1159,244
231,1,40410,1782,50871,5,4,30120,12691,7871,0.083,2436,305
231,2,49155,1684,42846,4.7,4,24234,12857,7623,0.063,1277,299
231,3,80990,2983,55653,5.2,4,31181,13562,7682,0.089,1904,458
231,4,43980,1910,74472,5,3,39550,18136,10052,0.112,3186,645
232,0,20655,437,35708,3,2,26852,9436,7277,0.05,688,160
232,1,4555,205,31955,3.3,3,24296,8825,6990,0.122,1310,329
232,2,5220,228,29856,2.9,2,22913,9175,7256,0.099,1044,306
232,3,6740,251,39507,3.1,2,28819,9571,6986,0.086,1445,311
232,4,4140,186,41103,2.6,2,32639,10255,8486,0.089,1437,312
233,0,200405,5284,79430,6.1,3,38786,19539,9852,0.078,1876,320
233,1,37525,2209,79987,6,3,38830,18255,9410,0.152,4888,486
233,2,43275,1881,58927,5.5,3,30938,17096,9012,0.108,1585,447
233,3,73285,3570,74807,6.5,3,36953,18132,9083,0.144,2869,562
233,4,46320,2599,106438,6.2,3,52436,25343,12738,0.182,4742,799
234,0,90585,2991,88022,6.6,4,43808,22252,11879,0.106,2583,488
234,1,14985,985,88397,6.7,4,41726,20848,11171,0.242,7216,921
234,2,18505,1014,70054,6.2,4,36803,20720,11084,0.176,3318,990
234,3,36425,2325,87641,7.1,4,43217,22047,11276,0.199,4329,913
234,4,20670,1243,104665,5.9,4,54903,25066,14462,0.139,5543,843
235,0,27455,933,42882,2.9,2,28541,10509,7406,0.071,1468,280
235,1,5875,426,39262,2.8,2,23168,9137,6170,0.165,3814,477
235,2,4945,309,33941,2.8,2,24353,9725,7162,0.131,1624,401
235,3,10075,585,40624,3.2,2,29129,9925,7233,0.117,1840,410
235,4,6560,500,56371,2.7,2,37155,13267,9208,0.152,3864,823
236,0,36290,1017,44075,3.8,2,26336,11032,6859,0.075,1459,278
236,1,6585,354,38549,3.6,2,23839,9577,6078,0.143,2203,469
236,2,6835,327,34319,3.7,2,21881,10619,6881,0.146,1640,506
236,3,14050,670,46685,4.2,2,26530,10975,6632,0.141,2822,488
236,4,8820,595,51763,3.5,2,31316,12596,8210,0.129,3273,666
237,0,633005,11136,78073,6,4,50166,20175,13748,0.049,1430,259
237,1,116940,5238,83067,6.5,4,49665,20654,13641,0.11,4463,585
237,2,146230,5619,64465,5.7,4,44591,19202,13699,0.107,1684,415
237,3,244670,6906,72894,6.1,4,48351,18740,12787,0.082,1525,394
237,4,125165,4161,100173,5.4,4,64487,23837,16148,0.086,4376,746
238,0,459630,6440,52732,5.8,4,30294,13565,8305,0.039,836,152
238,1,91765,3113,56797,6,4,30916,14278,8567,0.09,2457,366
238,2,103025,3430,42575,5.5,4,26421,12926,8175,0.083,1083,296
238,3,176165,3778,49732,6.1,4,29192,12421,7663,0.067,1130,230
238,4,88675,2395,66899,5.5,4,38703,15978,9682,0.068,2250,389
239,0,33495,612,30048,3.5,3,21376,7563,5766,0.049,592,101
239,1,7250,286,30335,3.6,3,20631,7800,5903,0.106,1213,216
239,2,7350,243,23364,3.7,3,18106,7247,5823,0.114,677,174
239,3,11795,351,29116,3.5,3,21183,6772,5064,0.078,1137,178
239,4,7100,332,38443,3.1,2,28247,9025,6882,0.105,1360,242
240,0,32255,3343,112894,8.9,4,38252,29174,9368,0.402,7219,1783
240,1,5845,1196,109242,8.4,4,41327,23902,10268,0.591,16131,2052
240,2,6235,846,93599,8.5,4,33357,29880,9752,0.489,10865,4550
240,3,13990,2824,101567,8.4,3,36051,25551,7629,0.786,9627,2147
240,4,6185,1026,160680,10.7,6,50598,41807,14046,0.532,22887,4972
241,0,82905,1276,27892,3.2,2,16434,7220,4605,0.037,475,99
241,1,13900,493,28123,3.5,2,17197,7591,5163,0.088,1046,201
241,2,20195,618,19672,2.9,2,12631,6107,4060,0.081,496,140
241,3,32610,852,26450,3.2,2,16189,6346,4086,0.052,680,135
241,4,16200,525,41165,3.5,2,24214,10139,6394,0.097,1604,328
242,0,128545,1779,29685,3.4,2,17715,7757,4955,0.038,457,96
242,1,22920,819,32065,3.6,2,18212,8521,5430,0.12,1505,262
242,2,29365,816,23759,3.3,2,14688,7267,4667,0.078,598,183
242,3,51220,1152,27924,3.4,2,17162,6912,4384,0.057,616,142
242,4,25040,708,38128,3.3,2,23633,9401,6128,0.071,1209,237
243,0,15945,388,42540,3.5,2,20391,11204,5583,0.102,1512,375
243,1,2435,138,43204,4.4,2,18825,10743,5484,0.326,4002,791
243,2,3545,178,27944,3.7,2,15748,8490,4974,0.282,1978,580
243,3,6835,265,40452,3.2,2,21696,10679,5506,0.11,1644,476
243,4,3130,171,63137,3.2,2,27536,15804,7112,0.202,5333,1277
244,0,64275,1284,40986,4.1,2,22347,10818,6249,0.074,1093,233
244,1,12390,525,44650,4.6,2,21464,11309,6134,0.214,3376,676
244,2,13850,508,34449,4.3,3,19145,11059,6410,0.145,1406,525
244,3,22650,720,37297,4.1,2,21863,9402,5686,0.095,1245,274
244,4,15385,772,49517,3.7,2,26749,12363,7200,0.163,2868,504
245,0,135360,2248,27422,2.6,2,20974,6647,5412,0.024,360,54
245,1,36075,1426,28499,2.8,2,20907,7176,5752,0.049,949,134
245,2,26080,804,21541,2.7,2,16988,6585,5321,0.083,415,106
245,3,53620,1379,27089,2.6,2,21598,6019,4984,0.026,483,68
245,4,19585,686,34204,2.3,2,26513,7507,6214,0.045,915,135
246,0,51890,1075,24291,3.1,2,16396,6551,4732,0.032,408,112
246,1,10850,498,27864,3.3,3,19326,7122,5419,0.077,999,196
246,2,10965,420,19255,3.1,2,13427,6411,4673,0.071,620,211
246,3,21305,766,22072,3.2,2,15114,5789,4122,0.051,534,199
246,4,8770,379,31884,3,2,21248,7951,5660,0.073,1325,258
247,0,12390,435,27005,3.2,3,18639,7041,5253,0.052,761,151
247,1,2620,183,30761,3.2,2,19616,7193,5145,0.121,2255,304
247,2,2260,156,24065,3.2,3,17328,7761,5986,0.122,1253,380
247,3,5080,304,23948,3.3,3,17746,6169,4870,0.079,819,183
247,4,2430,197,32210,2.9,2,22562,8113,5783,0.115,2058,438
248,0,30970,690,96098,9.4,7,64671,23793,17634,0.126,1852,363
248,1,6625,338,105791,10.4,8,72095,25817,19399,0.314,4787,900
248,2,6415,283,76224,8.7,7,56005,22246,17200,0.219,2397,604
248,3,13745,484,90179,9.5,7,61054,21622,16054,0.187,2662,498
248,4,4185,220,131465,8.9,6,88732,30348,22468,0.345,5937,1209
249,0,2455,120,62276,5.1,3,31494,17044,9705,0.286,5519,1387
249,1,330,44,51369,4.7,4,26891,13756,8855,0.616,9152,2356
249,2,610,60,49064,4.5,3,29064,15719,10535,0.44,6474,2069
249,3,1100,82,70023,5.4,3,31494,18157,8460,0.473,10871,2597
249,4,415,48,69807,5.3,3,43328,18712,12594,0.77,8114,2444
250,0,37730,715,23063,3.2,2,16154,6192,4580,0.047,418,98
250,1,5525,252,24711,3.3,2,16373,6650,4937,0.106,1133,280
250,2,9280,378,19902,3.5,3,14327,6425,4896,0.128,640,187
250,3,16310,485,21680,3.3,2,15958,5487,4081,0.063,571,127
250,4,6615,264,29847,2.8,2,20229,7290,5337,0.077,1384,296
251,0,116590,1961,24390,2.9,2,18846,6203,5033,0.025,317,53
251,1,22415,815,24776,2.9,2,18313,6403,5143,0.052,932,143
251,2,27085,826,19828,3,2,15947,6322,5188,0.056,368,102
251,3,45380,1420,24352,2.9,2,19422,5625,4615,0.041,449,68
251,4,21710,694,29854,2.6,2,22832,7098,5675,0.053,875,144
252,0,24225,494,23292,3.6,3,17470,6617,5266,0.113,395,140
252,1,4135,188,25998,3.7,3,17715,7110,5562,0.246,1274,257
252,2,6690,280,18752,3.9,3,14711,6881,5468,0.232,587,225
252,3,8920,301,22755,3.5,3,17640,5865,4665,0.207,616,303
252,4,4480,199,28782,3.3,3,23472,7310,5985,0.172,909,204
253,0,23885,540,23027,3,2,13855,6238,3904,0.069,626,196
253,1,5515,282,21996,2.8,2,14128,5792,3940,0.099,949,219
253,2,5235,255,19030,3,2,12241,6016,3969,0.108,873,292
253,3,8565,324,21614,3.2,2,12574,5809,3395,0.158,1263,445
253,4,4570,205,31889,2.9,2,18735,7928,4765,0.107,1589,383
254,0,391630,13019,50951,13.1,11,37815,13877,10763,0.107,1083,245
254,1,66405,5946,59113,13.2,12,43431,15911,12338,0.219,3176,675
254,2,113240,6151,38912,12.4,11,31794,12857,10466,0.143,948,261
254,3,141145,8382,45156,13.1,12,35159,11680,9540,0.162,1372,246
254,4,70840,5103,74283,14.3,12,56575,18044,13526,0.378,3166,883
255,0,2490,282,15040,4.1,2,5397,4210,1571,0.605,2376,623
255,1,520,100,29752,7.4,3,12173,8367,3956,1.746,8667,1958
255,2,635,139,7604,3.6,2,3494,2897,1330,0.751,1914,793
255,3,660,85,14616,3.8,2,5510,3528,1822,0.992,2150,585
255,4,0,0,10369,0,0,4523,0,0,0,2879,0
256,0,5180,1132,15382,3.9,2,8120,4027,2097,0.843,1469,349
256,1,0,0,12682,2.5,1,7000,3014,1763,0.336,1622,586
256,2,750,150,11030,2.5,2,4640,3590,1678,0.283,2176,646
256,3,1360,322,14721,0,0,6859,4418,2064,0,3338,1021
256,4,0,0,19041,4.6,2,10978,4490,2511,1.337,1594,348
257,0,22720,1428,49676,6.6,4,30037,14934,9920,0.57,2191,657
257,1,3310,413,53471,4.9,3,33376,14036,9248,0.464,5915,1436
257,2,6620,938,40505,6.9,5,24678,14188,9458,0.605,2728,1119
257,3,7455,691,49428,5.6,4,31886,14961,10772,0.315,3863,1151
257,4,5335,716,59780,8.7,4,34930,16499,9996,2.138,5807,1617
258,0,2540,168,15675,2,1,11371,4373,3332,0.114,796,230
258,1,760,125,15224,1.9,1,11948,3903,2940,0.205,1468,409
258,2,535,65,13129,2.1,1,8385,4140,2945,0.301,1497,444
258,3,730,66,16765,2.6,2,12493,4920,3793,0.224,1541,494
258,4,515,63,17570,1.5,1,12164,4551,4044,0.12,1808,337
259,0,103630,1883,30480,3.4,2,20166,8187,5683,0.05,564,116
259,1,20995,851,33573,3.6,2,22122,8684,6145,0.135,1403,241
259,2,22215,791,24145,3.3,2,16614,7763,5617,0.094,740,193
259,3,41910,1255,27622,3.5,2,19337,7319,5092,0.079,539,156
259,4,18510,788,41456,2.9,2,26481,10194,7006,0.101,2182,399
